solid FrontWing
   facet normal -0.000000e+00 -9.725277e-01 -2.327872e-01
      outer loop
         vertex 2.850000e-01 9.076482e-02 6.855000e-01
         vertex 2.800000e-01 9.076482e-02 6.855000e-01
         vertex 2.800000e-01 9.095579e-02 6.847022e-01
      endloop
   endfacet
   facet normal 0.000000e+00 -9.725277e-01 -2.327872e-01
      outer loop
         vertex 2.850000e-01 9.076482e-02 6.855000e-01
         vertex 2.800000e-01 9.095579e-02 6.847022e-01
         vertex 2.850000e-01 9.095579e-02 6.847022e-01
      endloop
   endfacet
   facet normal -0.000000e+00 -9.605745e-01 -2.780228e-01
      outer loop
         vertex 2.850000e-01 9.095579e-02 6.847022e-01
         vertex 2.800000e-01 9.095579e-02 6.847022e-01
         vertex 2.800000e-01 9.138654e-02 6.832139e-01
      endloop
   endfacet
   facet normal 0.000000e+00 -9.605745e-01 -2.780228e-01
      outer loop
         vertex 2.850000e-01 9.095579e-02 6.847022e-01
         vertex 2.800000e-01 9.138654e-02 6.832139e-01
         vertex 2.850000e-01 9.138654e-02 6.832139e-01
      endloop
   endfacet
   facet normal -0.000000e+00 -9.666163e-01 -2.562281e-01
      outer loop
         vertex 2.850000e-01 9.138654e-02 6.832139e-01
         vertex 2.800000e-01 9.138654e-02 6.832139e-01
         vertex 2.800000e-01 9.143658e-02 6.830252e-01
      endloop
   endfacet
   facet normal 0.000000e+00 -9.666163e-01 -2.562281e-01
      outer loop
         vertex 2.850000e-01 9.138654e-02 6.832139e-01
         vertex 2.800000e-01 9.143658e-02 6.830252e-01
         vertex 2.850000e-01 9.143658e-02 6.830252e-01
      endloop
   endfacet
   facet normal -0.000000e+00 -9.915043e-01 -1.300736e-01
      outer loop
         vertex 2.850000e-01 9.143658e-02 6.830252e-01
         vertex 2.800000e-01 9.143658e-02 6.830252e-01
         vertex 2.800000e-01 9.143895e-02 6.830071e-01
      endloop
   endfacet
   facet normal 0.000000e+00 -9.915043e-01 -1.300736e-01
      outer loop
         vertex 2.850000e-01 9.143658e-02 6.830252e-01
         vertex 2.800000e-01 9.143895e-02 6.830071e-01
         vertex 2.850000e-01 9.143895e-02 6.830071e-01
      endloop
   endfacet
   facet normal 0.000000e+00 -9.974874e-01 7.084427e-02
      outer loop
         vertex 2.850000e-01 9.143895e-02 6.830071e-01
         vertex 2.800000e-01 9.143895e-02 6.830071e-01
         vertex 2.800000e-01 9.143858e-02 6.830019e-01
      endloop
   endfacet
   facet normal 0.000000e+00 -9.974874e-01 7.084427e-02
      outer loop
         vertex 2.850000e-01 9.143895e-02 6.830071e-01
         vertex 2.800000e-01 9.143858e-02 6.830019e-01
         vertex 2.850000e-01 9.143858e-02 6.830019e-01
      endloop
   endfacet
   facet normal 0.000000e+00 -7.953581e-01 6.061398e-01
      outer loop
         vertex 2.850000e-01 9.143858e-02 6.830019e-01
         vertex 2.800000e-01 9.143858e-02 6.830019e-01
         vertex 2.800000e-01 9.143717e-02 6.830000e-01
      endloop
   endfacet
   facet normal 0.000000e+00 -7.953581e-01 6.061398e-01
      outer loop
         vertex 2.850000e-01 9.143858e-02 6.830019e-01
         vertex 2.800000e-01 9.143717e-02 6.830000e-01
         vertex 2.850000e-01 9.143717e-02 6.830000e-01
      endloop
   endfacet
   facet normal 1.000000e+00 0.000000e+00 0.000000e+00
      outer loop
         vertex 2.850000e-01 2.604567e-01 4.316609e-01
         vertex 2.850000e-01 2.535874e-01 4.413990e-01
         vertex 2.850000e-01 2.439154e-01 4.311638e-01
      endloop
   endfacet
   facet normal 1.000000e+00 0.000000e+00 0.000000e+00
      outer loop
         vertex 2.850000e-01 2.439154e-01 4.311638e-01
         vertex 2.850000e-01 2.535874e-01 4.413990e-01
         vertex 2.850000e-01 2.520963e-01 4.440472e-01
      endloop
   endfacet
   facet normal 1.000000e+00 0.000000e+00 0.000000e+00
      outer loop
         vertex 2.850000e-01 2.439154e-01 4.311638e-01
         vertex 2.850000e-01 2.520963e-01 4.440472e-01
         vertex 2.850000e-01 2.481130e-01 4.530455e-01
      endloop
   endfacet
   facet normal 1.000000e+00 0.000000e+00 -0.000000e+00
      outer loop
         vertex 2.850000e-01 2.488099e-01 4.713222e-01
         vertex 2.850000e-01 2.489029e-01 4.713323e-01
         vertex 2.850000e-01 1.231636e-01 7.443405e-01
      endloop
   endfacet
   facet normal 1.000000e+00 0.000000e+00 -0.000000e+00
      outer loop
         vertex 2.850000e-01 3.144615e-01 3.906757e-01
         vertex 2.850000e-01 3.160768e-01 3.911769e-01
         vertex 2.850000e-01 3.102411e-01 3.958311e-01
      endloop
   endfacet
   facet normal 1.000000e+00 0.000000e+00 0.000000e+00
      outer loop
         vertex 2.850000e-01 3.102411e-01 3.958311e-01
         vertex 2.850000e-01 3.160768e-01 3.911769e-01
         vertex 2.850000e-01 3.175845e-01 3.919431e-01
      endloop
   endfacet
   facet normal 1.000000e+00 0.000000e+00 0.000000e+00
      outer loop
         vertex 2.850000e-01 3.102411e-01 3.958311e-01
         vertex 2.850000e-01 3.175845e-01 3.919431e-01
         vertex 2.850000e-01 3.189414e-01 3.929524e-01
      endloop
   endfacet
   facet normal 1.000000e+00 0.000000e+00 0.000000e+00
      outer loop
         vertex 2.850000e-01 1.826890e-01 5.074751e-01
         vertex 2.850000e-01 1.646721e-01 5.112731e-01
         vertex 2.850000e-01 1.906980e-01 4.955379e-01
      endloop
   endfacet
   facet normal 1.000000e+00 0.000000e+00 0.000000e+00
      outer loop
         vertex 2.850000e-01 1.906980e-01 4.955379e-01
         vertex 2.850000e-01 1.646721e-01 5.112731e-01
         vertex 2.850000e-01 1.885278e-01 4.821173e-01
      endloop
   endfacet
   facet normal 1.000000e+00 0.000000e+00 0.000000e+00
      outer loop
         vertex 2.850000e-01 1.906980e-01 4.955379e-01
         vertex 2.850000e-01 1.885278e-01 4.821173e-01
         vertex 2.850000e-01 2.036072e-01 4.808288e-01
      endloop
   endfacet
   facet normal 1.000000e+00 -0.000000e+00 0.000000e+00
      outer loop
         vertex 2.850000e-01 3.078671e-01 3.914872e-01
         vertex 2.850000e-01 3.094399e-01 3.908655e-01
         vertex 2.850000e-01 3.096991e-01 3.953764e-01
      endloop
   endfacet
   facet normal 1.000000e+00 0.000000e+00 0.000000e+00
      outer loop
         vertex 2.850000e-01 3.096991e-01 3.953764e-01
         vertex 2.850000e-01 3.094399e-01 3.908655e-01
         vertex 2.850000e-01 3.110949e-01 3.905177e-01
      endloop
   endfacet
   facet normal 1.000000e+00 -0.000000e+00 0.000000e+00
      outer loop
         vertex 2.850000e-01 3.096991e-01 3.953764e-01
         vertex 2.850000e-01 3.110949e-01 3.905177e-01
         vertex 2.850000e-01 3.102411e-01 3.958311e-01
      endloop
   endfacet
   facet normal 1.000000e+00 0.000000e+00 0.000000e+00
      outer loop
         vertex 2.850000e-01 3.102411e-01 3.958311e-01
         vertex 2.850000e-01 3.110949e-01 3.905177e-01
         vertex 2.850000e-01 3.127849e-01 3.904538e-01
      endloop
   endfacet
   facet normal 1.000000e+00 0.000000e+00 0.000000e+00
      outer loop
         vertex 2.850000e-01 3.102411e-01 3.958311e-01
         vertex 2.850000e-01 3.127849e-01 3.904538e-01
         vertex 2.850000e-01 3.144615e-01 3.906757e-01
      endloop
   endfacet
   facet normal 1.000000e+00 -0.000000e+00 -0.000000e+00
      outer loop
         vertex 2.850000e-01 1.124297e-01 6.931437e-01
         vertex 2.850000e-01 1.125738e-01 6.931028e-01
         vertex 2.850000e-01 1.030598e-01 7.852471e-01
      endloop
   endfacet
   facet normal 1.000000e+00 -0.000000e+00 -0.000000e+00
      outer loop
         vertex 2.850000e-01 1.771897e-01 5.567724e-01
         vertex 2.850000e-01 1.773017e-01 5.567649e-01
         vertex 2.850000e-01 1.119426e-01 7.642193e-01
      endloop
   endfacet
   facet normal 1.000000e+00 0.000000e+00 0.000000e+00
      outer loop
         vertex 2.850000e-01 3.096991e-01 3.953764e-01
         vertex 2.850000e-01 3.071294e-01 3.964325e-01
         vertex 2.850000e-01 3.078671e-01 3.914872e-01
      endloop
   endfacet
   facet normal 1.000000e+00 0.000000e+00 0.000000e+00
      outer loop
         vertex 2.850000e-01 3.078671e-01 3.914872e-01
         vertex 2.850000e-01 3.071294e-01 3.964325e-01
         vertex 2.850000e-01 2.978636e-01 4.017059e-01
      endloop
   endfacet
   facet normal 1.000000e+00 0.000000e+00 0.000000e+00
      outer loop
         vertex 2.850000e-01 3.078671e-01 3.914872e-01
         vertex 2.850000e-01 2.978636e-01 4.017059e-01
         vertex 2.850000e-01 2.749560e-01 4.098181e-01
      endloop
   endfacet
   facet normal 1.000000e+00 -0.000000e+00 0.000000e+00
      outer loop
         vertex 2.850000e-01 2.749560e-01 4.098181e-01
         vertex 2.850000e-01 2.978636e-01 4.017059e-01
         vertex 2.850000e-01 2.828547e-01 4.118214e-01
      endloop
   endfacet
   facet normal 1.000000e+00 0.000000e+00 -0.000000e+00
      outer loop
         vertex 2.850000e-01 2.749560e-01 4.098181e-01
         vertex 2.850000e-01 2.828547e-01 4.118214e-01
         vertex 2.850000e-01 2.439154e-01 4.311638e-01
      endloop
   endfacet
   facet normal 1.000000e+00 0.000000e+00 0.000000e+00
      outer loop
         vertex 2.850000e-01 2.439154e-01 4.311638e-01
         vertex 2.850000e-01 2.828547e-01 4.118214e-01
         vertex 2.850000e-01 2.687568e-01 4.230234e-01
      endloop
   endfacet
   facet normal 1.000000e+00 -0.000000e+00 0.000000e+00
      outer loop
         vertex 2.850000e-01 2.439154e-01 4.311638e-01
         vertex 2.850000e-01 2.687568e-01 4.230234e-01
         vertex 2.850000e-01 2.604567e-01 4.316609e-01
      endloop
   endfacet
   facet normal 1.000000e+00 0.000000e+00 0.000000e+00
      outer loop
         vertex 2.850000e-01 9.946253e-02 6.461930e-01
         vertex 2.850000e-01 1.109149e-01 6.103043e-01
         vertex 2.850000e-01 1.059124e-01 6.273996e-01
      endloop
   endfacet
   facet normal 1.000000e+00 0.000000e+00 0.000000e+00
      outer loop
         vertex 2.850000e-01 1.124297e-01 6.931437e-01
         vertex 2.850000e-01 1.030598e-01 7.852471e-01
         vertex 2.850000e-01 1.122060e-01 6.931727e-01
      endloop
   endfacet
   facet normal 1.000000e+00 0.000000e+00 0.000000e+00
      outer loop
         vertex 2.850000e-01 9.143858e-02 6.830019e-01
         vertex 2.850000e-01 9.143717e-02 6.830000e-01
         vertex 2.850000e-01 1.017375e-01 6.769207e-01
      endloop
   endfacet
   facet normal 1.000000e+00 0.000000e+00 0.000000e+00
      outer loop
         vertex 2.850000e-01 8.281558e-02 7.954550e-01
         vertex 2.850000e-01 1.112515e-01 6.930628e-01
         vertex 2.850000e-01 1.118111e-01 6.931664e-01
      endloop
   endfacet
   facet normal 1.000000e+00 0.000000e+00 0.000000e+00
      outer loop
         vertex 2.850000e-01 1.004413e-01 6.664479e-01
         vertex 2.850000e-01 9.143717e-02 6.830000e-01
         vertex 2.850000e-01 1.008845e-01 6.514039e-01
      endloop
   endfacet
   facet normal 1.000000e+00 0.000000e+00 0.000000e+00
      outer loop
         vertex 2.850000e-01 1.008845e-01 6.514039e-01
         vertex 2.850000e-01 9.143717e-02 6.830000e-01
         vertex 2.850000e-01 1.019124e-01 6.438270e-01
      endloop
   endfacet
   facet normal 1.000000e+00 0.000000e+00 0.000000e+00
      outer loop
         vertex 2.850000e-01 9.143717e-02 6.830000e-01
         vertex 2.850000e-01 9.946253e-02 6.461930e-01
         vertex 2.850000e-01 1.059124e-01 6.273996e-01
      endloop
   endfacet
   facet normal 1.000000e+00 0.000000e+00 0.000000e+00
      outer loop
         vertex 2.850000e-01 9.143717e-02 6.830000e-01
         vertex 2.850000e-01 1.059124e-01 6.273996e-01
         vertex 2.850000e-01 1.019124e-01 6.438270e-01
      endloop
   endfacet
   facet normal 1.000000e+00 0.000000e+00 -0.000000e+00
      outer loop
         vertex 2.850000e-01 2.481460e-01 4.709995e-01
         vertex 2.850000e-01 2.484461e-01 4.711905e-01
         vertex 2.850000e-01 1.119426e-01 7.642193e-01
      endloop
   endfacet
   facet normal 1.000000e+00 0.000000e+00 0.000000e+00
      outer loop
         vertex 2.850000e-01 1.119426e-01 7.642193e-01
         vertex 2.850000e-01 2.484461e-01 4.711905e-01
         vertex 2.850000e-01 1.231636e-01 7.443405e-01
      endloop
   endfacet
   facet normal 1.000000e+00 0.000000e+00 0.000000e+00
      outer loop
         vertex 2.850000e-01 1.231636e-01 7.443405e-01
         vertex 2.850000e-01 2.484461e-01 4.711905e-01
         vertex 2.850000e-01 2.486735e-01 4.712866e-01
      endloop
   endfacet
   facet normal 1.000000e+00 0.000000e+00 0.000000e+00
      outer loop
         vertex 2.850000e-01 1.231636e-01 7.443405e-01
         vertex 2.850000e-01 2.486735e-01 4.712866e-01
         vertex 2.850000e-01 2.488099e-01 4.713222e-01
      endloop
   endfacet
   facet normal 1.000000e+00 0.000000e+00 0.000000e+00
      outer loop
         vertex 2.850000e-01 3.064530e-01 4.590040e-01
         vertex 2.850000e-01 2.531552e-01 4.673219e-01
         vertex 2.850000e-01 2.558084e-01 4.630009e-01
      endloop
   endfacet
   facet normal 1.000000e+00 0.000000e+00 0.000000e+00
      outer loop
         vertex 2.850000e-01 2.036072e-01 4.808288e-01
         vertex 2.850000e-01 1.885278e-01 4.821173e-01
         vertex 2.850000e-01 2.217208e-01 4.633205e-01
      endloop
   endfacet
   facet normal 1.000000e+00 0.000000e+00 0.000000e+00
      outer loop
         vertex 2.850000e-01 2.217208e-01 4.633205e-01
         vertex 2.850000e-01 1.885278e-01 4.821173e-01
         vertex 2.850000e-01 2.150206e-01 4.553350e-01
      endloop
   endfacet
   facet normal 1.000000e+00 0.000000e+00 0.000000e+00
      outer loop
         vertex 2.850000e-01 2.217208e-01 4.633205e-01
         vertex 2.850000e-01 2.150206e-01 4.553350e-01
         vertex 2.850000e-01 2.289929e-01 4.572057e-01
      endloop
   endfacet
   facet normal 1.000000e+00 0.000000e+00 0.000000e+00
      outer loop
         vertex 2.850000e-01 1.112515e-01 6.930628e-01
         vertex 2.850000e-01 8.281558e-02 7.954550e-01
         vertex 2.850000e-01 1.105713e-01 6.928191e-01
      endloop
   endfacet
   facet normal 1.000000e+00 0.000000e+00 0.000000e+00
      outer loop
         vertex 2.850000e-01 1.105713e-01 6.928191e-01
         vertex 2.850000e-01 8.281558e-02 7.954550e-01
         vertex 2.850000e-01 8.217081e-02 7.625010e-01
      endloop
   endfacet
   facet normal 1.000000e+00 0.000000e+00 0.000000e+00
      outer loop
         vertex 2.850000e-01 1.105713e-01 6.928191e-01
         vertex 2.850000e-01 8.217081e-02 7.625010e-01
         vertex 2.850000e-01 1.096492e-01 6.923100e-01
      endloop
   endfacet
   facet normal 1.000000e+00 0.000000e+00 0.000000e+00
      outer loop
         vertex 2.850000e-01 1.096492e-01 6.923100e-01
         vertex 2.850000e-01 8.217081e-02 7.625010e-01
         vertex 2.850000e-01 8.396825e-02 7.303763e-01
      endloop
   endfacet
   facet normal 1.000000e+00 0.000000e+00 0.000000e+00
      outer loop
         vertex 2.850000e-01 1.096492e-01 6.923100e-01
         vertex 2.850000e-01 8.396825e-02 7.303763e-01
         vertex 2.850000e-01 1.085029e-01 6.914172e-01
      endloop
   endfacet
   facet normal 1.000000e+00 0.000000e+00 0.000000e+00
      outer loop
         vertex 2.850000e-01 9.143717e-02 8.524331e-01
         vertex 2.850000e-01 9.042114e-02 8.477299e-01
         vertex 2.850000e-01 9.273986e-02 8.296432e-01
      endloop
   endfacet
   facet normal 1.000000e+00 0.000000e+00 0.000000e+00
      outer loop
         vertex 2.850000e-01 9.273986e-02 8.296432e-01
         vertex 2.850000e-01 9.042114e-02 8.477299e-01
         vertex 2.850000e-01 8.548357e-02 8.211225e-01
      endloop
   endfacet
   facet normal 1.000000e+00 0.000000e+00 0.000000e+00
      outer loop
         vertex 2.850000e-01 9.273986e-02 8.296432e-01
         vertex 2.850000e-01 8.548357e-02 8.211225e-01
         vertex 2.850000e-01 9.663095e-02 8.071502e-01
      endloop
   endfacet
   facet normal 1.000000e+00 0.000000e+00 0.000000e+00
      outer loop
         vertex 2.850000e-01 9.663095e-02 8.071502e-01
         vertex 2.850000e-01 8.548357e-02 8.211225e-01
         vertex 2.850000e-01 8.281558e-02 7.954550e-01
      endloop
   endfacet
   facet normal 1.000000e+00 0.000000e+00 0.000000e+00
      outer loop
         vertex 2.850000e-01 9.663095e-02 8.071502e-01
         vertex 2.850000e-01 8.281558e-02 7.954550e-01
         vertex 2.850000e-01 1.030598e-01 7.852471e-01
      endloop
   endfacet
   facet normal 1.000000e+00 0.000000e+00 0.000000e+00
      outer loop
         vertex 2.850000e-01 1.030598e-01 7.852471e-01
         vertex 2.850000e-01 8.281558e-02 7.954550e-01
         vertex 2.850000e-01 1.118111e-01 6.931664e-01
      endloop
   endfacet
   facet normal 1.000000e+00 0.000000e+00 0.000000e+00
      outer loop
         vertex 2.850000e-01 1.030598e-01 7.852471e-01
         vertex 2.850000e-01 1.118111e-01 6.931664e-01
         vertex 2.850000e-01 1.122060e-01 6.931727e-01
      endloop
   endfacet
   facet normal 1.000000e+00 0.000000e+00 0.000000e+00
      outer loop
         vertex 2.850000e-01 1.017375e-01 6.769207e-01
         vertex 2.850000e-01 9.143717e-02 6.830000e-01
         vertex 2.850000e-01 1.004413e-01 6.664479e-01
      endloop
   endfacet
   facet normal 1.000000e+00 0.000000e+00 0.000000e+00
      outer loop
         vertex 2.850000e-01 1.256927e-01 5.756521e-01
         vertex 2.850000e-01 1.158496e-01 6.040567e-01
         vertex 2.850000e-01 1.109149e-01 6.103043e-01
      endloop
   endfacet
   facet normal 1.000000e+00 -0.000000e+00 0.000000e+00
      outer loop
         vertex 2.850000e-01 1.109149e-01 6.103043e-01
         vertex 2.850000e-01 1.158496e-01 6.040567e-01
         vertex 2.850000e-01 1.121922e-01 6.113867e-01
      endloop
   endfacet
   facet normal 1.000000e+00 0.000000e+00 -0.000000e+00
      outer loop
         vertex 2.850000e-01 1.109149e-01 6.103043e-01
         vertex 2.850000e-01 1.121922e-01 6.113867e-01
         vertex 2.850000e-01 1.059124e-01 6.273996e-01
      endloop
   endfacet
   facet normal 1.000000e+00 0.000000e+00 0.000000e+00
      outer loop
         vertex 2.850000e-01 1.030598e-01 7.852471e-01
         vertex 2.850000e-01 1.767323e-01 5.566926e-01
         vertex 2.850000e-01 1.119426e-01 7.642193e-01
      endloop
   endfacet
   facet normal 1.000000e+00 0.000000e+00 0.000000e+00
      outer loop
         vertex 2.850000e-01 1.119426e-01 7.642193e-01
         vertex 2.850000e-01 1.767323e-01 5.566926e-01
         vertex 2.850000e-01 1.770210e-01 5.567588e-01
      endloop
   endfacet
   facet normal 1.000000e+00 0.000000e+00 0.000000e+00
      outer loop
         vertex 2.850000e-01 1.119426e-01 7.642193e-01
         vertex 2.850000e-01 1.770210e-01 5.567588e-01
         vertex 2.850000e-01 1.771897e-01 5.567724e-01
      endloop
   endfacet
   facet normal 1.000000e+00 0.000000e+00 0.000000e+00
      outer loop
         vertex 2.850000e-01 2.496620e-01 4.710706e-01
         vertex 2.850000e-01 2.502512e-01 4.706728e-01
         vertex 2.850000e-01 3.064530e-01 4.590040e-01
      endloop
   endfacet
   facet normal 1.000000e+00 0.000000e+00 0.000000e+00
      outer loop
         vertex 2.850000e-01 3.064530e-01 4.590040e-01
         vertex 2.850000e-01 2.502512e-01 4.706728e-01
         vertex 2.850000e-01 2.510093e-01 4.699880e-01
      endloop
   endfacet
   facet normal 1.000000e+00 0.000000e+00 0.000000e+00
      outer loop
         vertex 2.850000e-01 3.064530e-01 4.590040e-01
         vertex 2.850000e-01 2.510093e-01 4.699880e-01
         vertex 2.850000e-01 2.531552e-01 4.673219e-01
      endloop
   endfacet
   facet normal 1.000000e+00 0.000000e+00 0.000000e+00
      outer loop
         vertex 2.850000e-01 1.646721e-01 5.112731e-01
         vertex 2.850000e-01 1.584939e-01 5.428138e-01
         vertex 2.850000e-01 1.436649e-01 5.425438e-01
      endloop
   endfacet
   facet normal 1.000000e+00 0.000000e+00 0.000000e+00
      outer loop
         vertex 2.850000e-01 1.436649e-01 5.425438e-01
         vertex 2.850000e-01 1.584939e-01 5.428138e-01
         vertex 2.850000e-01 1.546809e-01 5.464482e-01
      endloop
   endfacet
   facet normal 1.000000e+00 0.000000e+00 0.000000e+00
      outer loop
         vertex 2.850000e-01 1.030598e-01 7.852471e-01
         vertex 2.850000e-01 1.148928e-01 6.898461e-01
         vertex 2.850000e-01 1.165024e-01 6.844975e-01
      endloop
   endfacet
   facet normal 1.000000e+00 -0.000000e+00 -0.000000e+00
      outer loop
         vertex 2.850000e-01 2.489029e-01 4.713323e-01
         vertex 2.850000e-01 2.489898e-01 4.713273e-01
         vertex 2.850000e-01 1.231636e-01 7.443405e-01
      endloop
   endfacet
   facet normal 1.000000e+00 0.000000e+00 0.000000e+00
      outer loop
         vertex 2.850000e-01 1.231636e-01 7.443405e-01
         vertex 2.850000e-01 2.489898e-01 4.713273e-01
         vertex 2.850000e-01 2.491780e-01 4.712873e-01
      endloop
   endfacet
   facet normal 1.000000e+00 0.000000e+00 0.000000e+00
      outer loop
         vertex 2.850000e-01 1.231636e-01 7.443405e-01
         vertex 2.850000e-01 2.491780e-01 4.712873e-01
         vertex 2.850000e-01 3.064530e-01 4.590040e-01
      endloop
   endfacet
   facet normal 1.000000e+00 0.000000e+00 0.000000e+00
      outer loop
         vertex 2.850000e-01 3.064530e-01 4.590040e-01
         vertex 2.850000e-01 2.491780e-01 4.712873e-01
         vertex 2.850000e-01 2.493967e-01 4.712047e-01
      endloop
   endfacet
   facet normal 1.000000e+00 0.000000e+00 0.000000e+00
      outer loop
         vertex 2.850000e-01 3.064530e-01 4.590040e-01
         vertex 2.850000e-01 2.493967e-01 4.712047e-01
         vertex 2.850000e-01 2.496620e-01 4.710706e-01
      endloop
   endfacet
   facet normal 1.000000e+00 0.000000e+00 0.000000e+00
      outer loop
         vertex 2.850000e-01 1.030598e-01 7.852471e-01
         vertex 2.850000e-01 1.165024e-01 6.844975e-01
         vertex 2.850000e-01 1.767323e-01 5.566926e-01
      endloop
   endfacet
   facet normal 1.000000e+00 0.000000e+00 0.000000e+00
      outer loop
         vertex 2.850000e-01 1.767323e-01 5.566926e-01
         vertex 2.850000e-01 1.165024e-01 6.844975e-01
         vertex 2.850000e-01 1.178478e-01 6.764227e-01
      endloop
   endfacet
   facet normal 1.000000e+00 0.000000e+00 0.000000e+00
      outer loop
         vertex 2.850000e-01 1.767323e-01 5.566926e-01
         vertex 2.850000e-01 1.178478e-01 6.764227e-01
         vertex 2.850000e-01 1.763379e-01 5.565294e-01
      endloop
   endfacet
   facet normal 1.000000e+00 0.000000e+00 0.000000e+00
      outer loop
         vertex 2.850000e-01 1.763379e-01 5.565294e-01
         vertex 2.850000e-01 1.178478e-01 6.764227e-01
         vertex 2.850000e-01 1.212642e-01 6.477966e-01
      endloop
   endfacet
   facet normal 1.000000e+00 0.000000e+00 0.000000e+00
      outer loop
         vertex 2.850000e-01 1.763379e-01 5.565294e-01
         vertex 2.850000e-01 1.212642e-01 6.477966e-01
         vertex 2.850000e-01 1.758770e-01 5.562446e-01
      endloop
   endfacet
   facet normal 1.000000e+00 0.000000e+00 0.000000e+00
      outer loop
         vertex 2.850000e-01 1.758770e-01 5.562446e-01
         vertex 2.850000e-01 1.212642e-01 6.477966e-01
         vertex 2.850000e-01 1.258872e-01 6.251696e-01
      endloop
   endfacet
   facet normal 1.000000e+00 0.000000e+00 0.000000e+00
      outer loop
         vertex 2.850000e-01 1.758770e-01 5.562446e-01
         vertex 2.850000e-01 1.258872e-01 6.251696e-01
         vertex 2.850000e-01 1.752798e-01 5.557272e-01
      endloop
   endfacet
   facet normal 1.000000e+00 0.000000e+00 0.000000e+00
      outer loop
         vertex 2.850000e-01 1.752798e-01 5.557272e-01
         vertex 2.850000e-01 1.258872e-01 6.251696e-01
         vertex 2.850000e-01 1.341961e-01 5.978187e-01
      endloop
   endfacet
   facet normal 1.000000e+00 0.000000e+00 0.000000e+00
      outer loop
         vertex 2.850000e-01 1.752798e-01 5.557272e-01
         vertex 2.850000e-01 1.341961e-01 5.978187e-01
         vertex 2.850000e-01 1.745782e-01 5.548935e-01
      endloop
   endfacet
   facet normal 1.000000e+00 0.000000e+00 0.000000e+00
      outer loop
         vertex 2.850000e-01 1.745782e-01 5.548935e-01
         vertex 2.850000e-01 1.341961e-01 5.978187e-01
         vertex 2.850000e-01 1.442271e-01 5.724336e-01
      endloop
   endfacet
   facet normal 1.000000e+00 0.000000e+00 0.000000e+00
      outer loop
         vertex 2.850000e-01 1.745782e-01 5.548935e-01
         vertex 2.850000e-01 1.442271e-01 5.724336e-01
         vertex 2.850000e-01 1.737950e-01 5.535886e-01
      endloop
   endfacet
   facet normal 1.000000e+00 -0.000000e+00 -0.000000e+00
      outer loop
         vertex 2.850000e-01 1.125738e-01 6.931028e-01
         vertex 2.850000e-01 1.126996e-01 6.930434e-01
         vertex 2.850000e-01 1.030598e-01 7.852471e-01
      endloop
   endfacet
   facet normal 1.000000e+00 0.000000e+00 0.000000e+00
      outer loop
         vertex 2.850000e-01 1.030598e-01 7.852471e-01
         vertex 2.850000e-01 1.126996e-01 6.930434e-01
         vertex 2.850000e-01 1.129549e-01 6.928713e-01
      endloop
   endfacet
   facet normal 1.000000e+00 0.000000e+00 0.000000e+00
      outer loop
         vertex 2.850000e-01 1.030598e-01 7.852471e-01
         vertex 2.850000e-01 1.129549e-01 6.928713e-01
         vertex 2.850000e-01 1.132298e-01 6.926177e-01
      endloop
   endfacet
   facet normal 1.000000e+00 -0.000000e+00 -0.000000e+00
      outer loop
         vertex 2.850000e-01 1.132298e-01 6.926177e-01
         vertex 2.850000e-01 1.135430e-01 6.922597e-01
         vertex 2.850000e-01 1.030598e-01 7.852471e-01
      endloop
   endfacet
   facet normal 1.000000e+00 0.000000e+00 0.000000e+00
      outer loop
         vertex 2.850000e-01 1.030598e-01 7.852471e-01
         vertex 2.850000e-01 1.135430e-01 6.922597e-01
         vertex 2.850000e-01 1.141787e-01 6.913164e-01
      endloop
   endfacet
   facet normal 1.000000e+00 0.000000e+00 0.000000e+00
      outer loop
         vertex 2.850000e-01 1.030598e-01 7.852471e-01
         vertex 2.850000e-01 1.141787e-01 6.913164e-01
         vertex 2.850000e-01 1.148928e-01 6.898461e-01
      endloop
   endfacet
   facet normal 1.000000e+00 0.000000e+00 -0.000000e+00
      outer loop
         vertex 2.850000e-01 2.461052e-01 4.664149e-01
         vertex 2.850000e-01 2.464847e-01 4.682181e-01
         vertex 2.850000e-01 2.143965e-01 4.802448e-01
      endloop
   endfacet
   facet normal 1.000000e+00 0.000000e+00 0.000000e+00
      outer loop
         vertex 2.850000e-01 2.143965e-01 4.802448e-01
         vertex 2.850000e-01 2.464847e-01 4.682181e-01
         vertex 2.850000e-01 2.469386e-01 4.694023e-01
      endloop
   endfacet
   facet normal 1.000000e+00 -0.000000e+00 -0.000000e+00
      outer loop
         vertex 2.850000e-01 2.143965e-01 4.802448e-01
         vertex 2.850000e-01 2.469386e-01 4.694023e-01
         vertex 2.850000e-01 2.021044e-01 5.005029e-01
      endloop
   endfacet
   facet normal 1.000000e+00 0.000000e+00 0.000000e+00
      outer loop
         vertex 2.850000e-01 2.021044e-01 5.005029e-01
         vertex 2.850000e-01 2.469386e-01 4.694023e-01
         vertex 2.850000e-01 2.473938e-01 4.701881e-01
      endloop
   endfacet
   facet normal 1.000000e+00 -0.000000e+00 -0.000000e+00
      outer loop
         vertex 2.850000e-01 2.021044e-01 5.005029e-01
         vertex 2.850000e-01 2.473938e-01 4.701881e-01
         vertex 2.850000e-01 1.932352e-01 5.186548e-01
      endloop
   endfacet
   facet normal 1.000000e+00 0.000000e+00 0.000000e+00
      outer loop
         vertex 2.850000e-01 1.932352e-01 5.186548e-01
         vertex 2.850000e-01 2.473938e-01 4.701881e-01
         vertex 2.850000e-01 2.478090e-01 4.706990e-01
      endloop
   endfacet
   facet normal 1.000000e+00 -0.000000e+00 -0.000000e+00
      outer loop
         vertex 2.850000e-01 1.932352e-01 5.186548e-01
         vertex 2.850000e-01 2.478090e-01 4.706990e-01
         vertex 2.850000e-01 1.857246e-01 5.394378e-01
      endloop
   endfacet
   facet normal 1.000000e+00 -0.000000e+00 -0.000000e+00
      outer loop
         vertex 2.850000e-01 1.857246e-01 5.394378e-01
         vertex 2.850000e-01 2.478090e-01 4.706990e-01
         vertex 2.850000e-01 1.828216e-01 5.479505e-01
      endloop
   endfacet
   facet normal 1.000000e+00 -0.000000e+00 -0.000000e+00
      outer loop
         vertex 2.850000e-01 1.773017e-01 5.567649e-01
         vertex 2.850000e-01 1.774033e-01 5.567409e-01
         vertex 2.850000e-01 1.119426e-01 7.642193e-01
      endloop
   endfacet
   facet normal 1.000000e+00 0.000000e+00 0.000000e+00
      outer loop
         vertex 2.850000e-01 1.119426e-01 7.642193e-01
         vertex 2.850000e-01 1.774033e-01 5.567409e-01
         vertex 2.850000e-01 1.776087e-01 5.566588e-01
      endloop
   endfacet
   facet normal 1.000000e+00 0.000000e+00 0.000000e+00
      outer loop
         vertex 2.850000e-01 1.119426e-01 7.642193e-01
         vertex 2.850000e-01 1.776087e-01 5.566588e-01
         vertex 2.850000e-01 1.778478e-01 5.565184e-01
      endloop
   endfacet
   facet normal 1.000000e+00 -0.000000e+00 -0.000000e+00
      outer loop
         vertex 2.850000e-01 1.778478e-01 5.565184e-01
         vertex 2.850000e-01 1.781317e-01 5.563079e-01
         vertex 2.850000e-01 1.119426e-01 7.642193e-01
      endloop
   endfacet
   facet normal 1.000000e+00 0.000000e+00 0.000000e+00
      outer loop
         vertex 2.850000e-01 1.119426e-01 7.642193e-01
         vertex 2.850000e-01 1.781317e-01 5.563079e-01
         vertex 2.850000e-01 1.787334e-01 5.557314e-01
      endloop
   endfacet
   facet normal 1.000000e+00 0.000000e+00 0.000000e+00
      outer loop
         vertex 2.850000e-01 1.119426e-01 7.642193e-01
         vertex 2.850000e-01 1.787334e-01 5.557314e-01
         vertex 2.850000e-01 2.481460e-01 4.709995e-01
      endloop
   endfacet
   facet normal 1.000000e+00 0.000000e+00 0.000000e+00
      outer loop
         vertex 2.850000e-01 2.481460e-01 4.709995e-01
         vertex 2.850000e-01 1.787334e-01 5.557314e-01
         vertex 2.850000e-01 1.794827e-01 5.547780e-01
      endloop
   endfacet
   facet normal 1.000000e+00 0.000000e+00 0.000000e+00
      outer loop
         vertex 2.850000e-01 2.481460e-01 4.709995e-01
         vertex 2.850000e-01 1.794827e-01 5.547780e-01
         vertex 2.850000e-01 2.478090e-01 4.706990e-01
      endloop
   endfacet
   facet normal 1.000000e+00 0.000000e+00 0.000000e+00
      outer loop
         vertex 2.850000e-01 2.478090e-01 4.706990e-01
         vertex 2.850000e-01 1.794827e-01 5.547780e-01
         vertex 2.850000e-01 1.807845e-01 5.525877e-01
      endloop
   endfacet
   facet normal 1.000000e+00 0.000000e+00 0.000000e+00
      outer loop
         vertex 2.850000e-01 2.478090e-01 4.706990e-01
         vertex 2.850000e-01 1.807845e-01 5.525877e-01
         vertex 2.850000e-01 1.828216e-01 5.479505e-01
      endloop
   endfacet
   facet normal 1.000000e+00 0.000000e+00 0.000000e+00
      outer loop
         vertex 2.850000e-01 1.546809e-01 5.464482e-01
         vertex 2.850000e-01 1.525058e-01 5.487958e-01
         vertex 2.850000e-01 1.436649e-01 5.425438e-01
      endloop
   endfacet
   facet normal 1.000000e+00 0.000000e+00 0.000000e+00
      outer loop
         vertex 2.850000e-01 1.436649e-01 5.425438e-01
         vertex 2.850000e-01 1.525058e-01 5.487958e-01
         vertex 2.850000e-01 1.445662e-01 5.589664e-01
      endloop
   endfacet
   facet normal 1.000000e+00 0.000000e+00 -0.000000e+00
      outer loop
         vertex 2.850000e-01 1.436649e-01 5.425438e-01
         vertex 2.850000e-01 1.445662e-01 5.589664e-01
         vertex 2.850000e-01 1.256927e-01 5.756521e-01
      endloop
   endfacet
   facet normal 1.000000e+00 -0.000000e+00 0.000000e+00
      outer loop
         vertex 2.850000e-01 1.256927e-01 5.756521e-01
         vertex 2.850000e-01 1.445662e-01 5.589664e-01
         vertex 2.850000e-01 1.287629e-01 5.821194e-01
      endloop
   endfacet
   facet normal 1.000000e+00 0.000000e+00 -0.000000e+00
      outer loop
         vertex 2.850000e-01 1.256927e-01 5.756521e-01
         vertex 2.850000e-01 1.287629e-01 5.821194e-01
         vertex 2.850000e-01 1.158496e-01 6.040567e-01
      endloop
   endfacet
   facet normal 1.000000e+00 0.000000e+00 -0.000000e+00
      outer loop
         vertex 2.850000e-01 3.189414e-01 3.929524e-01
         vertex 2.850000e-01 3.201090e-01 3.941760e-01
         vertex 2.850000e-01 3.102411e-01 3.958311e-01
      endloop
   endfacet
   facet normal 1.000000e+00 0.000000e+00 0.000000e+00
      outer loop
         vertex 2.850000e-01 3.102411e-01 3.958311e-01
         vertex 2.850000e-01 3.201090e-01 3.941760e-01
         vertex 2.850000e-01 3.210536e-01 3.955788e-01
      endloop
   endfacet
   facet normal 1.000000e+00 -0.000000e+00 -0.000000e+00
      outer loop
         vertex 2.850000e-01 3.102411e-01 3.958311e-01
         vertex 2.850000e-01 3.210536e-01 3.955788e-01
         vertex 2.850000e-01 3.031453e-01 4.017558e-01
      endloop
   endfacet
   facet normal 1.000000e+00 0.000000e+00 0.000000e+00
      outer loop
         vertex 2.850000e-01 3.031453e-01 4.017558e-01
         vertex 2.850000e-01 3.210536e-01 3.955788e-01
         vertex 2.850000e-01 3.217483e-01 3.971207e-01
      endloop
   endfacet
   facet normal 1.000000e+00 0.000000e+00 0.000000e+00
      outer loop
         vertex 2.850000e-01 3.031453e-01 4.017558e-01
         vertex 2.850000e-01 3.217483e-01 3.971207e-01
         vertex 2.850000e-01 3.221732e-01 3.987577e-01
      endloop
   endfacet
   facet normal 1.000000e+00 0.000000e+00 0.000000e+00
      outer loop
         vertex 2.850000e-01 2.558084e-01 4.630009e-01
         vertex 2.850000e-01 2.646776e-01 4.468932e-01
         vertex 2.850000e-01 3.064530e-01 4.590040e-01
      endloop
   endfacet
   facet normal 1.000000e+00 0.000000e+00 0.000000e+00
      outer loop
         vertex 2.850000e-01 3.064530e-01 4.590040e-01
         vertex 2.850000e-01 2.646776e-01 4.468932e-01
         vertex 2.850000e-01 2.753862e-01 4.312997e-01
      endloop
   endfacet
   facet normal 1.000000e+00 0.000000e+00 0.000000e+00
      outer loop
         vertex 2.850000e-01 3.064530e-01 4.590040e-01
         vertex 2.850000e-01 2.753862e-01 4.312997e-01
         vertex 2.850000e-01 3.132860e-01 4.464847e-01
      endloop
   endfacet
   facet normal 1.000000e+00 0.000000e+00 0.000000e+00
      outer loop
         vertex 2.850000e-01 3.132860e-01 4.464847e-01
         vertex 2.850000e-01 2.753862e-01 4.312997e-01
         vertex 2.850000e-01 2.866562e-01 4.179152e-01
      endloop
   endfacet
   facet normal 1.000000e+00 0.000000e+00 0.000000e+00
      outer loop
         vertex 2.850000e-01 3.132860e-01 4.464847e-01
         vertex 2.850000e-01 2.866562e-01 4.179152e-01
         vertex 2.850000e-01 3.182685e-01 4.331208e-01
      endloop
   endfacet
   facet normal 1.000000e+00 -0.000000e+00 0.000000e+00
      outer loop
         vertex 2.850000e-01 9.095579e-02 6.847022e-01
         vertex 2.850000e-01 9.138654e-02 6.832139e-01
         vertex 2.850000e-01 1.054761e-01 6.874849e-01
      endloop
   endfacet
   facet normal 1.000000e+00 0.000000e+00 0.000000e+00
      outer loop
         vertex 2.850000e-01 1.054761e-01 6.874849e-01
         vertex 2.850000e-01 9.138654e-02 6.832139e-01
         vertex 2.850000e-01 9.143658e-02 6.830252e-01
      endloop
   endfacet
   facet normal 1.000000e+00 0.000000e+00 0.000000e+00
      outer loop
         vertex 2.850000e-01 1.054761e-01 6.874849e-01
         vertex 2.850000e-01 9.143658e-02 6.830252e-01
         vertex 2.850000e-01 1.036059e-01 6.834549e-01
      endloop
   endfacet
   facet normal 1.000000e+00 0.000000e+00 0.000000e+00
      outer loop
         vertex 2.850000e-01 1.036059e-01 6.834549e-01
         vertex 2.850000e-01 9.143658e-02 6.830252e-01
         vertex 2.850000e-01 9.143895e-02 6.830071e-01
      endloop
   endfacet
   facet normal 1.000000e+00 0.000000e+00 0.000000e+00
      outer loop
         vertex 2.850000e-01 1.036059e-01 6.834549e-01
         vertex 2.850000e-01 9.143895e-02 6.830071e-01
         vertex 2.850000e-01 1.017375e-01 6.769207e-01
      endloop
   endfacet
   facet normal 1.000000e+00 0.000000e+00 0.000000e+00
      outer loop
         vertex 2.850000e-01 1.017375e-01 6.769207e-01
         vertex 2.850000e-01 9.143895e-02 6.830071e-01
         vertex 2.850000e-01 9.143858e-02 6.830019e-01
      endloop
   endfacet
   facet normal 1.000000e+00 0.000000e+00 0.000000e+00
      outer loop
         vertex 2.850000e-01 1.826890e-01 5.074751e-01
         vertex 2.850000e-01 1.766002e-01 5.204147e-01
         vertex 2.850000e-01 1.646721e-01 5.112731e-01
      endloop
   endfacet
   facet normal 1.000000e+00 0.000000e+00 0.000000e+00
      outer loop
         vertex 2.850000e-01 1.646721e-01 5.112731e-01
         vertex 2.850000e-01 1.766002e-01 5.204147e-01
         vertex 2.850000e-01 1.753900e-01 5.238547e-01
      endloop
   endfacet
   facet normal 1.000000e+00 0.000000e+00 -0.000000e+00
      outer loop
         vertex 2.850000e-01 1.646721e-01 5.112731e-01
         vertex 2.850000e-01 1.753900e-01 5.238547e-01
         vertex 2.850000e-01 1.584939e-01 5.428138e-01
      endloop
   endfacet
   facet normal 1.000000e+00 0.000000e+00 0.000000e+00
      outer loop
         vertex 2.850000e-01 1.584939e-01 5.428138e-01
         vertex 2.850000e-01 1.753900e-01 5.238547e-01
         vertex 2.850000e-01 1.725576e-01 5.353187e-01
      endloop
   endfacet
   facet normal 1.000000e+00 -0.000000e+00 0.000000e+00
      outer loop
         vertex 2.850000e-01 1.584939e-01 5.428138e-01
         vertex 2.850000e-01 1.725576e-01 5.353187e-01
         vertex 2.850000e-01 1.590938e-01 5.430087e-01
      endloop
   endfacet
   facet normal 1.000000e+00 -0.000000e+00 0.000000e+00
      outer loop
         vertex 2.850000e-01 1.590938e-01 5.430087e-01
         vertex 2.850000e-01 1.725576e-01 5.353187e-01
         vertex 2.850000e-01 1.718755e-01 5.432038e-01
      endloop
   endfacet
   facet normal 1.000000e+00 0.000000e+00 -0.000000e+00
      outer loop
         vertex 2.850000e-01 1.590938e-01 5.430087e-01
         vertex 2.850000e-01 1.718755e-01 5.432038e-01
         vertex 2.850000e-01 1.564285e-01 5.476544e-01
      endloop
   endfacet
   facet normal 1.000000e+00 -0.000000e+00 0.000000e+00
      outer loop
         vertex 2.850000e-01 1.564285e-01 5.476544e-01
         vertex 2.850000e-01 1.718755e-01 5.432038e-01
         vertex 2.850000e-01 1.722272e-01 5.482887e-01
      endloop
   endfacet
   facet normal 1.000000e+00 0.000000e+00 -0.000000e+00
      outer loop
         vertex 2.850000e-01 1.564285e-01 5.476544e-01
         vertex 2.850000e-01 1.722272e-01 5.482887e-01
         vertex 2.850000e-01 1.442271e-01 5.724336e-01
      endloop
   endfacet
   facet normal 1.000000e+00 0.000000e+00 0.000000e+00
      outer loop
         vertex 2.850000e-01 1.442271e-01 5.724336e-01
         vertex 2.850000e-01 1.722272e-01 5.482887e-01
         vertex 2.850000e-01 1.729708e-01 5.515367e-01
      endloop
   endfacet
   facet normal 1.000000e+00 0.000000e+00 0.000000e+00
      outer loop
         vertex 2.850000e-01 1.442271e-01 5.724336e-01
         vertex 2.850000e-01 1.729708e-01 5.515367e-01
         vertex 2.850000e-01 1.737950e-01 5.535886e-01
      endloop
   endfacet
   facet normal 1.000000e+00 0.000000e+00 -0.000000e+00
      outer loop
         vertex 2.850000e-01 3.221732e-01 3.987577e-01
         vertex 2.850000e-01 3.223162e-01 4.004429e-01
         vertex 2.850000e-01 3.031453e-01 4.017558e-01
      endloop
   endfacet
   facet normal 1.000000e+00 -0.000000e+00 0.000000e+00
      outer loop
         vertex 2.850000e-01 3.031453e-01 4.017558e-01
         vertex 2.850000e-01 3.223162e-01 4.004429e-01
         vertex 2.850000e-01 3.223162e-01 4.049577e-01
      endloop
   endfacet
   facet normal 1.000000e+00 0.000000e+00 -0.000000e+00
      outer loop
         vertex 2.850000e-01 3.031453e-01 4.017558e-01
         vertex 2.850000e-01 3.223162e-01 4.049577e-01
         vertex 2.850000e-01 2.866562e-01 4.179152e-01
      endloop
   endfacet
   facet normal 1.000000e+00 -0.000000e+00 0.000000e+00
      outer loop
         vertex 2.850000e-01 2.866562e-01 4.179152e-01
         vertex 2.850000e-01 3.223162e-01 4.049577e-01
         vertex 2.850000e-01 3.212991e-01 4.191839e-01
      endloop
   endfacet
   facet normal 1.000000e+00 0.000000e+00 0.000000e+00
      outer loop
         vertex 2.850000e-01 2.866562e-01 4.179152e-01
         vertex 2.850000e-01 3.212991e-01 4.191839e-01
         vertex 2.850000e-01 3.182685e-01 4.331208e-01
      endloop
   endfacet
   facet normal 1.000000e+00 0.000000e+00 0.000000e+00
      outer loop
         vertex 2.850000e-01 2.461052e-01 4.664149e-01
         vertex 2.850000e-01 2.143965e-01 4.802448e-01
         vertex 2.850000e-01 2.459650e-01 4.636417e-01
      endloop
   endfacet
   facet normal 1.000000e+00 0.000000e+00 0.000000e+00
      outer loop
         vertex 2.850000e-01 2.459650e-01 4.636417e-01
         vertex 2.850000e-01 2.143965e-01 4.802448e-01
         vertex 2.850000e-01 2.283695e-01 4.614262e-01
      endloop
   endfacet
   facet normal 1.000000e+00 0.000000e+00 0.000000e+00
      outer loop
         vertex 2.850000e-01 2.459650e-01 4.636417e-01
         vertex 2.850000e-01 2.283695e-01 4.614262e-01
         vertex 2.850000e-01 2.464121e-01 4.594178e-01
      endloop
   endfacet
   facet normal 1.000000e+00 0.000000e+00 0.000000e+00
      outer loop
         vertex 2.850000e-01 2.464121e-01 4.594178e-01
         vertex 2.850000e-01 2.283695e-01 4.614262e-01
         vertex 2.850000e-01 2.335106e-01 4.553589e-01
      endloop
   endfacet
   facet normal 1.000000e+00 0.000000e+00 0.000000e+00
      outer loop
         vertex 2.850000e-01 2.464121e-01 4.594178e-01
         vertex 2.850000e-01 2.335106e-01 4.553589e-01
         vertex 2.850000e-01 2.481130e-01 4.530455e-01
      endloop
   endfacet
   facet normal 1.000000e+00 0.000000e+00 0.000000e+00
      outer loop
         vertex 2.850000e-01 2.481130e-01 4.530455e-01
         vertex 2.850000e-01 2.335106e-01 4.553589e-01
         vertex 2.850000e-01 2.344023e-01 4.543807e-01
      endloop
   endfacet
   facet normal 1.000000e+00 0.000000e+00 0.000000e+00
      outer loop
         vertex 2.850000e-01 2.481130e-01 4.530455e-01
         vertex 2.850000e-01 2.344023e-01 4.543807e-01
         vertex 2.850000e-01 2.439154e-01 4.311638e-01
      endloop
   endfacet
   facet normal 1.000000e+00 0.000000e+00 0.000000e+00
      outer loop
         vertex 2.850000e-01 2.439154e-01 4.311638e-01
         vertex 2.850000e-01 2.344023e-01 4.543807e-01
         vertex 2.850000e-01 2.338101e-01 4.540388e-01
      endloop
   endfacet
   facet normal 1.000000e+00 0.000000e+00 0.000000e+00
      outer loop
         vertex 2.850000e-01 2.439154e-01 4.311638e-01
         vertex 2.850000e-01 2.338101e-01 4.540388e-01
         vertex 2.850000e-01 2.150206e-01 4.553350e-01
      endloop
   endfacet
   facet normal 1.000000e+00 -0.000000e+00 0.000000e+00
      outer loop
         vertex 2.850000e-01 2.150206e-01 4.553350e-01
         vertex 2.850000e-01 2.338101e-01 4.540388e-01
         vertex 2.850000e-01 2.313871e-01 4.555304e-01
      endloop
   endfacet
   facet normal 1.000000e+00 0.000000e+00 0.000000e+00
      outer loop
         vertex 2.850000e-01 2.150206e-01 4.553350e-01
         vertex 2.850000e-01 2.313871e-01 4.555304e-01
         vertex 2.850000e-01 2.289929e-01 4.572057e-01
      endloop
   endfacet
   facet normal 1.000000e+00 0.000000e+00 0.000000e+00
      outer loop
         vertex 2.850000e-01 1.085029e-01 6.914172e-01
         vertex 2.850000e-01 8.396825e-02 7.303763e-01
         vertex 2.850000e-01 1.071198e-01 6.899324e-01
      endloop
   endfacet
   facet normal 1.000000e+00 0.000000e+00 0.000000e+00
      outer loop
         vertex 2.850000e-01 1.071198e-01 6.899324e-01
         vertex 2.850000e-01 8.396825e-02 7.303763e-01
         vertex 2.850000e-01 8.818913e-02 6.986178e-01
      endloop
   endfacet
   facet normal 1.000000e+00 0.000000e+00 0.000000e+00
      outer loop
         vertex 2.850000e-01 1.071198e-01 6.899324e-01
         vertex 2.850000e-01 8.818913e-02 6.986178e-01
         vertex 2.850000e-01 1.054761e-01 6.874849e-01
      endloop
   endfacet
   facet normal 1.000000e+00 0.000000e+00 0.000000e+00
      outer loop
         vertex 2.850000e-01 1.054761e-01 6.874849e-01
         vertex 2.850000e-01 8.818913e-02 6.986178e-01
         vertex 2.850000e-01 9.076482e-02 6.855000e-01
      endloop
   endfacet
   facet normal 1.000000e+00 0.000000e+00 0.000000e+00
      outer loop
         vertex 2.850000e-01 1.054761e-01 6.874849e-01
         vertex 2.850000e-01 9.076482e-02 6.855000e-01
         vertex 2.850000e-01 9.095579e-02 6.847022e-01
      endloop
   endfacet
   facet normal -0.000000e+00 -9.770448e-01 -2.130339e-01
      outer loop
         vertex 2.850000e-01 9.143717e-02 6.830000e-01
         vertex 2.800000e-01 9.143717e-02 6.830000e-01
         vertex 2.800000e-01 9.946253e-02 6.461930e-01
      endloop
   endfacet
   facet normal 0.000000e+00 -9.770448e-01 -2.130339e-01
      outer loop
         vertex 2.850000e-01 9.143717e-02 6.830000e-01
         vertex 2.800000e-01 9.946253e-02 6.461930e-01
         vertex 2.850000e-01 9.946253e-02 6.461930e-01
      endloop
   endfacet
   facet normal -0.000000e+00 -9.526705e-01 -3.040049e-01
      outer loop
         vertex 2.850000e-01 9.946253e-02 6.461930e-01
         vertex 2.800000e-01 9.946253e-02 6.461930e-01
         vertex 2.800000e-01 1.109149e-01 6.103043e-01
      endloop
   endfacet
   facet normal 0.000000e+00 -9.526705e-01 -3.040049e-01
      outer loop
         vertex 2.850000e-01 9.946253e-02 6.461930e-01
         vertex 2.800000e-01 1.109149e-01 6.103043e-01
         vertex 2.850000e-01 1.109149e-01 6.103043e-01
      endloop
   endfacet
   facet normal -0.000000e+00 -9.198462e-01 -3.922792e-01
      outer loop
         vertex 2.850000e-01 1.109149e-01 6.103043e-01
         vertex 2.800000e-01 1.109149e-01 6.103043e-01
         vertex 2.800000e-01 1.256927e-01 5.756521e-01
      endloop
   endfacet
   facet normal 0.000000e+00 -9.198462e-01 -3.922792e-01
      outer loop
         vertex 2.850000e-01 1.109149e-01 6.103043e-01
         vertex 2.800000e-01 1.256927e-01 5.756521e-01
         vertex 2.850000e-01 1.256927e-01 5.756521e-01
      endloop
   endfacet
   facet normal -0.000000e+00 -8.788633e-01 -4.770737e-01
      outer loop
         vertex 2.850000e-01 1.256927e-01 5.756521e-01
         vertex 2.800000e-01 1.256927e-01 5.756521e-01
         vertex 2.800000e-01 1.436649e-01 5.425438e-01
      endloop
   endfacet
   facet normal 0.000000e+00 -8.788633e-01 -4.770737e-01
      outer loop
         vertex 2.850000e-01 1.256927e-01 5.756521e-01
         vertex 2.800000e-01 1.436649e-01 5.425438e-01
         vertex 2.850000e-01 1.436649e-01 5.425438e-01
      endloop
   endfacet
   facet normal -0.000000e+00 -8.300852e-01 -5.576366e-01
      outer loop
         vertex 2.850000e-01 1.436649e-01 5.425438e-01
         vertex 2.800000e-01 1.436649e-01 5.425438e-01
         vertex 2.800000e-01 1.646721e-01 5.112731e-01
      endloop
   endfacet
   facet normal 0.000000e+00 -8.300852e-01 -5.576366e-01
      outer loop
         vertex 2.850000e-01 1.436649e-01 5.425438e-01
         vertex 2.800000e-01 1.646721e-01 5.112731e-01
         vertex 2.850000e-01 1.646721e-01 5.112731e-01
      endloop
   endfacet
   facet normal -0.000000e+00 -7.739442e-01 -6.332538e-01
      outer loop
         vertex 2.850000e-01 1.646721e-01 5.112731e-01
         vertex 2.800000e-01 1.646721e-01 5.112731e-01
         vertex 2.800000e-01 1.885278e-01 4.821173e-01
      endloop
   endfacet
   facet normal 0.000000e+00 -7.739442e-01 -6.332538e-01
      outer loop
         vertex 2.850000e-01 1.646721e-01 5.112731e-01
         vertex 2.800000e-01 1.885278e-01 4.821173e-01
         vertex 2.850000e-01 1.885278e-01 4.821173e-01
      endloop
   endfacet
   facet normal -0.000000e+00 -7.109389e-01 -7.032537e-01
      outer loop
         vertex 2.850000e-01 1.885278e-01 4.821173e-01
         vertex 2.800000e-01 1.885278e-01 4.821173e-01
         vertex 2.800000e-01 2.150206e-01 4.553350e-01
      endloop
   endfacet
   facet normal 0.000000e+00 -7.109389e-01 -7.032537e-01
      outer loop
         vertex 2.850000e-01 1.885278e-01 4.821173e-01
         vertex 2.800000e-01 2.150206e-01 4.553350e-01
         vertex 2.850000e-01 2.150206e-01 4.553350e-01
      endloop
   endfacet
   facet normal -0.000000e+00 -6.416272e-01 -7.670167e-01
      outer loop
         vertex 2.850000e-01 2.150206e-01 4.553350e-01
         vertex 2.800000e-01 2.150206e-01 4.553350e-01
         vertex 2.800000e-01 2.439154e-01 4.311638e-01
      endloop
   endfacet
   facet normal 0.000000e+00 -6.416272e-01 -7.670167e-01
      outer loop
         vertex 2.850000e-01 2.150206e-01 4.553350e-01
         vertex 2.800000e-01 2.439154e-01 4.311638e-01
         vertex 2.850000e-01 2.439154e-01 4.311638e-01
      endloop
   endfacet
   facet normal -0.000000e+00 -5.666245e-01 -8.239762e-01
      outer loop
         vertex 2.850000e-01 2.439154e-01 4.311638e-01
         vertex 2.800000e-01 2.439154e-01 4.311638e-01
         vertex 2.800000e-01 2.749560e-01 4.098181e-01
      endloop
   endfacet
   facet normal 0.000000e+00 -5.666245e-01 -8.239762e-01
      outer loop
         vertex 2.850000e-01 2.439154e-01 4.311638e-01
         vertex 2.800000e-01 2.749560e-01 4.098181e-01
         vertex 2.850000e-01 2.749560e-01 4.098181e-01
      endloop
   endfacet
   facet normal -0.000000e+00 -4.865965e-01 -8.736268e-01
      outer loop
         vertex 2.850000e-01 2.749560e-01 4.098181e-01
         vertex 2.800000e-01 2.749560e-01 4.098181e-01
         vertex 2.800000e-01 3.078671e-01 3.914872e-01
      endloop
   endfacet
   facet normal 0.000000e+00 -4.865965e-01 -8.736268e-01
      outer loop
         vertex 2.850000e-01 2.749560e-01 4.098181e-01
         vertex 2.800000e-01 3.078671e-01 3.914872e-01
         vertex 2.850000e-01 3.078671e-01 3.914872e-01
      endloop
   endfacet
   facet normal -0.000000e+00 -3.675898e-01 -9.299880e-01
      outer loop
         vertex 2.850000e-01 3.078671e-01 3.914872e-01
         vertex 2.800000e-01 3.078671e-01 3.914872e-01
         vertex 2.800000e-01 3.094399e-01 3.908655e-01
      endloop
   endfacet
   facet normal 0.000000e+00 -3.675898e-01 -9.299880e-01
      outer loop
         vertex 2.850000e-01 3.078671e-01 3.914872e-01
         vertex 2.800000e-01 3.094399e-01 3.908655e-01
         vertex 2.850000e-01 3.094399e-01 3.908655e-01
      endloop
   endfacet
   facet normal -0.000000e+00 -2.056295e-01 -9.786299e-01
      outer loop
         vertex 2.850000e-01 3.094399e-01 3.908655e-01
         vertex 2.800000e-01 3.094399e-01 3.908655e-01
         vertex 2.800000e-01 3.110949e-01 3.905177e-01
      endloop
   endfacet
   facet normal 0.000000e+00 -2.056295e-01 -9.786299e-01
      outer loop
         vertex 2.850000e-01 3.094399e-01 3.908655e-01
         vertex 2.800000e-01 3.110949e-01 3.905177e-01
         vertex 2.850000e-01 3.110949e-01 3.905177e-01
      endloop
   endfacet
   facet normal -0.000000e+00 -3.776379e-02 -9.992867e-01
      outer loop
         vertex 2.850000e-01 3.110949e-01 3.905177e-01
         vertex 2.800000e-01 3.110949e-01 3.905177e-01
         vertex 2.800000e-01 3.127849e-01 3.904538e-01
      endloop
   endfacet
   facet normal 0.000000e+00 -3.776379e-02 -9.992867e-01
      outer loop
         vertex 2.850000e-01 3.110949e-01 3.905177e-01
         vertex 2.800000e-01 3.127849e-01 3.904538e-01
         vertex 2.850000e-01 3.127849e-01 3.904538e-01
      endloop
   endfacet
   facet normal 0.000000e+00 1.311779e-01 -9.913588e-01
      outer loop
         vertex 2.850000e-01 3.127849e-01 3.904538e-01
         vertex 2.800000e-01 3.127849e-01 3.904538e-01
         vertex 2.800000e-01 3.144615e-01 3.906757e-01
      endloop
   endfacet
   facet normal 0.000000e+00 1.311779e-01 -9.913588e-01
      outer loop
         vertex 2.850000e-01 3.127849e-01 3.904538e-01
         vertex 2.800000e-01 3.144615e-01 3.906757e-01
         vertex 2.850000e-01 3.144615e-01 3.906757e-01
      endloop
   endfacet
   facet normal 0.000000e+00 2.963449e-01 -9.550810e-01
      outer loop
         vertex 2.850000e-01 3.144615e-01 3.906757e-01
         vertex 2.800000e-01 3.144615e-01 3.906757e-01
         vertex 2.800000e-01 3.160768e-01 3.911769e-01
      endloop
   endfacet
   facet normal 0.000000e+00 2.963449e-01 -9.550810e-01
      outer loop
         vertex 2.850000e-01 3.144615e-01 3.906757e-01
         vertex 2.800000e-01 3.160768e-01 3.911769e-01
         vertex 2.850000e-01 3.160768e-01 3.911769e-01
      endloop
   endfacet
   facet normal 0.000000e+00 4.530616e-01 -8.914792e-01
      outer loop
         vertex 2.850000e-01 3.160768e-01 3.911769e-01
         vertex 2.800000e-01 3.160768e-01 3.911769e-01
         vertex 2.800000e-01 3.175845e-01 3.919431e-01
      endloop
   endfacet
   facet normal 0.000000e+00 4.530616e-01 -8.914792e-01
      outer loop
         vertex 2.850000e-01 3.160768e-01 3.911769e-01
         vertex 2.800000e-01 3.175845e-01 3.919431e-01
         vertex 2.850000e-01 3.175845e-01 3.919431e-01
      endloop
   endfacet
   facet normal 0.000000e+00 5.968177e-01 -8.023769e-01
      outer loop
         vertex 2.850000e-01 3.175845e-01 3.919431e-01
         vertex 2.800000e-01 3.175845e-01 3.919431e-01
         vertex 2.800000e-01 3.189414e-01 3.929524e-01
      endloop
   endfacet
   facet normal 0.000000e+00 5.968177e-01 -8.023769e-01
      outer loop
         vertex 2.850000e-01 3.175845e-01 3.919431e-01
         vertex 2.800000e-01 3.189414e-01 3.929524e-01
         vertex 2.850000e-01 3.189414e-01 3.929524e-01
      endloop
   endfacet
   facet normal 0.000000e+00 7.234860e-01 -6.903391e-01
      outer loop
         vertex 2.850000e-01 3.189414e-01 3.929524e-01
         vertex 2.800000e-01 3.189414e-01 3.929524e-01
         vertex 2.800000e-01 3.201090e-01 3.941760e-01
      endloop
   endfacet
   facet normal 0.000000e+00 7.234860e-01 -6.903391e-01
      outer loop
         vertex 2.850000e-01 3.189414e-01 3.929524e-01
         vertex 2.800000e-01 3.201090e-01 3.941760e-01
         vertex 2.850000e-01 3.201090e-01 3.941760e-01
      endloop
   endfacet
   facet normal 0.000000e+00 8.294767e-01 -5.585412e-01
      outer loop
         vertex 2.850000e-01 3.201090e-01 3.941760e-01
         vertex 2.800000e-01 3.201090e-01 3.941760e-01
         vertex 2.800000e-01 3.210536e-01 3.955788e-01
      endloop
   endfacet
   facet normal 0.000000e+00 8.294767e-01 -5.585412e-01
      outer loop
         vertex 2.850000e-01 3.201090e-01 3.941760e-01
         vertex 2.800000e-01 3.210536e-01 3.955788e-01
         vertex 2.850000e-01 3.210536e-01 3.955788e-01
      endloop
   endfacet
   facet normal 0.000000e+00 9.117308e-01 -4.107881e-01
      outer loop
         vertex 2.850000e-01 3.210536e-01 3.955788e-01
         vertex 2.800000e-01 3.210536e-01 3.955788e-01
         vertex 2.800000e-01 3.217483e-01 3.971207e-01
      endloop
   endfacet
   facet normal 0.000000e+00 9.117308e-01 -4.107881e-01
      outer loop
         vertex 2.850000e-01 3.210536e-01 3.955788e-01
         vertex 2.800000e-01 3.217483e-01 3.971207e-01
         vertex 2.850000e-01 3.217483e-01 3.971207e-01
      endloop
   endfacet
   facet normal 0.000000e+00 9.679181e-01 -2.512661e-01
      outer loop
         vertex 2.850000e-01 3.217483e-01 3.971207e-01
         vertex 2.800000e-01 3.217483e-01 3.971207e-01
         vertex 2.800000e-01 3.221732e-01 3.987577e-01
      endloop
   endfacet
   facet normal 0.000000e+00 9.679181e-01 -2.512661e-01
      outer loop
         vertex 2.850000e-01 3.217483e-01 3.971207e-01
         vertex 2.800000e-01 3.221732e-01 3.987577e-01
         vertex 2.850000e-01 3.221732e-01 3.987577e-01
      endloop
   endfacet
   facet normal 0.000000e+00 9.964192e-01 -8.455043e-02
      outer loop
         vertex 2.850000e-01 3.221732e-01 3.987577e-01
         vertex 2.800000e-01 3.221732e-01 3.987577e-01
         vertex 2.800000e-01 3.223162e-01 4.004429e-01
      endloop
   endfacet
   facet normal 0.000000e+00 9.964192e-01 -8.455043e-02
      outer loop
         vertex 2.850000e-01 3.221732e-01 3.987577e-01
         vertex 2.800000e-01 3.223162e-01 4.004429e-01
         vertex 2.850000e-01 3.223162e-01 4.004429e-01
      endloop
   endfacet
   facet normal 0.000000e+00 1.000000e+00 0.000000e+00
      outer loop
         vertex 2.850000e-01 3.223162e-01 4.049577e-01
         vertex 2.850000e-01 3.223162e-01 4.004429e-01
         vertex 2.800000e-01 3.223162e-01 4.049577e-01
      endloop
   endfacet
   facet normal 0.000000e+00 1.000000e+00 0.000000e+00
      outer loop
         vertex 2.800000e-01 3.223162e-01 4.049577e-01
         vertex 2.850000e-01 3.223162e-01 4.004429e-01
         vertex 2.800000e-01 3.223162e-01 4.004429e-01
      endloop
   endfacet
   facet normal 0.000000e+00 9.974540e-01 7.131224e-02
      outer loop
         vertex 2.850000e-01 3.223162e-01 4.049577e-01
         vertex 2.800000e-01 3.223162e-01 4.049577e-01
         vertex 2.800000e-01 3.212991e-01 4.191839e-01
      endloop
   endfacet
   facet normal 0.000000e+00 9.974540e-01 7.131224e-02
      outer loop
         vertex 2.850000e-01 3.223162e-01 4.049577e-01
         vertex 2.800000e-01 3.212991e-01 4.191839e-01
         vertex 2.850000e-01 3.212991e-01 4.191839e-01
      endloop
   endfacet
   facet normal 0.000000e+00 9.771637e-01 2.124880e-01
      outer loop
         vertex 2.850000e-01 3.212991e-01 4.191839e-01
         vertex 2.800000e-01 3.212991e-01 4.191839e-01
         vertex 2.800000e-01 3.182685e-01 4.331208e-01
      endloop
   endfacet
   facet normal 0.000000e+00 9.771637e-01 2.124880e-01
      outer loop
         vertex 2.850000e-01 3.212991e-01 4.191839e-01
         vertex 2.800000e-01 3.182685e-01 4.331208e-01
         vertex 2.850000e-01 3.182685e-01 4.331208e-01
      endloop
   endfacet
   facet normal 0.000000e+00 9.369962e-01 3.493394e-01
      outer loop
         vertex 2.850000e-01 3.182685e-01 4.331208e-01
         vertex 2.800000e-01 3.182685e-01 4.331208e-01
         vertex 2.800000e-01 3.132860e-01 4.464847e-01
      endloop
   endfacet
   facet normal 0.000000e+00 9.369962e-01 3.493394e-01
      outer loop
         vertex 2.850000e-01 3.182685e-01 4.331208e-01
         vertex 2.800000e-01 3.132860e-01 4.464847e-01
         vertex 2.850000e-01 3.132860e-01 4.464847e-01
      endloop
   endfacet
   facet normal 0.000000e+00 8.777671e-01 4.790875e-01
      outer loop
         vertex 2.850000e-01 3.132860e-01 4.464847e-01
         vertex 2.800000e-01 3.132860e-01 4.464847e-01
         vertex 2.800000e-01 3.064530e-01 4.590040e-01
      endloop
   endfacet
   facet normal 0.000000e+00 8.777671e-01 4.790875e-01
      outer loop
         vertex 2.850000e-01 3.132860e-01 4.464847e-01
         vertex 2.800000e-01 3.064530e-01 4.590040e-01
         vertex 2.850000e-01 3.064530e-01 4.590040e-01
      endloop
   endfacet
   facet normal 0.000000e+00 8.413679e-01 5.404629e-01
      outer loop
         vertex 2.850000e-01 1.231636e-01 7.443405e-01
         vertex 2.850000e-01 3.064530e-01 4.590040e-01
         vertex 2.800000e-01 1.231636e-01 7.443405e-01
      endloop
   endfacet
   facet normal 0.000000e+00 8.413679e-01 5.404629e-01
      outer loop
         vertex 2.800000e-01 1.231636e-01 7.443405e-01
         vertex 2.850000e-01 3.064530e-01 4.590040e-01
         vertex 2.800000e-01 3.064530e-01 4.590040e-01
      endloop
   endfacet
   facet normal 0.000000e+00 8.708398e-01 4.915668e-01
      outer loop
         vertex 2.850000e-01 1.231636e-01 7.443405e-01
         vertex 2.800000e-01 1.231636e-01 7.443405e-01
         vertex 2.850000e-01 1.119426e-01 7.642193e-01
      endloop
   endfacet
   facet normal 0.000000e+00 8.708398e-01 4.915668e-01
      outer loop
         vertex 2.850000e-01 1.119426e-01 7.642193e-01
         vertex 2.800000e-01 1.231636e-01 7.443405e-01
         vertex 2.800000e-01 1.119426e-01 7.642193e-01
      endloop
   endfacet
   facet normal 0.000000e+00 9.211812e-01 3.891338e-01
      outer loop
         vertex 2.850000e-01 1.119426e-01 7.642193e-01
         vertex 2.800000e-01 1.119426e-01 7.642193e-01
         vertex 2.850000e-01 1.030598e-01 7.852471e-01
      endloop
   endfacet
   facet normal 0.000000e+00 9.211812e-01 3.891338e-01
      outer loop
         vertex 2.850000e-01 1.030598e-01 7.852471e-01
         vertex 2.800000e-01 1.119426e-01 7.642193e-01
         vertex 2.800000e-01 1.030598e-01 7.852471e-01
      endloop
   endfacet
   facet normal 0.000000e+00 9.595227e-01 2.816312e-01
      outer loop
         vertex 2.850000e-01 1.030598e-01 7.852471e-01
         vertex 2.800000e-01 1.030598e-01 7.852471e-01
         vertex 2.850000e-01 9.663095e-02 8.071502e-01
      endloop
   endfacet
   facet normal 0.000000e+00 9.595227e-01 2.816312e-01
      outer loop
         vertex 2.850000e-01 9.663095e-02 8.071502e-01
         vertex 2.800000e-01 1.030598e-01 7.852471e-01
         vertex 2.800000e-01 9.663095e-02 8.071502e-01
      endloop
   endfacet
   facet normal 0.000000e+00 9.853647e-01 1.704596e-01
      outer loop
         vertex 2.850000e-01 9.663095e-02 8.071502e-01
         vertex 2.800000e-01 9.663095e-02 8.071502e-01
         vertex 2.850000e-01 9.273986e-02 8.296432e-01
      endloop
   endfacet
   facet normal 0.000000e+00 9.853647e-01 1.704596e-01
      outer loop
         vertex 2.850000e-01 9.273986e-02 8.296432e-01
         vertex 2.800000e-01 9.663095e-02 8.071502e-01
         vertex 2.800000e-01 9.273986e-02 8.296432e-01
      endloop
   endfacet
   facet normal 0.000000e+00 9.983703e-01 5.706767e-02
      outer loop
         vertex 2.850000e-01 9.273986e-02 8.296432e-01
         vertex 2.800000e-01 9.273986e-02 8.296432e-01
         vertex 2.850000e-01 9.143717e-02 8.524331e-01
      endloop
   endfacet
   facet normal 0.000000e+00 9.983703e-01 5.706767e-02
      outer loop
         vertex 2.850000e-01 9.143717e-02 8.524331e-01
         vertex 2.800000e-01 9.273986e-02 8.296432e-01
         vertex 2.800000e-01 9.143717e-02 8.524331e-01
      endloop
   endfacet
   facet normal -1.000000e+00 0.000000e+00 0.000000e+00
      outer loop
         vertex 2.800000e-01 9.143717e-02 6.830000e-01
         vertex 2.800000e-01 2.439154e-01 4.311638e-01
         vertex 2.800000e-01 2.150206e-01 4.553350e-01
      endloop
   endfacet
   facet normal -1.000000e+00 0.000000e+00 0.000000e+00
      outer loop
         vertex 2.800000e-01 3.064530e-01 4.590040e-01
         vertex 2.800000e-01 9.143717e-02 6.830000e-01
         vertex 2.800000e-01 9.143858e-02 6.830019e-01
      endloop
   endfacet
   facet normal -1.000000e+00 0.000000e+00 0.000000e+00
      outer loop
         vertex 2.800000e-01 3.064530e-01 4.590040e-01
         vertex 2.800000e-01 9.143858e-02 6.830019e-01
         vertex 2.800000e-01 1.231636e-01 7.443405e-01
      endloop
   endfacet
   facet normal -1.000000e+00 0.000000e+00 0.000000e+00
      outer loop
         vertex 2.800000e-01 9.946253e-02 6.461930e-01
         vertex 2.800000e-01 9.143717e-02 6.830000e-01
         vertex 2.800000e-01 1.256927e-01 5.756521e-01
      endloop
   endfacet
   facet normal -1.000000e+00 0.000000e+00 0.000000e+00
      outer loop
         vertex 2.800000e-01 9.946253e-02 6.461930e-01
         vertex 2.800000e-01 1.256927e-01 5.756521e-01
         vertex 2.800000e-01 1.109149e-01 6.103043e-01
      endloop
   endfacet
   facet normal -1.000000e+00 0.000000e+00 0.000000e+00
      outer loop
         vertex 2.800000e-01 2.150206e-01 4.553350e-01
         vertex 2.800000e-01 1.885278e-01 4.821173e-01
         vertex 2.800000e-01 9.143717e-02 6.830000e-01
      endloop
   endfacet
   facet normal -1.000000e+00 0.000000e+00 0.000000e+00
      outer loop
         vertex 2.800000e-01 9.143717e-02 6.830000e-01
         vertex 2.800000e-01 1.885278e-01 4.821173e-01
         vertex 2.800000e-01 1.646721e-01 5.112731e-01
      endloop
   endfacet
   facet normal -1.000000e+00 0.000000e+00 0.000000e+00
      outer loop
         vertex 2.800000e-01 9.143717e-02 6.830000e-01
         vertex 2.800000e-01 1.646721e-01 5.112731e-01
         vertex 2.800000e-01 1.436649e-01 5.425438e-01
      endloop
   endfacet
   facet normal -1.000000e+00 0.000000e+00 0.000000e+00
      outer loop
         vertex 2.800000e-01 9.143717e-02 6.830000e-01
         vertex 2.800000e-01 1.436649e-01 5.425438e-01
         vertex 2.800000e-01 1.256927e-01 5.756521e-01
      endloop
   endfacet
   facet normal -1.000000e+00 -0.000000e+00 0.000000e+00
      outer loop
         vertex 2.800000e-01 1.231636e-01 7.443405e-01
         vertex 2.800000e-01 9.143858e-02 6.830019e-01
         vertex 2.800000e-01 1.119426e-01 7.642193e-01
      endloop
   endfacet
   facet normal -1.000000e+00 -0.000000e+00 0.000000e+00
      outer loop
         vertex 2.800000e-01 1.119426e-01 7.642193e-01
         vertex 2.800000e-01 9.143858e-02 6.830019e-01
         vertex 2.800000e-01 1.030598e-01 7.852471e-01
      endloop
   endfacet
   facet normal -1.000000e+00 0.000000e+00 0.000000e+00
      outer loop
         vertex 2.800000e-01 9.042114e-02 8.477299e-01
         vertex 2.800000e-01 9.143717e-02 8.524331e-01
         vertex 2.800000e-01 9.273986e-02 8.296432e-01
      endloop
   endfacet
   facet normal -1.000000e+00 0.000000e+00 0.000000e+00
      outer loop
         vertex 2.800000e-01 9.095579e-02 6.847022e-01
         vertex 2.800000e-01 9.076482e-02 6.855000e-01
         vertex 2.800000e-01 9.138654e-02 6.832139e-01
      endloop
   endfacet
   facet normal -1.000000e+00 0.000000e+00 0.000000e+00
      outer loop
         vertex 2.800000e-01 9.138654e-02 6.832139e-01
         vertex 2.800000e-01 9.076482e-02 6.855000e-01
         vertex 2.800000e-01 8.818913e-02 6.986178e-01
      endloop
   endfacet
   facet normal -1.000000e+00 0.000000e+00 0.000000e+00
      outer loop
         vertex 2.800000e-01 9.138654e-02 6.832139e-01
         vertex 2.800000e-01 8.818913e-02 6.986178e-01
         vertex 2.800000e-01 9.143658e-02 6.830252e-01
      endloop
   endfacet
   facet normal -1.000000e+00 0.000000e+00 0.000000e+00
      outer loop
         vertex 2.800000e-01 8.818913e-02 6.986178e-01
         vertex 2.800000e-01 8.396825e-02 7.303763e-01
         vertex 2.800000e-01 9.143658e-02 6.830252e-01
      endloop
   endfacet
   facet normal -1.000000e+00 0.000000e+00 0.000000e+00
      outer loop
         vertex 2.800000e-01 9.143658e-02 6.830252e-01
         vertex 2.800000e-01 8.396825e-02 7.303763e-01
         vertex 2.800000e-01 8.217081e-02 7.625010e-01
      endloop
   endfacet
   facet normal -1.000000e+00 0.000000e+00 0.000000e+00
      outer loop
         vertex 2.800000e-01 9.143658e-02 6.830252e-01
         vertex 2.800000e-01 8.217081e-02 7.625010e-01
         vertex 2.800000e-01 9.143895e-02 6.830071e-01
      endloop
   endfacet
   facet normal -1.000000e+00 0.000000e+00 0.000000e+00
      outer loop
         vertex 2.800000e-01 9.143895e-02 6.830071e-01
         vertex 2.800000e-01 8.217081e-02 7.625010e-01
         vertex 2.800000e-01 8.281558e-02 7.954550e-01
      endloop
   endfacet
   facet normal -1.000000e+00 0.000000e+00 0.000000e+00
      outer loop
         vertex 2.800000e-01 9.143895e-02 6.830071e-01
         vertex 2.800000e-01 8.281558e-02 7.954550e-01
         vertex 2.800000e-01 8.548357e-02 8.211225e-01
      endloop
   endfacet
   facet normal -1.000000e+00 0.000000e+00 0.000000e+00
      outer loop
         vertex 2.800000e-01 2.439154e-01 4.311638e-01
         vertex 2.800000e-01 9.143717e-02 6.830000e-01
         vertex 2.800000e-01 2.749560e-01 4.098181e-01
      endloop
   endfacet
   facet normal -1.000000e+00 0.000000e+00 0.000000e+00
      outer loop
         vertex 2.800000e-01 2.749560e-01 4.098181e-01
         vertex 2.800000e-01 9.143717e-02 6.830000e-01
         vertex 2.800000e-01 3.223162e-01 4.004429e-01
      endloop
   endfacet
   facet normal -1.000000e+00 0.000000e+00 0.000000e+00
      outer loop
         vertex 2.800000e-01 3.110949e-01 3.905177e-01
         vertex 2.800000e-01 3.094399e-01 3.908655e-01
         vertex 2.800000e-01 3.223162e-01 4.004429e-01
      endloop
   endfacet
   facet normal -1.000000e+00 0.000000e+00 0.000000e+00
      outer loop
         vertex 2.800000e-01 3.223162e-01 4.004429e-01
         vertex 2.800000e-01 3.094399e-01 3.908655e-01
         vertex 2.800000e-01 3.078671e-01 3.914872e-01
      endloop
   endfacet
   facet normal -1.000000e+00 -0.000000e+00 0.000000e+00
      outer loop
         vertex 2.800000e-01 3.223162e-01 4.004429e-01
         vertex 2.800000e-01 3.078671e-01 3.914872e-01
         vertex 2.800000e-01 2.749560e-01 4.098181e-01
      endloop
   endfacet
   facet normal -1.000000e+00 0.000000e+00 0.000000e+00
      outer loop
         vertex 2.800000e-01 9.143717e-02 6.830000e-01
         vertex 2.800000e-01 3.064530e-01 4.590040e-01
         vertex 2.800000e-01 3.132860e-01 4.464847e-01
      endloop
   endfacet
   facet normal -1.000000e+00 0.000000e+00 0.000000e+00
      outer loop
         vertex 2.800000e-01 9.143717e-02 6.830000e-01
         vertex 2.800000e-01 3.132860e-01 4.464847e-01
         vertex 2.800000e-01 3.182685e-01 4.331208e-01
      endloop
   endfacet
   facet normal -1.000000e+00 -0.000000e+00 -0.000000e+00
      outer loop
         vertex 2.800000e-01 3.182685e-01 4.331208e-01
         vertex 2.800000e-01 3.212991e-01 4.191839e-01
         vertex 2.800000e-01 9.143717e-02 6.830000e-01
      endloop
   endfacet
   facet normal -1.000000e+00 0.000000e+00 0.000000e+00
      outer loop
         vertex 2.800000e-01 9.143717e-02 6.830000e-01
         vertex 2.800000e-01 3.212991e-01 4.191839e-01
         vertex 2.800000e-01 3.223162e-01 4.049577e-01
      endloop
   endfacet
   facet normal -1.000000e+00 0.000000e+00 0.000000e+00
      outer loop
         vertex 2.800000e-01 9.143717e-02 6.830000e-01
         vertex 2.800000e-01 3.223162e-01 4.049577e-01
         vertex 2.800000e-01 3.223162e-01 4.004429e-01
      endloop
   endfacet
   facet normal -1.000000e+00 -0.000000e+00 0.000000e+00
      outer loop
         vertex 2.800000e-01 1.030598e-01 7.852471e-01
         vertex 2.800000e-01 9.143858e-02 6.830019e-01
         vertex 2.800000e-01 9.663095e-02 8.071502e-01
      endloop
   endfacet
   facet normal 1.000000e+00 0.000000e+00 0.000000e+00
      outer loop
         vertex 2.800000e-01 9.663095e-02 8.071502e-01
         vertex 2.800000e-01 9.143858e-02 6.830019e-01
         vertex 2.800000e-01 9.143895e-02 6.830071e-01
      endloop
   endfacet
   facet normal -1.000000e+00 -0.000000e+00 0.000000e+00
      outer loop
         vertex 2.800000e-01 9.663095e-02 8.071502e-01
         vertex 2.800000e-01 9.143895e-02 6.830071e-01
         vertex 2.800000e-01 9.273986e-02 8.296432e-01
      endloop
   endfacet
   facet normal -1.000000e+00 0.000000e+00 0.000000e+00
      outer loop
         vertex 2.800000e-01 9.273986e-02 8.296432e-01
         vertex 2.800000e-01 9.143895e-02 6.830071e-01
         vertex 2.800000e-01 8.548357e-02 8.211225e-01
      endloop
   endfacet
   facet normal -1.000000e+00 -0.000000e+00 0.000000e+00
      outer loop
         vertex 2.800000e-01 9.273986e-02 8.296432e-01
         vertex 2.800000e-01 8.548357e-02 8.211225e-01
         vertex 2.800000e-01 9.042114e-02 8.477299e-01
      endloop
   endfacet
   facet normal -1.000000e+00 0.000000e+00 0.000000e+00
      outer loop
         vertex 2.800000e-01 3.160768e-01 3.911769e-01
         vertex 2.800000e-01 3.223162e-01 4.004429e-01
         vertex 2.800000e-01 3.175845e-01 3.919431e-01
      endloop
   endfacet
   facet normal -1.000000e+00 0.000000e+00 0.000000e+00
      outer loop
         vertex 2.800000e-01 3.175845e-01 3.919431e-01
         vertex 2.800000e-01 3.223162e-01 4.004429e-01
         vertex 2.800000e-01 3.221732e-01 3.987577e-01
      endloop
   endfacet
   facet normal -1.000000e+00 -0.000000e+00 0.000000e+00
      outer loop
         vertex 2.800000e-01 3.160768e-01 3.911769e-01
         vertex 2.800000e-01 3.144615e-01 3.906757e-01
         vertex 2.800000e-01 3.223162e-01 4.004429e-01
      endloop
   endfacet
   facet normal -1.000000e+00 0.000000e+00 0.000000e+00
      outer loop
         vertex 2.800000e-01 3.223162e-01 4.004429e-01
         vertex 2.800000e-01 3.144615e-01 3.906757e-01
         vertex 2.800000e-01 3.127849e-01 3.904538e-01
      endloop
   endfacet
   facet normal -1.000000e+00 0.000000e+00 0.000000e+00
      outer loop
         vertex 2.800000e-01 3.223162e-01 4.004429e-01
         vertex 2.800000e-01 3.127849e-01 3.904538e-01
         vertex 2.800000e-01 3.110949e-01 3.905177e-01
      endloop
   endfacet
   facet normal -1.000000e+00 0.000000e+00 0.000000e+00
      outer loop
         vertex 2.800000e-01 3.221732e-01 3.987577e-01
         vertex 2.800000e-01 3.217483e-01 3.971207e-01
         vertex 2.800000e-01 3.175845e-01 3.919431e-01
      endloop
   endfacet
   facet normal -1.000000e+00 0.000000e+00 0.000000e+00
      outer loop
         vertex 2.800000e-01 3.175845e-01 3.919431e-01
         vertex 2.800000e-01 3.217483e-01 3.971207e-01
         vertex 2.800000e-01 3.210536e-01 3.955788e-01
      endloop
   endfacet
   facet normal -1.000000e+00 0.000000e+00 0.000000e+00
      outer loop
         vertex 2.800000e-01 3.175845e-01 3.919431e-01
         vertex 2.800000e-01 3.210536e-01 3.955788e-01
         vertex 2.800000e-01 3.189414e-01 3.929524e-01
      endloop
   endfacet
   facet normal -1.000000e+00 0.000000e+00 0.000000e+00
      outer loop
         vertex 2.800000e-01 3.189414e-01 3.929524e-01
         vertex 2.800000e-01 3.210536e-01 3.955788e-01
         vertex 2.800000e-01 3.201090e-01 3.941760e-01
      endloop
   endfacet
   facet normal 0.000000e+00 6.427622e-01 -7.660657e-01
      outer loop
         vertex 5.350000e-01 3.102411e-01 3.958311e-01
         vertex 5.350000e-01 3.096991e-01 3.953764e-01
         vertex 2.850000e-01 3.102411e-01 3.958311e-01
      endloop
   endfacet
   facet normal 0.000000e+00 6.427622e-01 -7.660657e-01
      outer loop
         vertex 2.850000e-01 3.102411e-01 3.958311e-01
         vertex 5.350000e-01 3.096991e-01 3.953764e-01
         vertex 2.850000e-01 3.096991e-01 3.953764e-01
      endloop
   endfacet
   facet normal 0.000000e+00 6.409236e-01 7.676047e-01
      outer loop
         vertex 5.350000e-01 3.102411e-01 3.958311e-01
         vertex 2.850000e-01 3.102411e-01 3.958311e-01
         vertex 2.850000e-01 3.031453e-01 4.017558e-01
      endloop
   endfacet
   facet normal 0.000000e+00 6.409236e-01 7.676047e-01
      outer loop
         vertex 5.350000e-01 3.102411e-01 3.958311e-01
         vertex 2.850000e-01 3.031453e-01 4.017558e-01
         vertex 5.350000e-01 3.031453e-01 4.017558e-01
      endloop
   endfacet
   facet normal 0.000000e+00 6.999297e-01 7.142118e-01
      outer loop
         vertex 5.350000e-01 3.031453e-01 4.017558e-01
         vertex 2.850000e-01 3.031453e-01 4.017558e-01
         vertex 2.850000e-01 2.866562e-01 4.179152e-01
      endloop
   endfacet
   facet normal 0.000000e+00 6.999297e-01 7.142118e-01
      outer loop
         vertex 5.350000e-01 3.031453e-01 4.017558e-01
         vertex 2.850000e-01 2.866562e-01 4.179152e-01
         vertex 5.350000e-01 2.866562e-01 4.179152e-01
      endloop
   endfacet
   facet normal 0.000000e+00 7.649449e-01 6.440957e-01
      outer loop
         vertex 5.350000e-01 2.866562e-01 4.179152e-01
         vertex 2.850000e-01 2.866562e-01 4.179152e-01
         vertex 2.850000e-01 2.753862e-01 4.312997e-01
      endloop
   endfacet
   facet normal 0.000000e+00 7.649449e-01 6.440957e-01
      outer loop
         vertex 5.350000e-01 2.866562e-01 4.179152e-01
         vertex 2.850000e-01 2.753862e-01 4.312997e-01
         vertex 5.350000e-01 2.753862e-01 4.312997e-01
      endloop
   endfacet
   facet normal 0.000000e+00 8.243350e-01 5.661022e-01
      outer loop
         vertex 5.350000e-01 2.753862e-01 4.312997e-01
         vertex 2.850000e-01 2.753862e-01 4.312997e-01
         vertex 2.850000e-01 2.646776e-01 4.468932e-01
      endloop
   endfacet
   facet normal 0.000000e+00 8.243350e-01 5.661022e-01
      outer loop
         vertex 5.350000e-01 2.753862e-01 4.312997e-01
         vertex 2.850000e-01 2.646776e-01 4.468932e-01
         vertex 5.350000e-01 2.646776e-01 4.468932e-01
      endloop
   endfacet
   facet normal 0.000000e+00 8.759891e-01 4.823309e-01
      outer loop
         vertex 5.350000e-01 2.646776e-01 4.468932e-01
         vertex 2.850000e-01 2.646776e-01 4.468932e-01
         vertex 2.850000e-01 2.558084e-01 4.630009e-01
      endloop
   endfacet
   facet normal 0.000000e+00 8.759891e-01 4.823309e-01
      outer loop
         vertex 5.350000e-01 2.646776e-01 4.468932e-01
         vertex 2.850000e-01 2.558084e-01 4.630009e-01
         vertex 5.350000e-01 2.558084e-01 4.630009e-01
      endloop
   endfacet
   facet normal 0.000000e+00 8.521721e-01 5.232616e-01
      outer loop
         vertex 5.350000e-01 2.558084e-01 4.630009e-01
         vertex 2.850000e-01 2.558084e-01 4.630009e-01
         vertex 2.850000e-01 2.531552e-01 4.673219e-01
      endloop
   endfacet
   facet normal 0.000000e+00 8.521721e-01 5.232616e-01
      outer loop
         vertex 5.350000e-01 2.558084e-01 4.630009e-01
         vertex 2.850000e-01 2.531552e-01 4.673219e-01
         vertex 5.350000e-01 2.531552e-01 4.673219e-01
      endloop
   endfacet
   facet normal 0.000000e+00 7.790022e-01 6.270211e-01
      outer loop
         vertex 5.350000e-01 2.531552e-01 4.673219e-01
         vertex 2.850000e-01 2.531552e-01 4.673219e-01
         vertex 2.850000e-01 2.510093e-01 4.699880e-01
      endloop
   endfacet
   facet normal 0.000000e+00 7.790022e-01 6.270211e-01
      outer loop
         vertex 5.350000e-01 2.531552e-01 4.673219e-01
         vertex 2.850000e-01 2.510093e-01 4.699880e-01
         vertex 5.350000e-01 2.510093e-01 4.699880e-01
      endloop
   endfacet
   facet normal 0.000000e+00 6.703288e-01 7.420643e-01
      outer loop
         vertex 5.350000e-01 2.510093e-01 4.699880e-01
         vertex 2.850000e-01 2.510093e-01 4.699880e-01
         vertex 2.850000e-01 2.502512e-01 4.706728e-01
      endloop
   endfacet
   facet normal 0.000000e+00 6.703288e-01 7.420643e-01
      outer loop
         vertex 5.350000e-01 2.510093e-01 4.699880e-01
         vertex 2.850000e-01 2.502512e-01 4.706728e-01
         vertex 5.350000e-01 2.502512e-01 4.706728e-01
      endloop
   endfacet
   facet normal 0.000000e+00 5.595665e-01 8.287855e-01
      outer loop
         vertex 5.350000e-01 2.502512e-01 4.706728e-01
         vertex 2.850000e-01 2.502512e-01 4.706728e-01
         vertex 2.850000e-01 2.496620e-01 4.710706e-01
      endloop
   endfacet
   facet normal 0.000000e+00 5.595665e-01 8.287855e-01
      outer loop
         vertex 5.350000e-01 2.502512e-01 4.706728e-01
         vertex 2.850000e-01 2.496620e-01 4.710706e-01
         vertex 5.350000e-01 2.496620e-01 4.710706e-01
      endloop
   endfacet
   facet normal 0.000000e+00 4.510585e-01 8.924944e-01
      outer loop
         vertex 5.350000e-01 2.496620e-01 4.710706e-01
         vertex 2.850000e-01 2.496620e-01 4.710706e-01
         vertex 2.850000e-01 2.493967e-01 4.712047e-01
      endloop
   endfacet
   facet normal 0.000000e+00 4.510585e-01 8.924944e-01
      outer loop
         vertex 5.350000e-01 2.496620e-01 4.710706e-01
         vertex 2.850000e-01 2.493967e-01 4.712047e-01
         vertex 5.350000e-01 2.493967e-01 4.712047e-01
      endloop
   endfacet
   facet normal 0.000000e+00 3.533163e-01 9.355039e-01
      outer loop
         vertex 5.350000e-01 2.493967e-01 4.712047e-01
         vertex 2.850000e-01 2.493967e-01 4.712047e-01
         vertex 2.850000e-01 2.491780e-01 4.712873e-01
      endloop
   endfacet
   facet normal 0.000000e+00 3.533163e-01 9.355039e-01
      outer loop
         vertex 5.350000e-01 2.493967e-01 4.712047e-01
         vertex 2.850000e-01 2.491780e-01 4.712873e-01
         vertex 5.350000e-01 2.491780e-01 4.712873e-01
      endloop
   endfacet
   facet normal 0.000000e+00 2.079847e-01 9.781321e-01
      outer loop
         vertex 5.350000e-01 2.491780e-01 4.712873e-01
         vertex 2.850000e-01 2.491780e-01 4.712873e-01
         vertex 2.850000e-01 2.489898e-01 4.713273e-01
      endloop
   endfacet
   facet normal 0.000000e+00 2.079847e-01 9.781321e-01
      outer loop
         vertex 5.350000e-01 2.491780e-01 4.712873e-01
         vertex 2.850000e-01 2.489898e-01 4.713273e-01
         vertex 5.350000e-01 2.489898e-01 4.713273e-01
      endloop
   endfacet
   facet normal 0.000000e+00 5.688389e-02 9.983808e-01
      outer loop
         vertex 5.350000e-01 2.489898e-01 4.713273e-01
         vertex 2.850000e-01 2.489898e-01 4.713273e-01
         vertex 2.850000e-01 2.489029e-01 4.713323e-01
      endloop
   endfacet
   facet normal 0.000000e+00 5.688389e-02 9.983808e-01
      outer loop
         vertex 5.350000e-01 2.489898e-01 4.713273e-01
         vertex 2.850000e-01 2.489029e-01 4.713323e-01
         vertex 5.350000e-01 2.489029e-01 4.713323e-01
      endloop
   endfacet
   facet normal 0.000000e+00 -1.076350e-01 9.941905e-01
      outer loop
         vertex 5.350000e-01 2.489029e-01 4.713323e-01
         vertex 2.850000e-01 2.489029e-01 4.713323e-01
         vertex 2.850000e-01 2.488099e-01 4.713222e-01
      endloop
   endfacet
   facet normal 0.000000e+00 -1.076350e-01 9.941905e-01
      outer loop
         vertex 5.350000e-01 2.489029e-01 4.713323e-01
         vertex 2.850000e-01 2.488099e-01 4.713222e-01
         vertex 5.350000e-01 2.488099e-01 4.713222e-01
      endloop
   endfacet
   facet normal 0.000000e+00 -2.521724e-01 9.676823e-01
      outer loop
         vertex 5.350000e-01 2.488099e-01 4.713222e-01
         vertex 2.850000e-01 2.488099e-01 4.713222e-01
         vertex 2.850000e-01 2.486735e-01 4.712866e-01
      endloop
   endfacet
   facet normal 0.000000e+00 -2.521724e-01 9.676823e-01
      outer loop
         vertex 5.350000e-01 2.488099e-01 4.713222e-01
         vertex 2.850000e-01 2.486735e-01 4.712866e-01
         vertex 5.350000e-01 2.486735e-01 4.712866e-01
      endloop
   endfacet
   facet normal 0.000000e+00 -3.893682e-01 9.210822e-01
      outer loop
         vertex 5.350000e-01 2.486735e-01 4.712866e-01
         vertex 2.850000e-01 2.486735e-01 4.712866e-01
         vertex 2.850000e-01 2.484461e-01 4.711905e-01
      endloop
   endfacet
   facet normal 0.000000e+00 -3.893682e-01 9.210822e-01
      outer loop
         vertex 5.350000e-01 2.486735e-01 4.712866e-01
         vertex 2.850000e-01 2.484461e-01 4.711905e-01
         vertex 5.350000e-01 2.484461e-01 4.711905e-01
      endloop
   endfacet
   facet normal 0.000000e+00 -5.370408e-01 8.435563e-01
      outer loop
         vertex 5.350000e-01 2.484461e-01 4.711905e-01
         vertex 2.850000e-01 2.484461e-01 4.711905e-01
         vertex 2.850000e-01 2.481460e-01 4.709995e-01
      endloop
   endfacet
   facet normal 0.000000e+00 -5.370408e-01 8.435563e-01
      outer loop
         vertex 5.350000e-01 2.484461e-01 4.711905e-01
         vertex 2.850000e-01 2.481460e-01 4.709995e-01
         vertex 5.350000e-01 2.481460e-01 4.709995e-01
      endloop
   endfacet
   facet normal 0.000000e+00 -6.654365e-01 7.464545e-01
      outer loop
         vertex 5.350000e-01 2.481460e-01 4.709995e-01
         vertex 2.850000e-01 2.481460e-01 4.709995e-01
         vertex 2.850000e-01 2.478090e-01 4.706990e-01
      endloop
   endfacet
   facet normal 0.000000e+00 -6.654365e-01 7.464545e-01
      outer loop
         vertex 5.350000e-01 2.481460e-01 4.709995e-01
         vertex 2.850000e-01 2.478090e-01 4.706990e-01
         vertex 5.350000e-01 2.478090e-01 4.706990e-01
      endloop
   endfacet
   facet normal 0.000000e+00 -7.760586e-01 6.306608e-01
      outer loop
         vertex 5.350000e-01 2.478090e-01 4.706990e-01
         vertex 2.850000e-01 2.478090e-01 4.706990e-01
         vertex 2.850000e-01 2.473938e-01 4.701881e-01
      endloop
   endfacet
   facet normal 0.000000e+00 -7.760586e-01 6.306608e-01
      outer loop
         vertex 5.350000e-01 2.478090e-01 4.706990e-01
         vertex 2.850000e-01 2.473938e-01 4.701881e-01
         vertex 5.350000e-01 2.473938e-01 4.701881e-01
      endloop
   endfacet
   facet normal 0.000000e+00 -8.652986e-01 5.012568e-01
      outer loop
         vertex 5.350000e-01 2.473938e-01 4.701881e-01
         vertex 2.850000e-01 2.473938e-01 4.701881e-01
         vertex 2.850000e-01 2.469386e-01 4.694023e-01
      endloop
   endfacet
   facet normal 0.000000e+00 -8.652986e-01 5.012568e-01
      outer loop
         vertex 5.350000e-01 2.473938e-01 4.701881e-01
         vertex 2.850000e-01 2.469386e-01 4.694023e-01
         vertex 5.350000e-01 2.469386e-01 4.694023e-01
      endloop
   endfacet
   facet normal 0.000000e+00 -9.337589e-01 3.579025e-01
      outer loop
         vertex 5.350000e-01 2.469386e-01 4.694023e-01
         vertex 2.850000e-01 2.469386e-01 4.694023e-01
         vertex 2.850000e-01 2.464847e-01 4.682181e-01
      endloop
   endfacet
   facet normal 0.000000e+00 -9.337589e-01 3.579025e-01
      outer loop
         vertex 5.350000e-01 2.469386e-01 4.694023e-01
         vertex 2.850000e-01 2.464847e-01 4.682181e-01
         vertex 5.350000e-01 2.464847e-01 4.682181e-01
      endloop
   endfacet
   facet normal 0.000000e+00 -9.785674e-01 2.059269e-01
      outer loop
         vertex 5.350000e-01 2.464847e-01 4.682181e-01
         vertex 2.850000e-01 2.464847e-01 4.682181e-01
         vertex 2.850000e-01 2.461052e-01 4.664149e-01
      endloop
   endfacet
   facet normal 0.000000e+00 -9.785674e-01 2.059269e-01
      outer loop
         vertex 5.350000e-01 2.464847e-01 4.682181e-01
         vertex 2.850000e-01 2.461052e-01 4.664149e-01
         vertex 5.350000e-01 2.461052e-01 4.664149e-01
      endloop
   endfacet
   facet normal 0.000000e+00 -9.987236e-01 5.050932e-02
      outer loop
         vertex 5.350000e-01 2.461052e-01 4.664149e-01
         vertex 2.850000e-01 2.461052e-01 4.664149e-01
         vertex 2.850000e-01 2.459650e-01 4.636417e-01
      endloop
   endfacet
   facet normal 0.000000e+00 -9.987236e-01 5.050932e-02
      outer loop
         vertex 5.350000e-01 2.461052e-01 4.664149e-01
         vertex 2.850000e-01 2.459650e-01 4.636417e-01
         vertex 5.350000e-01 2.459650e-01 4.636417e-01
      endloop
   endfacet
   facet normal -0.000000e+00 -9.944429e-01 -1.052777e-01
      outer loop
         vertex 5.350000e-01 2.459650e-01 4.636417e-01
         vertex 2.850000e-01 2.459650e-01 4.636417e-01
         vertex 2.850000e-01 2.464121e-01 4.594178e-01
      endloop
   endfacet
   facet normal 0.000000e+00 -9.944429e-01 -1.052777e-01
      outer loop
         vertex 5.350000e-01 2.459650e-01 4.636417e-01
         vertex 2.850000e-01 2.464121e-01 4.594178e-01
         vertex 5.350000e-01 2.464121e-01 4.594178e-01
      endloop
   endfacet
   facet normal -0.000000e+00 -9.661769e-01 -2.578802e-01
      outer loop
         vertex 5.350000e-01 2.464121e-01 4.594178e-01
         vertex 2.850000e-01 2.464121e-01 4.594178e-01
         vertex 2.850000e-01 2.481130e-01 4.530455e-01
      endloop
   endfacet
   facet normal 0.000000e+00 -9.661769e-01 -2.578802e-01
      outer loop
         vertex 5.350000e-01 2.464121e-01 4.594178e-01
         vertex 2.850000e-01 2.481130e-01 4.530455e-01
         vertex 5.350000e-01 2.481130e-01 4.530455e-01
      endloop
   endfacet
   facet normal -0.000000e+00 -9.144101e-01 -4.047890e-01
      outer loop
         vertex 5.350000e-01 2.481130e-01 4.530455e-01
         vertex 2.850000e-01 2.481130e-01 4.530455e-01
         vertex 2.850000e-01 2.520963e-01 4.440472e-01
      endloop
   endfacet
   facet normal 0.000000e+00 -9.144101e-01 -4.047890e-01
      outer loop
         vertex 5.350000e-01 2.481130e-01 4.530455e-01
         vertex 2.850000e-01 2.520963e-01 4.440472e-01
         vertex 5.350000e-01 2.520963e-01 4.440472e-01
      endloop
   endfacet
   facet normal -0.000000e+00 -8.713620e-01 -4.906406e-01
      outer loop
         vertex 5.350000e-01 2.520963e-01 4.440472e-01
         vertex 2.850000e-01 2.520963e-01 4.440472e-01
         vertex 2.850000e-01 2.535874e-01 4.413990e-01
      endloop
   endfacet
   facet normal 0.000000e+00 -8.713620e-01 -4.906406e-01
      outer loop
         vertex 5.350000e-01 2.520963e-01 4.440472e-01
         vertex 2.850000e-01 2.535874e-01 4.413990e-01
         vertex 5.350000e-01 2.535874e-01 4.413990e-01
      endloop
   endfacet
   facet normal -0.000000e+00 -8.171508e-01 -5.764240e-01
      outer loop
         vertex 5.350000e-01 2.535874e-01 4.413990e-01
         vertex 2.850000e-01 2.535874e-01 4.413990e-01
         vertex 2.850000e-01 2.604567e-01 4.316609e-01
      endloop
   endfacet
   facet normal 0.000000e+00 -8.171508e-01 -5.764240e-01
      outer loop
         vertex 5.350000e-01 2.535874e-01 4.413990e-01
         vertex 2.850000e-01 2.604567e-01 4.316609e-01
         vertex 5.350000e-01 2.604567e-01 4.316609e-01
      endloop
   endfacet
   facet normal -0.000000e+00 -7.210504e-01 -6.928827e-01
      outer loop
         vertex 5.350000e-01 2.604567e-01 4.316609e-01
         vertex 2.850000e-01 2.604567e-01 4.316609e-01
         vertex 2.850000e-01 2.687568e-01 4.230234e-01
      endloop
   endfacet
   facet normal 0.000000e+00 -7.210504e-01 -6.928827e-01
      outer loop
         vertex 5.350000e-01 2.604567e-01 4.316609e-01
         vertex 2.850000e-01 2.687568e-01 4.230234e-01
         vertex 5.350000e-01 2.687568e-01 4.230234e-01
      endloop
   endfacet
   facet normal -0.000000e+00 -6.221067e-01 -7.829325e-01
      outer loop
         vertex 5.350000e-01 2.687568e-01 4.230234e-01
         vertex 2.850000e-01 2.687568e-01 4.230234e-01
         vertex 2.850000e-01 2.828547e-01 4.118214e-01
      endloop
   endfacet
   facet normal 0.000000e+00 -6.221067e-01 -7.829325e-01
      outer loop
         vertex 5.350000e-01 2.687568e-01 4.230234e-01
         vertex 2.850000e-01 2.828547e-01 4.118214e-01
         vertex 5.350000e-01 2.828547e-01 4.118214e-01
      endloop
   endfacet
   facet normal -0.000000e+00 -5.588862e-01 -8.292443e-01
      outer loop
         vertex 5.350000e-01 2.828547e-01 4.118214e-01
         vertex 2.850000e-01 2.828547e-01 4.118214e-01
         vertex 2.850000e-01 2.978636e-01 4.017059e-01
      endloop
   endfacet
   facet normal 0.000000e+00 -5.588862e-01 -8.292443e-01
      outer loop
         vertex 5.350000e-01 2.828547e-01 4.118214e-01
         vertex 2.850000e-01 2.978636e-01 4.017059e-01
         vertex 5.350000e-01 2.978636e-01 4.017059e-01
      endloop
   endfacet
   facet normal -0.000000e+00 -4.946300e-01 -8.691037e-01
      outer loop
         vertex 5.350000e-01 2.978636e-01 4.017059e-01
         vertex 2.850000e-01 2.978636e-01 4.017059e-01
         vertex 2.850000e-01 3.071294e-01 3.964325e-01
      endloop
   endfacet
   facet normal 0.000000e+00 -4.946300e-01 -8.691037e-01
      outer loop
         vertex 5.350000e-01 2.978636e-01 4.017059e-01
         vertex 2.850000e-01 3.071294e-01 3.964325e-01
         vertex 5.350000e-01 3.071294e-01 3.964325e-01
      endloop
   endfacet
   facet normal -0.000000e+00 -3.801368e-01 -9.249303e-01
      outer loop
         vertex 5.350000e-01 3.071294e-01 3.964325e-01
         vertex 2.850000e-01 3.071294e-01 3.964325e-01
         vertex 2.850000e-01 3.096991e-01 3.953764e-01
      endloop
   endfacet
   facet normal 0.000000e+00 -3.801368e-01 -9.249303e-01
      outer loop
         vertex 5.350000e-01 3.071294e-01 3.964325e-01
         vertex 2.850000e-01 3.096991e-01 3.953764e-01
         vertex 5.350000e-01 3.096991e-01 3.953764e-01
      endloop
   endfacet
   facet normal -1.000000e+00 0.000000e+00 0.000000e+00
      outer loop
         vertex 5.350000e-01 1.774033e-01 5.567409e-01
         vertex 5.350000e-01 1.773017e-01 5.567649e-01
         vertex 5.350000e-01 1.231636e-01 7.443405e-01
      endloop
   endfacet
   facet normal -1.000000e+00 -0.000000e+00 -0.000000e+00
      outer loop
         vertex 5.350000e-01 1.725576e-01 5.353187e-01
         vertex 5.350000e-01 1.753900e-01 5.238547e-01
         vertex 5.350000e-01 1.590938e-01 5.430087e-01
      endloop
   endfacet
   facet normal -1.000000e+00 -0.000000e+00 0.000000e+00
      outer loop
         vertex 5.350000e-01 2.489029e-01 4.713323e-01
         vertex 5.350000e-01 2.488099e-01 4.713222e-01
         vertex 5.350000e-01 1.932352e-01 5.186548e-01
      endloop
   endfacet
   facet normal -1.000000e+00 0.000000e+00 0.000000e+00
      outer loop
         vertex 5.350000e-01 1.932352e-01 5.186548e-01
         vertex 5.350000e-01 2.488099e-01 4.713222e-01
         vertex 5.350000e-01 2.486735e-01 4.712866e-01
      endloop
   endfacet
   facet normal -1.000000e+00 0.000000e+00 0.000000e+00
      outer loop
         vertex 5.350000e-01 1.932352e-01 5.186548e-01
         vertex 5.350000e-01 2.486735e-01 4.712866e-01
         vertex 5.350000e-01 2.484461e-01 4.711905e-01
      endloop
   endfacet
   facet normal -1.000000e+00 0.000000e+00 0.000000e+00
      outer loop
         vertex 5.350000e-01 2.531552e-01 4.673219e-01
         vertex 5.350000e-01 2.510093e-01 4.699880e-01
         vertex 5.350000e-01 3.064530e-01 4.590040e-01
      endloop
   endfacet
   facet normal -1.000000e+00 0.000000e+00 0.000000e+00
      outer loop
         vertex 5.350000e-01 1.126996e-01 6.930434e-01
         vertex 5.350000e-01 1.125738e-01 6.931028e-01
         vertex 5.350000e-01 1.119426e-01 7.642193e-01
      endloop
   endfacet
   facet normal -1.000000e+00 -0.000000e+00 0.000000e+00
      outer loop
         vertex 5.350000e-01 3.201090e-01 3.941760e-01
         vertex 5.350000e-01 3.189414e-01 3.929524e-01
         vertex 5.350000e-01 3.102411e-01 3.958311e-01
      endloop
   endfacet
   facet normal -1.000000e+00 0.000000e+00 0.000000e+00
      outer loop
         vertex 5.350000e-01 3.102411e-01 3.958311e-01
         vertex 5.350000e-01 3.144615e-01 3.906757e-01
         vertex 5.350000e-01 3.127849e-01 3.904538e-01
      endloop
   endfacet
   facet normal -1.000000e+00 -0.000000e+00 0.000000e+00
      outer loop
         vertex 5.350000e-01 2.478090e-01 4.706990e-01
         vertex 5.350000e-01 2.283695e-01 4.614262e-01
         vertex 5.350000e-01 2.481460e-01 4.709995e-01
      endloop
   endfacet
   facet normal -1.000000e+00 -0.000000e+00 0.000000e+00
      outer loop
         vertex 5.350000e-01 2.481460e-01 4.709995e-01
         vertex 5.350000e-01 2.283695e-01 4.614262e-01
         vertex 5.350000e-01 2.143965e-01 4.802448e-01
      endloop
   endfacet
   facet normal -1.000000e+00 0.000000e+00 0.000000e+00
      outer loop
         vertex 5.350000e-01 2.481460e-01 4.709995e-01
         vertex 5.350000e-01 2.143965e-01 4.802448e-01
         vertex 5.350000e-01 2.484461e-01 4.711905e-01
      endloop
   endfacet
   facet normal -1.000000e+00 0.000000e+00 0.000000e+00
      outer loop
         vertex 5.350000e-01 2.484461e-01 4.711905e-01
         vertex 5.350000e-01 2.143965e-01 4.802448e-01
         vertex 5.350000e-01 2.021044e-01 5.005029e-01
      endloop
   endfacet
   facet normal -1.000000e+00 0.000000e+00 0.000000e+00
      outer loop
         vertex 5.350000e-01 2.484461e-01 4.711905e-01
         vertex 5.350000e-01 2.021044e-01 5.005029e-01
         vertex 5.350000e-01 1.932352e-01 5.186548e-01
      endloop
   endfacet
   facet normal -1.000000e+00 0.000000e+00 0.000000e+00
      outer loop
         vertex 5.350000e-01 2.478090e-01 4.706990e-01
         vertex 5.350000e-01 2.473938e-01 4.701881e-01
         vertex 5.350000e-01 2.283695e-01 4.614262e-01
      endloop
   endfacet
   facet normal -1.000000e+00 0.000000e+00 0.000000e+00
      outer loop
         vertex 5.350000e-01 2.283695e-01 4.614262e-01
         vertex 5.350000e-01 2.473938e-01 4.701881e-01
         vertex 5.350000e-01 2.469386e-01 4.694023e-01
      endloop
   endfacet
   facet normal -1.000000e+00 0.000000e+00 0.000000e+00
      outer loop
         vertex 5.350000e-01 2.283695e-01 4.614262e-01
         vertex 5.350000e-01 2.469386e-01 4.694023e-01
         vertex 5.350000e-01 2.464847e-01 4.682181e-01
      endloop
   endfacet
   facet normal -1.000000e+00 0.000000e+00 -0.000000e+00
      outer loop
         vertex 5.350000e-01 3.102411e-01 3.958311e-01
         vertex 5.350000e-01 3.127849e-01 3.904538e-01
         vertex 5.350000e-01 3.096991e-01 3.953764e-01
      endloop
   endfacet
   facet normal -1.000000e+00 0.000000e+00 0.000000e+00
      outer loop
         vertex 5.350000e-01 1.125738e-01 6.931028e-01
         vertex 5.350000e-01 1.124297e-01 6.931437e-01
         vertex 5.350000e-01 1.119426e-01 7.642193e-01
      endloop
   endfacet
   facet normal -1.000000e+00 0.000000e+00 0.000000e+00
      outer loop
         vertex 5.350000e-01 1.119426e-01 7.642193e-01
         vertex 5.350000e-01 1.124297e-01 6.931437e-01
         vertex 5.350000e-01 1.122060e-01 6.931727e-01
      endloop
   endfacet
   facet normal -1.000000e+00 -0.000000e+00 -0.000000e+00
      outer loop
         vertex 5.350000e-01 1.119426e-01 7.642193e-01
         vertex 5.350000e-01 1.122060e-01 6.931727e-01
         vertex 5.350000e-01 1.030598e-01 7.852471e-01
      endloop
   endfacet
   facet normal -1.000000e+00 0.000000e+00 0.000000e+00
      outer loop
         vertex 5.350000e-01 1.030598e-01 7.852471e-01
         vertex 5.350000e-01 1.122060e-01 6.931727e-01
         vertex 5.350000e-01 1.118111e-01 6.931664e-01
      endloop
   endfacet
   facet normal -1.000000e+00 0.000000e+00 0.000000e+00
      outer loop
         vertex 5.350000e-01 1.030598e-01 7.852471e-01
         vertex 5.350000e-01 1.118111e-01 6.931664e-01
         vertex 5.350000e-01 1.112515e-01 6.930628e-01
      endloop
   endfacet
   facet normal -1.000000e+00 0.000000e+00 -0.000000e+00
      outer loop
         vertex 5.350000e-01 1.753900e-01 5.238547e-01
         vertex 5.350000e-01 1.766002e-01 5.204147e-01
         vertex 5.350000e-01 1.646721e-01 5.112731e-01
      endloop
   endfacet
   facet normal -1.000000e+00 0.000000e+00 0.000000e+00
      outer loop
         vertex 5.350000e-01 1.646721e-01 5.112731e-01
         vertex 5.350000e-01 1.766002e-01 5.204147e-01
         vertex 5.350000e-01 1.826890e-01 5.074751e-01
      endloop
   endfacet
   facet normal -1.000000e+00 0.000000e+00 0.000000e+00
      outer loop
         vertex 5.350000e-01 1.646721e-01 5.112731e-01
         vertex 5.350000e-01 1.826890e-01 5.074751e-01
         vertex 5.350000e-01 1.885278e-01 4.821173e-01
      endloop
   endfacet
   facet normal -1.000000e+00 0.000000e+00 -0.000000e+00
      outer loop
         vertex 5.350000e-01 2.520963e-01 4.440472e-01
         vertex 5.350000e-01 2.535874e-01 4.413990e-01
         vertex 5.350000e-01 2.439154e-01 4.311638e-01
      endloop
   endfacet
   facet normal -1.000000e+00 -0.000000e+00 0.000000e+00
      outer loop
         vertex 5.350000e-01 3.189414e-01 3.929524e-01
         vertex 5.350000e-01 3.175845e-01 3.919431e-01
         vertex 5.350000e-01 3.102411e-01 3.958311e-01
      endloop
   endfacet
   facet normal -1.000000e+00 0.000000e+00 0.000000e+00
      outer loop
         vertex 5.350000e-01 3.102411e-01 3.958311e-01
         vertex 5.350000e-01 3.175845e-01 3.919431e-01
         vertex 5.350000e-01 3.160768e-01 3.911769e-01
      endloop
   endfacet
   facet normal -1.000000e+00 0.000000e+00 0.000000e+00
      outer loop
         vertex 5.350000e-01 3.102411e-01 3.958311e-01
         vertex 5.350000e-01 3.160768e-01 3.911769e-01
         vertex 5.350000e-01 3.144615e-01 3.906757e-01
      endloop
   endfacet
   facet normal -1.000000e+00 -0.000000e+00 0.000000e+00
      outer loop
         vertex 5.350000e-01 1.767323e-01 5.566926e-01
         vertex 5.350000e-01 1.763379e-01 5.565294e-01
         vertex 5.350000e-01 1.178478e-01 6.764227e-01
      endloop
   endfacet
   facet normal -1.000000e+00 0.000000e+00 0.000000e+00
      outer loop
         vertex 5.350000e-01 1.178478e-01 6.764227e-01
         vertex 5.350000e-01 1.165024e-01 6.844975e-01
         vertex 5.350000e-01 1.767323e-01 5.566926e-01
      endloop
   endfacet
   facet normal -1.000000e+00 0.000000e+00 0.000000e+00
      outer loop
         vertex 5.350000e-01 1.767323e-01 5.566926e-01
         vertex 5.350000e-01 1.165024e-01 6.844975e-01
         vertex 5.350000e-01 1.119426e-01 7.642193e-01
      endloop
   endfacet
   facet normal -1.000000e+00 0.000000e+00 0.000000e+00
      outer loop
         vertex 5.350000e-01 1.767323e-01 5.566926e-01
         vertex 5.350000e-01 1.119426e-01 7.642193e-01
         vertex 5.350000e-01 1.770210e-01 5.567588e-01
      endloop
   endfacet
   facet normal -1.000000e+00 0.000000e+00 0.000000e+00
      outer loop
         vertex 5.350000e-01 1.770210e-01 5.567588e-01
         vertex 5.350000e-01 1.119426e-01 7.642193e-01
         vertex 5.350000e-01 1.231636e-01 7.443405e-01
      endloop
   endfacet
   facet normal -1.000000e+00 0.000000e+00 0.000000e+00
      outer loop
         vertex 5.350000e-01 1.770210e-01 5.567588e-01
         vertex 5.350000e-01 1.231636e-01 7.443405e-01
         vertex 5.350000e-01 1.771897e-01 5.567724e-01
      endloop
   endfacet
   facet normal -1.000000e+00 0.000000e+00 0.000000e+00
      outer loop
         vertex 5.350000e-01 1.771897e-01 5.567724e-01
         vertex 5.350000e-01 1.231636e-01 7.443405e-01
         vertex 5.350000e-01 1.773017e-01 5.567649e-01
      endloop
   endfacet
   facet normal -1.000000e+00 -0.000000e+00 -0.000000e+00
      outer loop
         vertex 5.350000e-01 1.019124e-01 6.438270e-01
         vertex 5.350000e-01 1.059124e-01 6.273996e-01
         vertex 5.350000e-01 9.946253e-02 6.461930e-01
      endloop
   endfacet
   facet normal -1.000000e+00 0.000000e+00 0.000000e+00
      outer loop
         vertex 5.350000e-01 9.042114e-02 8.477299e-01
         vertex 5.350000e-01 9.143717e-02 8.524331e-01
         vertex 5.350000e-01 9.273986e-02 8.296432e-01
      endloop
   endfacet
   facet normal -1.000000e+00 0.000000e+00 0.000000e+00
      outer loop
         vertex 5.350000e-01 3.064530e-01 4.590040e-01
         vertex 5.350000e-01 2.510093e-01 4.699880e-01
         vertex 5.350000e-01 1.231636e-01 7.443405e-01
      endloop
   endfacet
   facet normal -1.000000e+00 0.000000e+00 0.000000e+00
      outer loop
         vertex 5.350000e-01 1.231636e-01 7.443405e-01
         vertex 5.350000e-01 2.510093e-01 4.699880e-01
         vertex 5.350000e-01 2.502512e-01 4.706728e-01
      endloop
   endfacet
   facet normal -1.000000e+00 0.000000e+00 0.000000e+00
      outer loop
         vertex 5.350000e-01 1.231636e-01 7.443405e-01
         vertex 5.350000e-01 2.502512e-01 4.706728e-01
         vertex 5.350000e-01 2.496620e-01 4.710706e-01
      endloop
   endfacet
   facet normal -1.000000e+00 0.000000e+00 0.000000e+00
      outer loop
         vertex 5.350000e-01 1.794827e-01 5.547780e-01
         vertex 5.350000e-01 1.787334e-01 5.557314e-01
         vertex 5.350000e-01 1.231636e-01 7.443405e-01
      endloop
   endfacet
   facet normal -1.000000e+00 0.000000e+00 0.000000e+00
      outer loop
         vertex 5.350000e-01 1.231636e-01 7.443405e-01
         vertex 5.350000e-01 1.787334e-01 5.557314e-01
         vertex 5.350000e-01 1.781317e-01 5.563079e-01
      endloop
   endfacet
   facet normal -1.000000e+00 0.000000e+00 0.000000e+00
      outer loop
         vertex 5.350000e-01 1.745782e-01 5.548935e-01
         vertex 5.350000e-01 1.442271e-01 5.724336e-01
         vertex 5.350000e-01 1.752798e-01 5.557272e-01
      endloop
   endfacet
   facet normal -1.000000e+00 0.000000e+00 0.000000e+00
      outer loop
         vertex 5.350000e-01 1.752798e-01 5.557272e-01
         vertex 5.350000e-01 1.442271e-01 5.724336e-01
         vertex 5.350000e-01 1.341961e-01 5.978187e-01
      endloop
   endfacet
   facet normal -1.000000e+00 0.000000e+00 0.000000e+00
      outer loop
         vertex 5.350000e-01 1.752798e-01 5.557272e-01
         vertex 5.350000e-01 1.341961e-01 5.978187e-01
         vertex 5.350000e-01 1.758770e-01 5.562446e-01
      endloop
   endfacet
   facet normal -1.000000e+00 0.000000e+00 0.000000e+00
      outer loop
         vertex 5.350000e-01 1.758770e-01 5.562446e-01
         vertex 5.350000e-01 1.341961e-01 5.978187e-01
         vertex 5.350000e-01 1.258872e-01 6.251696e-01
      endloop
   endfacet
   facet normal -1.000000e+00 0.000000e+00 0.000000e+00
      outer loop
         vertex 5.350000e-01 1.758770e-01 5.562446e-01
         vertex 5.350000e-01 1.258872e-01 6.251696e-01
         vertex 5.350000e-01 1.763379e-01 5.565294e-01
      endloop
   endfacet
   facet normal -1.000000e+00 0.000000e+00 0.000000e+00
      outer loop
         vertex 5.350000e-01 1.763379e-01 5.565294e-01
         vertex 5.350000e-01 1.258872e-01 6.251696e-01
         vertex 5.350000e-01 1.212642e-01 6.477966e-01
      endloop
   endfacet
   facet normal -1.000000e+00 0.000000e+00 0.000000e+00
      outer loop
         vertex 5.350000e-01 1.763379e-01 5.565294e-01
         vertex 5.350000e-01 1.212642e-01 6.477966e-01
         vertex 5.350000e-01 1.178478e-01 6.764227e-01
      endloop
   endfacet
   facet normal -1.000000e+00 0.000000e+00 -0.000000e+00
      outer loop
         vertex 5.350000e-01 2.535874e-01 4.413990e-01
         vertex 5.350000e-01 2.604567e-01 4.316609e-01
         vertex 5.350000e-01 2.439154e-01 4.311638e-01
      endloop
   endfacet
   facet normal -1.000000e+00 0.000000e+00 0.000000e+00
      outer loop
         vertex 5.350000e-01 2.439154e-01 4.311638e-01
         vertex 5.350000e-01 2.604567e-01 4.316609e-01
         vertex 5.350000e-01 2.687568e-01 4.230234e-01
      endloop
   endfacet
   facet normal -1.000000e+00 0.000000e+00 0.000000e+00
      outer loop
         vertex 5.350000e-01 2.439154e-01 4.311638e-01
         vertex 5.350000e-01 2.687568e-01 4.230234e-01
         vertex 5.350000e-01 2.749560e-01 4.098181e-01
      endloop
   endfacet
   facet normal -1.000000e+00 0.000000e+00 0.000000e+00
      outer loop
         vertex 5.350000e-01 2.496620e-01 4.710706e-01
         vertex 5.350000e-01 2.493967e-01 4.712047e-01
         vertex 5.350000e-01 1.231636e-01 7.443405e-01
      endloop
   endfacet
   facet normal -1.000000e+00 0.000000e+00 0.000000e+00
      outer loop
         vertex 5.350000e-01 1.231636e-01 7.443405e-01
         vertex 5.350000e-01 2.493967e-01 4.712047e-01
         vertex 5.350000e-01 2.491780e-01 4.712873e-01
      endloop
   endfacet
   facet normal -1.000000e+00 0.000000e+00 0.000000e+00
      outer loop
         vertex 5.350000e-01 1.231636e-01 7.443405e-01
         vertex 5.350000e-01 2.491780e-01 4.712873e-01
         vertex 5.350000e-01 2.489898e-01 4.713273e-01
      endloop
   endfacet
   facet normal -1.000000e+00 0.000000e+00 0.000000e+00
      outer loop
         vertex 5.350000e-01 1.781317e-01 5.563079e-01
         vertex 5.350000e-01 1.778478e-01 5.565184e-01
         vertex 5.350000e-01 1.231636e-01 7.443405e-01
      endloop
   endfacet
   facet normal -1.000000e+00 0.000000e+00 0.000000e+00
      outer loop
         vertex 5.350000e-01 1.231636e-01 7.443405e-01
         vertex 5.350000e-01 1.778478e-01 5.565184e-01
         vertex 5.350000e-01 1.776087e-01 5.566588e-01
      endloop
   endfacet
   facet normal -1.000000e+00 0.000000e+00 0.000000e+00
      outer loop
         vertex 5.350000e-01 1.231636e-01 7.443405e-01
         vertex 5.350000e-01 1.776087e-01 5.566588e-01
         vertex 5.350000e-01 1.774033e-01 5.567409e-01
      endloop
   endfacet
   facet normal -1.000000e+00 0.000000e+00 0.000000e+00
      outer loop
         vertex 5.350000e-01 1.165024e-01 6.844975e-01
         vertex 5.350000e-01 1.148928e-01 6.898461e-01
         vertex 5.350000e-01 1.119426e-01 7.642193e-01
      endloop
   endfacet
   facet normal -1.000000e+00 0.000000e+00 0.000000e+00
      outer loop
         vertex 5.350000e-01 1.119426e-01 7.642193e-01
         vertex 5.350000e-01 1.148928e-01 6.898461e-01
         vertex 5.350000e-01 1.141787e-01 6.913164e-01
      endloop
   endfacet
   facet normal -1.000000e+00 0.000000e+00 0.000000e+00
      outer loop
         vertex 5.350000e-01 1.119426e-01 7.642193e-01
         vertex 5.350000e-01 1.141787e-01 6.913164e-01
         vertex 5.350000e-01 1.135430e-01 6.922597e-01
      endloop
   endfacet
   facet normal -1.000000e+00 0.000000e+00 0.000000e+00
      outer loop
         vertex 5.350000e-01 9.946253e-02 6.461930e-01
         vertex 5.350000e-01 1.059124e-01 6.273996e-01
         vertex 5.350000e-01 1.109149e-01 6.103043e-01
      endloop
   endfacet
   facet normal -1.000000e+00 -0.000000e+00 0.000000e+00
      outer loop
         vertex 5.350000e-01 9.663095e-02 8.071502e-01
         vertex 5.350000e-01 8.281558e-02 7.954550e-01
         vertex 5.350000e-01 9.273986e-02 8.296432e-01
      endloop
   endfacet
   facet normal -1.000000e+00 0.000000e+00 0.000000e+00
      outer loop
         vertex 5.350000e-01 9.273986e-02 8.296432e-01
         vertex 5.350000e-01 8.281558e-02 7.954550e-01
         vertex 5.350000e-01 8.548357e-02 8.211225e-01
      endloop
   endfacet
   facet normal -1.000000e+00 -0.000000e+00 0.000000e+00
      outer loop
         vertex 5.350000e-01 9.273986e-02 8.296432e-01
         vertex 5.350000e-01 8.548357e-02 8.211225e-01
         vertex 5.350000e-01 9.042114e-02 8.477299e-01
      endloop
   endfacet
   facet normal -1.000000e+00 0.000000e+00 -0.000000e+00
      outer loop
         vertex 5.350000e-01 2.344023e-01 4.543807e-01
         vertex 5.350000e-01 2.520963e-01 4.440472e-01
         vertex 5.350000e-01 2.338101e-01 4.540388e-01
      endloop
   endfacet
   facet normal -1.000000e+00 0.000000e+00 0.000000e+00
      outer loop
         vertex 5.350000e-01 2.338101e-01 4.540388e-01
         vertex 5.350000e-01 2.520963e-01 4.440472e-01
         vertex 5.350000e-01 2.439154e-01 4.311638e-01
      endloop
   endfacet
   facet normal -1.000000e+00 -0.000000e+00 -0.000000e+00
      outer loop
         vertex 5.350000e-01 2.338101e-01 4.540388e-01
         vertex 5.350000e-01 2.439154e-01 4.311638e-01
         vertex 5.350000e-01 2.313871e-01 4.555304e-01
      endloop
   endfacet
   facet normal -1.000000e+00 0.000000e+00 -0.000000e+00
      outer loop
         vertex 5.350000e-01 2.313871e-01 4.555304e-01
         vertex 5.350000e-01 2.439154e-01 4.311638e-01
         vertex 5.350000e-01 2.150206e-01 4.553350e-01
      endloop
   endfacet
   facet normal -1.000000e+00 -0.000000e+00 0.000000e+00
      outer loop
         vertex 5.350000e-01 2.313871e-01 4.555304e-01
         vertex 5.350000e-01 2.150206e-01 4.553350e-01
         vertex 5.350000e-01 2.289929e-01 4.572057e-01
      endloop
   endfacet
   facet normal -1.000000e+00 -0.000000e+00 0.000000e+00
      outer loop
         vertex 5.350000e-01 3.132860e-01 4.464847e-01
         vertex 5.350000e-01 2.866562e-01 4.179152e-01
         vertex 5.350000e-01 3.064530e-01 4.590040e-01
      endloop
   endfacet
   facet normal -1.000000e+00 0.000000e+00 0.000000e+00
      outer loop
         vertex 5.350000e-01 3.064530e-01 4.590040e-01
         vertex 5.350000e-01 2.866562e-01 4.179152e-01
         vertex 5.350000e-01 2.753862e-01 4.312997e-01
      endloop
   endfacet
   facet normal -1.000000e+00 0.000000e+00 0.000000e+00
      outer loop
         vertex 5.350000e-01 2.753862e-01 4.312997e-01
         vertex 5.350000e-01 2.646776e-01 4.468932e-01
         vertex 5.350000e-01 3.064530e-01 4.590040e-01
      endloop
   endfacet
   facet normal -1.000000e+00 -0.000000e+00 0.000000e+00
      outer loop
         vertex 5.350000e-01 3.064530e-01 4.590040e-01
         vertex 5.350000e-01 2.646776e-01 4.468932e-01
         vertex 5.350000e-01 2.558084e-01 4.630009e-01
      endloop
   endfacet
   facet normal -1.000000e+00 0.000000e+00 0.000000e+00
      outer loop
         vertex 5.350000e-01 3.064530e-01 4.590040e-01
         vertex 5.350000e-01 2.558084e-01 4.630009e-01
         vertex 5.350000e-01 2.531552e-01 4.673219e-01
      endloop
   endfacet
   facet normal -1.000000e+00 -0.000000e+00 0.000000e+00
      outer loop
         vertex 5.350000e-01 3.223162e-01 4.004429e-01
         vertex 5.350000e-01 3.221732e-01 3.987577e-01
         vertex 5.350000e-01 3.031453e-01 4.017558e-01
      endloop
   endfacet
   facet normal -1.000000e+00 0.000000e+00 0.000000e+00
      outer loop
         vertex 5.350000e-01 3.031453e-01 4.017558e-01
         vertex 5.350000e-01 3.221732e-01 3.987577e-01
         vertex 5.350000e-01 3.217483e-01 3.971207e-01
      endloop
   endfacet
   facet normal -1.000000e+00 0.000000e+00 0.000000e+00
      outer loop
         vertex 5.350000e-01 3.031453e-01 4.017558e-01
         vertex 5.350000e-01 3.217483e-01 3.971207e-01
         vertex 5.350000e-01 3.102411e-01 3.958311e-01
      endloop
   endfacet
   facet normal -1.000000e+00 0.000000e+00 0.000000e+00
      outer loop
         vertex 5.350000e-01 3.102411e-01 3.958311e-01
         vertex 5.350000e-01 3.217483e-01 3.971207e-01
         vertex 5.350000e-01 3.210536e-01 3.955788e-01
      endloop
   endfacet
   facet normal -1.000000e+00 0.000000e+00 0.000000e+00
      outer loop
         vertex 5.350000e-01 3.102411e-01 3.958311e-01
         vertex 5.350000e-01 3.210536e-01 3.955788e-01
         vertex 5.350000e-01 3.201090e-01 3.941760e-01
      endloop
   endfacet
   facet normal -1.000000e+00 0.000000e+00 0.000000e+00
      outer loop
         vertex 5.350000e-01 1.794827e-01 5.547780e-01
         vertex 5.350000e-01 1.231636e-01 7.443405e-01
         vertex 5.350000e-01 1.807845e-01 5.525877e-01
      endloop
   endfacet
   facet normal -1.000000e+00 0.000000e+00 0.000000e+00
      outer loop
         vertex 5.350000e-01 1.807845e-01 5.525877e-01
         vertex 5.350000e-01 1.231636e-01 7.443405e-01
         vertex 5.350000e-01 2.489898e-01 4.713273e-01
      endloop
   endfacet
   facet normal -1.000000e+00 0.000000e+00 0.000000e+00
      outer loop
         vertex 5.350000e-01 1.807845e-01 5.525877e-01
         vertex 5.350000e-01 2.489898e-01 4.713273e-01
         vertex 5.350000e-01 1.828216e-01 5.479505e-01
      endloop
   endfacet
   facet normal -1.000000e+00 0.000000e+00 0.000000e+00
      outer loop
         vertex 5.350000e-01 1.135430e-01 6.922597e-01
         vertex 5.350000e-01 1.132298e-01 6.926177e-01
         vertex 5.350000e-01 1.119426e-01 7.642193e-01
      endloop
   endfacet
   facet normal -1.000000e+00 0.000000e+00 0.000000e+00
      outer loop
         vertex 5.350000e-01 1.119426e-01 7.642193e-01
         vertex 5.350000e-01 1.132298e-01 6.926177e-01
         vertex 5.350000e-01 1.129549e-01 6.928713e-01
      endloop
   endfacet
   facet normal -1.000000e+00 0.000000e+00 0.000000e+00
      outer loop
         vertex 5.350000e-01 1.119426e-01 7.642193e-01
         vertex 5.350000e-01 1.129549e-01 6.928713e-01
         vertex 5.350000e-01 1.126996e-01 6.930434e-01
      endloop
   endfacet
   facet normal -1.000000e+00 0.000000e+00 0.000000e+00
      outer loop
         vertex 5.350000e-01 2.464847e-01 4.682181e-01
         vertex 5.350000e-01 2.461052e-01 4.664149e-01
         vertex 5.350000e-01 2.283695e-01 4.614262e-01
      endloop
   endfacet
   facet normal -1.000000e+00 0.000000e+00 0.000000e+00
      outer loop
         vertex 5.350000e-01 2.283695e-01 4.614262e-01
         vertex 5.350000e-01 2.461052e-01 4.664149e-01
         vertex 5.350000e-01 2.459650e-01 4.636417e-01
      endloop
   endfacet
   facet normal -1.000000e+00 0.000000e+00 0.000000e+00
      outer loop
         vertex 5.350000e-01 2.283695e-01 4.614262e-01
         vertex 5.350000e-01 2.459650e-01 4.636417e-01
         vertex 5.350000e-01 2.335106e-01 4.553589e-01
      endloop
   endfacet
   facet normal -1.000000e+00 0.000000e+00 0.000000e+00
      outer loop
         vertex 5.350000e-01 2.335106e-01 4.553589e-01
         vertex 5.350000e-01 2.459650e-01 4.636417e-01
         vertex 5.350000e-01 2.464121e-01 4.594178e-01
      endloop
   endfacet
   facet normal -1.000000e+00 0.000000e+00 0.000000e+00
      outer loop
         vertex 5.350000e-01 2.335106e-01 4.553589e-01
         vertex 5.350000e-01 2.464121e-01 4.594178e-01
         vertex 5.350000e-01 2.344023e-01 4.543807e-01
      endloop
   endfacet
   facet normal -1.000000e+00 0.000000e+00 0.000000e+00
      outer loop
         vertex 5.350000e-01 2.344023e-01 4.543807e-01
         vertex 5.350000e-01 2.464121e-01 4.594178e-01
         vertex 5.350000e-01 2.481130e-01 4.530455e-01
      endloop
   endfacet
   facet normal -1.000000e+00 0.000000e+00 0.000000e+00
      outer loop
         vertex 5.350000e-01 2.344023e-01 4.543807e-01
         vertex 5.350000e-01 2.481130e-01 4.530455e-01
         vertex 5.350000e-01 2.520963e-01 4.440472e-01
      endloop
   endfacet
   facet normal -1.000000e+00 0.000000e+00 0.000000e+00
      outer loop
         vertex 5.350000e-01 1.019124e-01 6.438270e-01
         vertex 5.350000e-01 9.946253e-02 6.461930e-01
         vertex 5.350000e-01 1.008845e-01 6.514039e-01
      endloop
   endfacet
   facet normal -1.000000e+00 -0.000000e+00 0.000000e+00
      outer loop
         vertex 5.350000e-01 1.008845e-01 6.514039e-01
         vertex 5.350000e-01 9.946253e-02 6.461930e-01
         vertex 5.350000e-01 9.143717e-02 6.830000e-01
      endloop
   endfacet
   facet normal -1.000000e+00 0.000000e+00 0.000000e+00
      outer loop
         vertex 5.350000e-01 1.008845e-01 6.514039e-01
         vertex 5.350000e-01 9.143717e-02 6.830000e-01
         vertex 5.350000e-01 1.004413e-01 6.664479e-01
      endloop
   endfacet
   facet normal -1.000000e+00 0.000000e+00 0.000000e+00
      outer loop
         vertex 5.350000e-01 1.004413e-01 6.664479e-01
         vertex 5.350000e-01 9.143717e-02 6.830000e-01
         vertex 5.350000e-01 1.017375e-01 6.769207e-01
      endloop
   endfacet
   facet normal -1.000000e+00 0.000000e+00 -0.000000e+00
      outer loop
         vertex 5.350000e-01 9.663095e-02 8.071502e-01
         vertex 5.350000e-01 1.030598e-01 7.852471e-01
         vertex 5.350000e-01 8.281558e-02 7.954550e-01
      endloop
   endfacet
   facet normal -1.000000e+00 0.000000e+00 0.000000e+00
      outer loop
         vertex 5.350000e-01 8.281558e-02 7.954550e-01
         vertex 5.350000e-01 1.030598e-01 7.852471e-01
         vertex 5.350000e-01 1.112515e-01 6.930628e-01
      endloop
   endfacet
   facet normal -1.000000e+00 0.000000e+00 -0.000000e+00
      outer loop
         vertex 5.350000e-01 8.281558e-02 7.954550e-01
         vertex 5.350000e-01 1.112515e-01 6.930628e-01
         vertex 5.350000e-01 8.217081e-02 7.625010e-01
      endloop
   endfacet
   facet normal -1.000000e+00 0.000000e+00 0.000000e+00
      outer loop
         vertex 5.350000e-01 8.217081e-02 7.625010e-01
         vertex 5.350000e-01 1.112515e-01 6.930628e-01
         vertex 5.350000e-01 1.105713e-01 6.928191e-01
      endloop
   endfacet
   facet normal -1.000000e+00 0.000000e+00 0.000000e+00
      outer loop
         vertex 5.350000e-01 8.217081e-02 7.625010e-01
         vertex 5.350000e-01 1.105713e-01 6.928191e-01
         vertex 5.350000e-01 8.396825e-02 7.303763e-01
      endloop
   endfacet
   facet normal -1.000000e+00 -0.000000e+00 0.000000e+00
      outer loop
         vertex 5.350000e-01 1.105713e-01 6.928191e-01
         vertex 5.350000e-01 1.096492e-01 6.923100e-01
         vertex 5.350000e-01 8.396825e-02 7.303763e-01
      endloop
   endfacet
   facet normal -1.000000e+00 0.000000e+00 0.000000e+00
      outer loop
         vertex 5.350000e-01 8.396825e-02 7.303763e-01
         vertex 5.350000e-01 1.096492e-01 6.923100e-01
         vertex 5.350000e-01 1.085029e-01 6.914172e-01
      endloop
   endfacet
   facet normal -1.000000e+00 0.000000e+00 0.000000e+00
      outer loop
         vertex 5.350000e-01 8.396825e-02 7.303763e-01
         vertex 5.350000e-01 1.085029e-01 6.914172e-01
         vertex 5.350000e-01 8.818913e-02 6.986178e-01
      endloop
   endfacet
   facet normal -1.000000e+00 0.000000e+00 0.000000e+00
      outer loop
         vertex 5.350000e-01 8.818913e-02 6.986178e-01
         vertex 5.350000e-01 1.085029e-01 6.914172e-01
         vertex 5.350000e-01 1.071198e-01 6.899324e-01
      endloop
   endfacet
   facet normal -1.000000e+00 0.000000e+00 0.000000e+00
      outer loop
         vertex 5.350000e-01 1.826890e-01 5.074751e-01
         vertex 5.350000e-01 1.906980e-01 4.955379e-01
         vertex 5.350000e-01 1.885278e-01 4.821173e-01
      endloop
   endfacet
   facet normal -1.000000e+00 0.000000e+00 0.000000e+00
      outer loop
         vertex 5.350000e-01 1.885278e-01 4.821173e-01
         vertex 5.350000e-01 1.906980e-01 4.955379e-01
         vertex 5.350000e-01 2.036072e-01 4.808288e-01
      endloop
   endfacet
   facet normal -1.000000e+00 0.000000e+00 0.000000e+00
      outer loop
         vertex 5.350000e-01 1.885278e-01 4.821173e-01
         vertex 5.350000e-01 2.036072e-01 4.808288e-01
         vertex 5.350000e-01 2.150206e-01 4.553350e-01
      endloop
   endfacet
   facet normal -1.000000e+00 0.000000e+00 0.000000e+00
      outer loop
         vertex 5.350000e-01 2.150206e-01 4.553350e-01
         vertex 5.350000e-01 2.036072e-01 4.808288e-01
         vertex 5.350000e-01 2.217208e-01 4.633205e-01
      endloop
   endfacet
   facet normal -1.000000e+00 0.000000e+00 0.000000e+00
      outer loop
         vertex 5.350000e-01 2.150206e-01 4.553350e-01
         vertex 5.350000e-01 2.217208e-01 4.633205e-01
         vertex 5.350000e-01 2.289929e-01 4.572057e-01
      endloop
   endfacet
   facet normal -1.000000e+00 0.000000e+00 0.000000e+00
      outer loop
         vertex 5.350000e-01 2.687568e-01 4.230234e-01
         vertex 5.350000e-01 2.828547e-01 4.118214e-01
         vertex 5.350000e-01 2.749560e-01 4.098181e-01
      endloop
   endfacet
   facet normal -1.000000e+00 0.000000e+00 0.000000e+00
      outer loop
         vertex 5.350000e-01 2.749560e-01 4.098181e-01
         vertex 5.350000e-01 2.828547e-01 4.118214e-01
         vertex 5.350000e-01 2.978636e-01 4.017059e-01
      endloop
   endfacet
   facet normal -1.000000e+00 0.000000e+00 0.000000e+00
      outer loop
         vertex 5.350000e-01 2.749560e-01 4.098181e-01
         vertex 5.350000e-01 2.978636e-01 4.017059e-01
         vertex 5.350000e-01 3.078671e-01 3.914872e-01
      endloop
   endfacet
   facet normal -1.000000e+00 0.000000e+00 0.000000e+00
      outer loop
         vertex 5.350000e-01 3.078671e-01 3.914872e-01
         vertex 5.350000e-01 2.978636e-01 4.017059e-01
         vertex 5.350000e-01 3.071294e-01 3.964325e-01
      endloop
   endfacet
   facet normal -1.000000e+00 0.000000e+00 0.000000e+00
      outer loop
         vertex 5.350000e-01 3.078671e-01 3.914872e-01
         vertex 5.350000e-01 3.071294e-01 3.964325e-01
         vertex 5.350000e-01 3.094399e-01 3.908655e-01
      endloop
   endfacet
   facet normal -1.000000e+00 0.000000e+00 0.000000e+00
      outer loop
         vertex 5.350000e-01 3.094399e-01 3.908655e-01
         vertex 5.350000e-01 3.071294e-01 3.964325e-01
         vertex 5.350000e-01 3.096991e-01 3.953764e-01
      endloop
   endfacet
   facet normal -1.000000e+00 0.000000e+00 0.000000e+00
      outer loop
         vertex 5.350000e-01 3.094399e-01 3.908655e-01
         vertex 5.350000e-01 3.096991e-01 3.953764e-01
         vertex 5.350000e-01 3.110949e-01 3.905177e-01
      endloop
   endfacet
   facet normal -1.000000e+00 0.000000e+00 0.000000e+00
      outer loop
         vertex 5.350000e-01 3.110949e-01 3.905177e-01
         vertex 5.350000e-01 3.096991e-01 3.953764e-01
         vertex 5.350000e-01 3.127849e-01 3.904538e-01
      endloop
   endfacet
   facet normal -1.000000e+00 0.000000e+00 -0.000000e+00
      outer loop
         vertex 5.350000e-01 3.132860e-01 4.464847e-01
         vertex 5.350000e-01 3.182685e-01 4.331208e-01
         vertex 5.350000e-01 2.866562e-01 4.179152e-01
      endloop
   endfacet
   facet normal -1.000000e+00 0.000000e+00 0.000000e+00
      outer loop
         vertex 5.350000e-01 2.866562e-01 4.179152e-01
         vertex 5.350000e-01 3.182685e-01 4.331208e-01
         vertex 5.350000e-01 3.212991e-01 4.191839e-01
      endloop
   endfacet
   facet normal -1.000000e+00 0.000000e+00 0.000000e+00
      outer loop
         vertex 5.350000e-01 2.866562e-01 4.179152e-01
         vertex 5.350000e-01 3.212991e-01 4.191839e-01
         vertex 5.350000e-01 3.031453e-01 4.017558e-01
      endloop
   endfacet
   facet normal -1.000000e+00 0.000000e+00 0.000000e+00
      outer loop
         vertex 5.350000e-01 3.031453e-01 4.017558e-01
         vertex 5.350000e-01 3.212991e-01 4.191839e-01
         vertex 5.350000e-01 3.223162e-01 4.049577e-01
      endloop
   endfacet
   facet normal -1.000000e+00 0.000000e+00 0.000000e+00
      outer loop
         vertex 5.350000e-01 3.031453e-01 4.017558e-01
         vertex 5.350000e-01 3.223162e-01 4.049577e-01
         vertex 5.350000e-01 3.223162e-01 4.004429e-01
      endloop
   endfacet
   facet normal -1.000000e+00 0.000000e+00 -0.000000e+00
      outer loop
         vertex 5.350000e-01 1.590938e-01 5.430087e-01
         vertex 5.350000e-01 1.753900e-01 5.238547e-01
         vertex 5.350000e-01 1.584939e-01 5.428138e-01
      endloop
   endfacet
   facet normal -1.000000e+00 0.000000e+00 0.000000e+00
      outer loop
         vertex 5.350000e-01 1.584939e-01 5.428138e-01
         vertex 5.350000e-01 1.753900e-01 5.238547e-01
         vertex 5.350000e-01 1.646721e-01 5.112731e-01
      endloop
   endfacet
   facet normal -1.000000e+00 -0.000000e+00 -0.000000e+00
      outer loop
         vertex 5.350000e-01 1.584939e-01 5.428138e-01
         vertex 5.350000e-01 1.646721e-01 5.112731e-01
         vertex 5.350000e-01 1.546809e-01 5.464482e-01
      endloop
   endfacet
   facet normal -1.000000e+00 0.000000e+00 -0.000000e+00
      outer loop
         vertex 5.350000e-01 1.546809e-01 5.464482e-01
         vertex 5.350000e-01 1.646721e-01 5.112731e-01
         vertex 5.350000e-01 1.436649e-01 5.425438e-01
      endloop
   endfacet
   facet normal -1.000000e+00 -0.000000e+00 0.000000e+00
      outer loop
         vertex 5.350000e-01 1.546809e-01 5.464482e-01
         vertex 5.350000e-01 1.436649e-01 5.425438e-01
         vertex 5.350000e-01 1.525058e-01 5.487958e-01
      endloop
   endfacet
   facet normal -1.000000e+00 0.000000e+00 0.000000e+00
      outer loop
         vertex 5.350000e-01 2.489029e-01 4.713323e-01
         vertex 5.350000e-01 1.932352e-01 5.186548e-01
         vertex 5.350000e-01 2.489898e-01 4.713273e-01
      endloop
   endfacet
   facet normal -1.000000e+00 0.000000e+00 0.000000e+00
      outer loop
         vertex 5.350000e-01 2.489898e-01 4.713273e-01
         vertex 5.350000e-01 1.932352e-01 5.186548e-01
         vertex 5.350000e-01 1.857246e-01 5.394378e-01
      endloop
   endfacet
   facet normal -1.000000e+00 0.000000e+00 0.000000e+00
      outer loop
         vertex 5.350000e-01 2.489898e-01 4.713273e-01
         vertex 5.350000e-01 1.857246e-01 5.394378e-01
         vertex 5.350000e-01 1.828216e-01 5.479505e-01
      endloop
   endfacet
   facet normal -1.000000e+00 -0.000000e+00 0.000000e+00
      outer loop
         vertex 5.350000e-01 1.745782e-01 5.548935e-01
         vertex 5.350000e-01 1.737950e-01 5.535886e-01
         vertex 5.350000e-01 1.442271e-01 5.724336e-01
      endloop
   endfacet
   facet normal -1.000000e+00 0.000000e+00 0.000000e+00
      outer loop
         vertex 5.350000e-01 1.442271e-01 5.724336e-01
         vertex 5.350000e-01 1.737950e-01 5.535886e-01
         vertex 5.350000e-01 1.729708e-01 5.515367e-01
      endloop
   endfacet
   facet normal -1.000000e+00 0.000000e+00 0.000000e+00
      outer loop
         vertex 5.350000e-01 1.442271e-01 5.724336e-01
         vertex 5.350000e-01 1.729708e-01 5.515367e-01
         vertex 5.350000e-01 1.564285e-01 5.476544e-01
      endloop
   endfacet
   facet normal -1.000000e+00 0.000000e+00 0.000000e+00
      outer loop
         vertex 5.350000e-01 1.564285e-01 5.476544e-01
         vertex 5.350000e-01 1.729708e-01 5.515367e-01
         vertex 5.350000e-01 1.722272e-01 5.482887e-01
      endloop
   endfacet
   facet normal -1.000000e+00 0.000000e+00 0.000000e+00
      outer loop
         vertex 5.350000e-01 1.564285e-01 5.476544e-01
         vertex 5.350000e-01 1.722272e-01 5.482887e-01
         vertex 5.350000e-01 1.590938e-01 5.430087e-01
      endloop
   endfacet
   facet normal -1.000000e+00 0.000000e+00 0.000000e+00
      outer loop
         vertex 5.350000e-01 1.590938e-01 5.430087e-01
         vertex 5.350000e-01 1.722272e-01 5.482887e-01
         vertex 5.350000e-01 1.718755e-01 5.432038e-01
      endloop
   endfacet
   facet normal -1.000000e+00 0.000000e+00 0.000000e+00
      outer loop
         vertex 5.350000e-01 1.590938e-01 5.430087e-01
         vertex 5.350000e-01 1.718755e-01 5.432038e-01
         vertex 5.350000e-01 1.725576e-01 5.353187e-01
      endloop
   endfacet
   facet normal -1.000000e+00 0.000000e+00 0.000000e+00
      outer loop
         vertex 5.350000e-01 1.059124e-01 6.273996e-01
         vertex 5.350000e-01 1.121922e-01 6.113867e-01
         vertex 5.350000e-01 1.109149e-01 6.103043e-01
      endloop
   endfacet
   facet normal -1.000000e+00 0.000000e+00 0.000000e+00
      outer loop
         vertex 5.350000e-01 1.109149e-01 6.103043e-01
         vertex 5.350000e-01 1.121922e-01 6.113867e-01
         vertex 5.350000e-01 1.158496e-01 6.040567e-01
      endloop
   endfacet
   facet normal -1.000000e+00 0.000000e+00 0.000000e+00
      outer loop
         vertex 5.350000e-01 1.109149e-01 6.103043e-01
         vertex 5.350000e-01 1.158496e-01 6.040567e-01
         vertex 5.350000e-01 1.256927e-01 5.756521e-01
      endloop
   endfacet
   facet normal -1.000000e+00 0.000000e+00 0.000000e+00
      outer loop
         vertex 5.350000e-01 1.256927e-01 5.756521e-01
         vertex 5.350000e-01 1.158496e-01 6.040567e-01
         vertex 5.350000e-01 1.287629e-01 5.821194e-01
      endloop
   endfacet
   facet normal -1.000000e+00 0.000000e+00 0.000000e+00
      outer loop
         vertex 5.350000e-01 1.256927e-01 5.756521e-01
         vertex 5.350000e-01 1.287629e-01 5.821194e-01
         vertex 5.350000e-01 1.436649e-01 5.425438e-01
      endloop
   endfacet
   facet normal -1.000000e+00 0.000000e+00 0.000000e+00
      outer loop
         vertex 5.350000e-01 1.436649e-01 5.425438e-01
         vertex 5.350000e-01 1.287629e-01 5.821194e-01
         vertex 5.350000e-01 1.445662e-01 5.589664e-01
      endloop
   endfacet
   facet normal -1.000000e+00 0.000000e+00 0.000000e+00
      outer loop
         vertex 5.350000e-01 1.436649e-01 5.425438e-01
         vertex 5.350000e-01 1.445662e-01 5.589664e-01
         vertex 5.350000e-01 1.525058e-01 5.487958e-01
      endloop
   endfacet
   facet normal -1.000000e+00 0.000000e+00 0.000000e+00
      outer loop
         vertex 5.350000e-01 1.017375e-01 6.769207e-01
         vertex 5.350000e-01 9.143717e-02 6.830000e-01
         vertex 5.350000e-01 1.036059e-01 6.834549e-01
      endloop
   endfacet
   facet normal -1.000000e+00 0.000000e+00 0.000000e+00
      outer loop
         vertex 5.350000e-01 1.036059e-01 6.834549e-01
         vertex 5.350000e-01 9.143717e-02 6.830000e-01
         vertex 5.350000e-01 9.143858e-02 6.830019e-01
      endloop
   endfacet
   facet normal -1.000000e+00 0.000000e+00 0.000000e+00
      outer loop
         vertex 5.350000e-01 9.143858e-02 6.830019e-01
         vertex 5.350000e-01 1.071198e-01 6.899324e-01
         vertex 5.350000e-01 1.054761e-01 6.874849e-01
      endloop
   endfacet
   facet normal -1.000000e+00 0.000000e+00 0.000000e+00
      outer loop
         vertex 5.350000e-01 9.143858e-02 6.830019e-01
         vertex 5.350000e-01 1.054761e-01 6.874849e-01
         vertex 5.350000e-01 1.036059e-01 6.834549e-01
      endloop
   endfacet
   facet normal -1.000000e+00 0.000000e+00 0.000000e+00
      outer loop
         vertex 5.350000e-01 9.143858e-02 6.830019e-01
         vertex 5.350000e-01 9.143895e-02 6.830071e-01
         vertex 5.350000e-01 1.071198e-01 6.899324e-01
      endloop
   endfacet
   facet normal -1.000000e+00 0.000000e+00 0.000000e+00
      outer loop
         vertex 5.350000e-01 1.071198e-01 6.899324e-01
         vertex 5.350000e-01 9.143895e-02 6.830071e-01
         vertex 5.350000e-01 9.143659e-02 6.830252e-01
      endloop
   endfacet
   facet normal -1.000000e+00 -0.000000e+00 0.000000e+00
      outer loop
         vertex 5.350000e-01 1.071198e-01 6.899324e-01
         vertex 5.350000e-01 9.143659e-02 6.830252e-01
         vertex 5.350000e-01 8.818913e-02 6.986178e-01
      endloop
   endfacet
   facet normal -1.000000e+00 0.000000e+00 0.000000e+00
      outer loop
         vertex 5.350000e-01 8.818913e-02 6.986178e-01
         vertex 5.350000e-01 9.143659e-02 6.830252e-01
         vertex 5.350000e-01 9.138660e-02 6.832138e-01
      endloop
   endfacet
   facet normal -1.000000e+00 0.000000e+00 0.000000e+00
      outer loop
         vertex 5.350000e-01 8.818913e-02 6.986178e-01
         vertex 5.350000e-01 9.138660e-02 6.832138e-01
         vertex 5.350000e-01 9.076482e-02 6.855000e-01
      endloop
   endfacet
   facet normal -1.000000e+00 0.000000e+00 0.000000e+00
      outer loop
         vertex 5.350000e-01 9.076482e-02 6.855000e-01
         vertex 5.350000e-01 9.138660e-02 6.832138e-01
         vertex 5.350000e-01 9.095973e-02 6.846870e-01
      endloop
   endfacet
   facet normal -0.000000e+00 8.777671e-01 4.790875e-01
      outer loop
         vertex 5.350000e-01 3.064530e-01 4.590040e-01
         vertex 5.400000e-01 3.064530e-01 4.590040e-01
         vertex 5.400000e-01 3.132860e-01 4.464847e-01
      endloop
   endfacet
   facet normal 0.000000e+00 8.777671e-01 4.790875e-01
      outer loop
         vertex 5.350000e-01 3.064530e-01 4.590040e-01
         vertex 5.400000e-01 3.132860e-01 4.464847e-01
         vertex 5.350000e-01 3.132860e-01 4.464847e-01
      endloop
   endfacet
   facet normal -0.000000e+00 9.369962e-01 3.493394e-01
      outer loop
         vertex 5.350000e-01 3.132860e-01 4.464847e-01
         vertex 5.400000e-01 3.132860e-01 4.464847e-01
         vertex 5.400000e-01 3.182685e-01 4.331208e-01
      endloop
   endfacet
   facet normal 0.000000e+00 9.369962e-01 3.493394e-01
      outer loop
         vertex 5.350000e-01 3.132860e-01 4.464847e-01
         vertex 5.400000e-01 3.182685e-01 4.331208e-01
         vertex 5.350000e-01 3.182685e-01 4.331208e-01
      endloop
   endfacet
   facet normal -0.000000e+00 9.771637e-01 2.124880e-01
      outer loop
         vertex 5.350000e-01 3.182685e-01 4.331208e-01
         vertex 5.400000e-01 3.182685e-01 4.331208e-01
         vertex 5.400000e-01 3.212991e-01 4.191839e-01
      endloop
   endfacet
   facet normal 0.000000e+00 9.771637e-01 2.124880e-01
      outer loop
         vertex 5.350000e-01 3.182685e-01 4.331208e-01
         vertex 5.400000e-01 3.212991e-01 4.191839e-01
         vertex 5.350000e-01 3.212991e-01 4.191839e-01
      endloop
   endfacet
   facet normal -0.000000e+00 9.974540e-01 7.131224e-02
      outer loop
         vertex 5.350000e-01 3.212991e-01 4.191839e-01
         vertex 5.400000e-01 3.212991e-01 4.191839e-01
         vertex 5.400000e-01 3.223162e-01 4.049577e-01
      endloop
   endfacet
   facet normal 0.000000e+00 9.974540e-01 7.131224e-02
      outer loop
         vertex 5.350000e-01 3.212991e-01 4.191839e-01
         vertex 5.400000e-01 3.223162e-01 4.049577e-01
         vertex 5.350000e-01 3.223162e-01 4.049577e-01
      endloop
   endfacet
   facet normal 0.000000e+00 1.000000e+00 0.000000e+00
      outer loop
         vertex 5.350000e-01 3.223162e-01 4.004429e-01
         vertex 5.350000e-01 3.223162e-01 4.049577e-01
         vertex 5.400000e-01 3.223162e-01 4.004429e-01
      endloop
   endfacet
   facet normal 0.000000e+00 1.000000e+00 -0.000000e+00
      outer loop
         vertex 5.400000e-01 3.223162e-01 4.004429e-01
         vertex 5.350000e-01 3.223162e-01 4.049577e-01
         vertex 5.400000e-01 3.223162e-01 4.049577e-01
      endloop
   endfacet
   facet normal 0.000000e+00 9.964192e-01 -8.455043e-02
      outer loop
         vertex 5.350000e-01 3.223162e-01 4.004429e-01
         vertex 5.400000e-01 3.223162e-01 4.004429e-01
         vertex 5.400000e-01 3.221732e-01 3.987577e-01
      endloop
   endfacet
   facet normal 0.000000e+00 9.964192e-01 -8.455043e-02
      outer loop
         vertex 5.350000e-01 3.223162e-01 4.004429e-01
         vertex 5.400000e-01 3.221732e-01 3.987577e-01
         vertex 5.350000e-01 3.221732e-01 3.987577e-01
      endloop
   endfacet
   facet normal 0.000000e+00 9.679181e-01 -2.512661e-01
      outer loop
         vertex 5.350000e-01 3.221732e-01 3.987577e-01
         vertex 5.400000e-01 3.221732e-01 3.987577e-01
         vertex 5.400000e-01 3.217483e-01 3.971207e-01
      endloop
   endfacet
   facet normal 0.000000e+00 9.679181e-01 -2.512661e-01
      outer loop
         vertex 5.350000e-01 3.221732e-01 3.987577e-01
         vertex 5.400000e-01 3.217483e-01 3.971207e-01
         vertex 5.350000e-01 3.217483e-01 3.971207e-01
      endloop
   endfacet
   facet normal 0.000000e+00 9.117308e-01 -4.107881e-01
      outer loop
         vertex 5.350000e-01 3.217483e-01 3.971207e-01
         vertex 5.400000e-01 3.217483e-01 3.971207e-01
         vertex 5.400000e-01 3.210536e-01 3.955788e-01
      endloop
   endfacet
   facet normal 0.000000e+00 9.117308e-01 -4.107881e-01
      outer loop
         vertex 5.350000e-01 3.217483e-01 3.971207e-01
         vertex 5.400000e-01 3.210536e-01 3.955788e-01
         vertex 5.350000e-01 3.210536e-01 3.955788e-01
      endloop
   endfacet
   facet normal 0.000000e+00 8.294767e-01 -5.585412e-01
      outer loop
         vertex 5.350000e-01 3.210536e-01 3.955788e-01
         vertex 5.400000e-01 3.210536e-01 3.955788e-01
         vertex 5.400000e-01 3.201090e-01 3.941760e-01
      endloop
   endfacet
   facet normal 0.000000e+00 8.294767e-01 -5.585412e-01
      outer loop
         vertex 5.350000e-01 3.210536e-01 3.955788e-01
         vertex 5.400000e-01 3.201090e-01 3.941760e-01
         vertex 5.350000e-01 3.201090e-01 3.941760e-01
      endloop
   endfacet
   facet normal 0.000000e+00 7.234860e-01 -6.903391e-01
      outer loop
         vertex 5.350000e-01 3.201090e-01 3.941760e-01
         vertex 5.400000e-01 3.201090e-01 3.941760e-01
         vertex 5.400000e-01 3.189414e-01 3.929524e-01
      endloop
   endfacet
   facet normal 0.000000e+00 7.234860e-01 -6.903391e-01
      outer loop
         vertex 5.350000e-01 3.201090e-01 3.941760e-01
         vertex 5.400000e-01 3.189414e-01 3.929524e-01
         vertex 5.350000e-01 3.189414e-01 3.929524e-01
      endloop
   endfacet
   facet normal 0.000000e+00 5.968177e-01 -8.023769e-01
      outer loop
         vertex 5.350000e-01 3.189414e-01 3.929524e-01
         vertex 5.400000e-01 3.189414e-01 3.929524e-01
         vertex 5.400000e-01 3.175845e-01 3.919431e-01
      endloop
   endfacet
   facet normal 0.000000e+00 5.968177e-01 -8.023769e-01
      outer loop
         vertex 5.350000e-01 3.189414e-01 3.929524e-01
         vertex 5.400000e-01 3.175845e-01 3.919431e-01
         vertex 5.350000e-01 3.175845e-01 3.919431e-01
      endloop
   endfacet
   facet normal 0.000000e+00 4.530616e-01 -8.914792e-01
      outer loop
         vertex 5.350000e-01 3.175845e-01 3.919431e-01
         vertex 5.400000e-01 3.175845e-01 3.919431e-01
         vertex 5.400000e-01 3.160768e-01 3.911769e-01
      endloop
   endfacet
   facet normal 0.000000e+00 4.530616e-01 -8.914792e-01
      outer loop
         vertex 5.350000e-01 3.175845e-01 3.919431e-01
         vertex 5.400000e-01 3.160768e-01 3.911769e-01
         vertex 5.350000e-01 3.160768e-01 3.911769e-01
      endloop
   endfacet
   facet normal 0.000000e+00 2.963449e-01 -9.550810e-01
      outer loop
         vertex 5.350000e-01 3.160768e-01 3.911769e-01
         vertex 5.400000e-01 3.160768e-01 3.911769e-01
         vertex 5.400000e-01 3.144615e-01 3.906757e-01
      endloop
   endfacet
   facet normal 0.000000e+00 2.963449e-01 -9.550810e-01
      outer loop
         vertex 5.350000e-01 3.160768e-01 3.911769e-01
         vertex 5.400000e-01 3.144615e-01 3.906757e-01
         vertex 5.350000e-01 3.144615e-01 3.906757e-01
      endloop
   endfacet
   facet normal 0.000000e+00 1.311779e-01 -9.913588e-01
      outer loop
         vertex 5.350000e-01 3.144615e-01 3.906757e-01
         vertex 5.400000e-01 3.144615e-01 3.906757e-01
         vertex 5.400000e-01 3.127849e-01 3.904538e-01
      endloop
   endfacet
   facet normal 0.000000e+00 1.311779e-01 -9.913588e-01
      outer loop
         vertex 5.350000e-01 3.144615e-01 3.906757e-01
         vertex 5.400000e-01 3.127849e-01 3.904538e-01
         vertex 5.350000e-01 3.127849e-01 3.904538e-01
      endloop
   endfacet
   facet normal 0.000000e+00 -3.776379e-02 -9.992867e-01
      outer loop
         vertex 5.350000e-01 3.127849e-01 3.904538e-01
         vertex 5.400000e-01 3.127849e-01 3.904538e-01
         vertex 5.400000e-01 3.110949e-01 3.905177e-01
      endloop
   endfacet
   facet normal 0.000000e+00 -3.776379e-02 -9.992867e-01
      outer loop
         vertex 5.350000e-01 3.127849e-01 3.904538e-01
         vertex 5.400000e-01 3.110949e-01 3.905177e-01
         vertex 5.350000e-01 3.110949e-01 3.905177e-01
      endloop
   endfacet
   facet normal 0.000000e+00 -2.056295e-01 -9.786299e-01
      outer loop
         vertex 5.350000e-01 3.110949e-01 3.905177e-01
         vertex 5.400000e-01 3.110949e-01 3.905177e-01
         vertex 5.400000e-01 3.094399e-01 3.908655e-01
      endloop
   endfacet
   facet normal 0.000000e+00 -2.056295e-01 -9.786299e-01
      outer loop
         vertex 5.350000e-01 3.110949e-01 3.905177e-01
         vertex 5.400000e-01 3.094399e-01 3.908655e-01
         vertex 5.350000e-01 3.094399e-01 3.908655e-01
      endloop
   endfacet
   facet normal 0.000000e+00 -3.675898e-01 -9.299880e-01
      outer loop
         vertex 5.350000e-01 3.094399e-01 3.908655e-01
         vertex 5.400000e-01 3.094399e-01 3.908655e-01
         vertex 5.400000e-01 3.078671e-01 3.914872e-01
      endloop
   endfacet
   facet normal 0.000000e+00 -3.675898e-01 -9.299880e-01
      outer loop
         vertex 5.350000e-01 3.094399e-01 3.908655e-01
         vertex 5.400000e-01 3.078671e-01 3.914872e-01
         vertex 5.350000e-01 3.078671e-01 3.914872e-01
      endloop
   endfacet
   facet normal 0.000000e+00 -4.865965e-01 -8.736268e-01
      outer loop
         vertex 5.350000e-01 3.078671e-01 3.914872e-01
         vertex 5.400000e-01 3.078671e-01 3.914872e-01
         vertex 5.400000e-01 2.749560e-01 4.098181e-01
      endloop
   endfacet
   facet normal 0.000000e+00 -4.865965e-01 -8.736268e-01
      outer loop
         vertex 5.350000e-01 3.078671e-01 3.914872e-01
         vertex 5.400000e-01 2.749560e-01 4.098181e-01
         vertex 5.350000e-01 2.749560e-01 4.098181e-01
      endloop
   endfacet
   facet normal 0.000000e+00 -5.666245e-01 -8.239762e-01
      outer loop
         vertex 5.350000e-01 2.749560e-01 4.098181e-01
         vertex 5.400000e-01 2.749560e-01 4.098181e-01
         vertex 5.400000e-01 2.439154e-01 4.311638e-01
      endloop
   endfacet
   facet normal 0.000000e+00 -5.666245e-01 -8.239762e-01
      outer loop
         vertex 5.350000e-01 2.749560e-01 4.098181e-01
         vertex 5.400000e-01 2.439154e-01 4.311638e-01
         vertex 5.350000e-01 2.439154e-01 4.311638e-01
      endloop
   endfacet
   facet normal 0.000000e+00 -6.416272e-01 -7.670167e-01
      outer loop
         vertex 5.350000e-01 2.439154e-01 4.311638e-01
         vertex 5.400000e-01 2.439154e-01 4.311638e-01
         vertex 5.400000e-01 2.150206e-01 4.553350e-01
      endloop
   endfacet
   facet normal 0.000000e+00 -6.416272e-01 -7.670167e-01
      outer loop
         vertex 5.350000e-01 2.439154e-01 4.311638e-01
         vertex 5.400000e-01 2.150206e-01 4.553350e-01
         vertex 5.350000e-01 2.150206e-01 4.553350e-01
      endloop
   endfacet
   facet normal 0.000000e+00 -7.109389e-01 -7.032537e-01
      outer loop
         vertex 5.350000e-01 2.150206e-01 4.553350e-01
         vertex 5.400000e-01 2.150206e-01 4.553350e-01
         vertex 5.400000e-01 1.885278e-01 4.821173e-01
      endloop
   endfacet
   facet normal 0.000000e+00 -7.109389e-01 -7.032537e-01
      outer loop
         vertex 5.350000e-01 2.150206e-01 4.553350e-01
         vertex 5.400000e-01 1.885278e-01 4.821173e-01
         vertex 5.350000e-01 1.885278e-01 4.821173e-01
      endloop
   endfacet
   facet normal 0.000000e+00 -7.739442e-01 -6.332538e-01
      outer loop
         vertex 5.350000e-01 1.885278e-01 4.821173e-01
         vertex 5.400000e-01 1.885278e-01 4.821173e-01
         vertex 5.400000e-01 1.646721e-01 5.112731e-01
      endloop
   endfacet
   facet normal 0.000000e+00 -7.739442e-01 -6.332538e-01
      outer loop
         vertex 5.350000e-01 1.885278e-01 4.821173e-01
         vertex 5.400000e-01 1.646721e-01 5.112731e-01
         vertex 5.350000e-01 1.646721e-01 5.112731e-01
      endloop
   endfacet
   facet normal 0.000000e+00 -8.300852e-01 -5.576366e-01
      outer loop
         vertex 5.350000e-01 1.646721e-01 5.112731e-01
         vertex 5.400000e-01 1.646721e-01 5.112731e-01
         vertex 5.400000e-01 1.436649e-01 5.425438e-01
      endloop
   endfacet
   facet normal 0.000000e+00 -8.300852e-01 -5.576366e-01
      outer loop
         vertex 5.350000e-01 1.646721e-01 5.112731e-01
         vertex 5.400000e-01 1.436649e-01 5.425438e-01
         vertex 5.350000e-01 1.436649e-01 5.425438e-01
      endloop
   endfacet
   facet normal 0.000000e+00 -8.788633e-01 -4.770737e-01
      outer loop
         vertex 5.350000e-01 1.436649e-01 5.425438e-01
         vertex 5.400000e-01 1.436649e-01 5.425438e-01
         vertex 5.400000e-01 1.256927e-01 5.756521e-01
      endloop
   endfacet
   facet normal 0.000000e+00 -8.788633e-01 -4.770737e-01
      outer loop
         vertex 5.350000e-01 1.436649e-01 5.425438e-01
         vertex 5.400000e-01 1.256927e-01 5.756521e-01
         vertex 5.350000e-01 1.256927e-01 5.756521e-01
      endloop
   endfacet
   facet normal 0.000000e+00 -9.198462e-01 -3.922792e-01
      outer loop
         vertex 5.350000e-01 1.256927e-01 5.756521e-01
         vertex 5.400000e-01 1.256927e-01 5.756521e-01
         vertex 5.400000e-01 1.109149e-01 6.103043e-01
      endloop
   endfacet
   facet normal 0.000000e+00 -9.198462e-01 -3.922792e-01
      outer loop
         vertex 5.350000e-01 1.256927e-01 5.756521e-01
         vertex 5.400000e-01 1.109149e-01 6.103043e-01
         vertex 5.350000e-01 1.109149e-01 6.103043e-01
      endloop
   endfacet
   facet normal 0.000000e+00 -9.526705e-01 -3.040049e-01
      outer loop
         vertex 5.350000e-01 1.109149e-01 6.103043e-01
         vertex 5.400000e-01 1.109149e-01 6.103043e-01
         vertex 5.400000e-01 9.946253e-02 6.461930e-01
      endloop
   endfacet
   facet normal 0.000000e+00 -9.526705e-01 -3.040049e-01
      outer loop
         vertex 5.350000e-01 1.109149e-01 6.103043e-01
         vertex 5.400000e-01 9.946253e-02 6.461930e-01
         vertex 5.350000e-01 9.946253e-02 6.461930e-01
      endloop
   endfacet
   facet normal 0.000000e+00 -9.770448e-01 -2.130339e-01
      outer loop
         vertex 5.350000e-01 9.946253e-02 6.461930e-01
         vertex 5.400000e-01 9.946253e-02 6.461930e-01
         vertex 5.400000e-01 9.143717e-02 6.830000e-01
      endloop
   endfacet
   facet normal 0.000000e+00 -9.770448e-01 -2.130339e-01
      outer loop
         vertex 5.350000e-01 9.946253e-02 6.461930e-01
         vertex 5.400000e-01 9.143717e-02 6.830000e-01
         vertex 5.350000e-01 9.143717e-02 6.830000e-01
      endloop
   endfacet
   facet normal 0.000000e+00 -7.953581e-01 6.061398e-01
      outer loop
         vertex 5.350000e-01 9.143717e-02 6.830000e-01
         vertex 5.400000e-01 9.143717e-02 6.830000e-01
         vertex 5.400000e-01 9.143858e-02 6.830019e-01
      endloop
   endfacet
   facet normal 0.000000e+00 -7.953581e-01 6.061398e-01
      outer loop
         vertex 5.350000e-01 9.143717e-02 6.830000e-01
         vertex 5.400000e-01 9.143858e-02 6.830019e-01
         vertex 5.350000e-01 9.143858e-02 6.830019e-01
      endloop
   endfacet
   facet normal 0.000000e+00 -9.974874e-01 7.084427e-02
      outer loop
         vertex 5.350000e-01 9.143858e-02 6.830019e-01
         vertex 5.400000e-01 9.143858e-02 6.830019e-01
         vertex 5.400000e-01 9.143895e-02 6.830071e-01
      endloop
   endfacet
   facet normal 0.000000e+00 -9.974874e-01 7.084427e-02
      outer loop
         vertex 5.350000e-01 9.143858e-02 6.830019e-01
         vertex 5.400000e-01 9.143895e-02 6.830071e-01
         vertex 5.350000e-01 9.143895e-02 6.830071e-01
      endloop
   endfacet
   facet normal 0.000000e+00 -9.915570e-01 -1.296714e-01
      outer loop
         vertex 5.350000e-01 9.143895e-02 6.830071e-01
         vertex 5.400000e-01 9.143895e-02 6.830071e-01
         vertex 5.400000e-01 9.143659e-02 6.830252e-01
      endloop
   endfacet
   facet normal 0.000000e+00 -9.915570e-01 -1.296714e-01
      outer loop
         vertex 5.350000e-01 9.143895e-02 6.830071e-01
         vertex 5.400000e-01 9.143659e-02 6.830252e-01
         vertex 5.350000e-01 9.143659e-02 6.830252e-01
      endloop
   endfacet
   facet normal 0.000000e+00 -9.666224e-01 -2.562053e-01
      outer loop
         vertex 5.350000e-01 9.143659e-02 6.830252e-01
         vertex 5.400000e-01 9.143659e-02 6.830252e-01
         vertex 5.400000e-01 9.138660e-02 6.832138e-01
      endloop
   endfacet
   facet normal 0.000000e+00 -9.666224e-01 -2.562053e-01
      outer loop
         vertex 5.350000e-01 9.143659e-02 6.830252e-01
         vertex 5.400000e-01 9.138660e-02 6.832138e-01
         vertex 5.350000e-01 9.138660e-02 6.832138e-01
      endloop
   endfacet
   facet normal 0.000000e+00 -9.604934e-01 -2.783029e-01
      outer loop
         vertex 5.350000e-01 9.138660e-02 6.832138e-01
         vertex 5.400000e-01 9.138660e-02 6.832138e-01
         vertex 5.400000e-01 9.095973e-02 6.846870e-01
      endloop
   endfacet
   facet normal 0.000000e+00 -9.604934e-01 -2.783029e-01
      outer loop
         vertex 5.350000e-01 9.138660e-02 6.832138e-01
         vertex 5.400000e-01 9.095973e-02 6.846870e-01
         vertex 5.350000e-01 9.095973e-02 6.846870e-01
      endloop
   endfacet
   facet normal 0.000000e+00 -9.724455e-01 -2.331303e-01
      outer loop
         vertex 5.350000e-01 9.095973e-02 6.846870e-01
         vertex 5.400000e-01 9.095973e-02 6.846870e-01
         vertex 5.400000e-01 9.076482e-02 6.855000e-01
      endloop
   endfacet
   facet normal 0.000000e+00 -9.724455e-01 -2.331303e-01
      outer loop
         vertex 5.350000e-01 9.095973e-02 6.846870e-01
         vertex 5.400000e-01 9.076482e-02 6.855000e-01
         vertex 5.350000e-01 9.076482e-02 6.855000e-01
      endloop
   endfacet
   facet normal -0.000000e+00 9.983703e-01 5.706767e-02
      outer loop
         vertex 5.350000e-01 9.143717e-02 8.524331e-01
         vertex 5.400000e-01 9.143717e-02 8.524331e-01
         vertex 5.350000e-01 9.273986e-02 8.296432e-01
      endloop
   endfacet
   facet normal -0.000000e+00 9.983703e-01 5.706767e-02
      outer loop
         vertex 5.350000e-01 9.273986e-02 8.296432e-01
         vertex 5.400000e-01 9.143717e-02 8.524331e-01
         vertex 5.400000e-01 9.273986e-02 8.296432e-01
      endloop
   endfacet
   facet normal -0.000000e+00 9.853647e-01 1.704596e-01
      outer loop
         vertex 5.350000e-01 9.273986e-02 8.296432e-01
         vertex 5.400000e-01 9.273986e-02 8.296432e-01
         vertex 5.350000e-01 9.663095e-02 8.071502e-01
      endloop
   endfacet
   facet normal -0.000000e+00 9.853647e-01 1.704596e-01
      outer loop
         vertex 5.350000e-01 9.663095e-02 8.071502e-01
         vertex 5.400000e-01 9.273986e-02 8.296432e-01
         vertex 5.400000e-01 9.663095e-02 8.071502e-01
      endloop
   endfacet
   facet normal -0.000000e+00 9.595227e-01 2.816312e-01
      outer loop
         vertex 5.350000e-01 9.663095e-02 8.071502e-01
         vertex 5.400000e-01 9.663095e-02 8.071502e-01
         vertex 5.350000e-01 1.030598e-01 7.852471e-01
      endloop
   endfacet
   facet normal -0.000000e+00 9.595227e-01 2.816312e-01
      outer loop
         vertex 5.350000e-01 1.030598e-01 7.852471e-01
         vertex 5.400000e-01 9.663095e-02 8.071502e-01
         vertex 5.400000e-01 1.030598e-01 7.852471e-01
      endloop
   endfacet
   facet normal -0.000000e+00 9.211812e-01 3.891338e-01
      outer loop
         vertex 5.350000e-01 1.030598e-01 7.852471e-01
         vertex 5.400000e-01 1.030598e-01 7.852471e-01
         vertex 5.350000e-01 1.119426e-01 7.642193e-01
      endloop
   endfacet
   facet normal -0.000000e+00 9.211812e-01 3.891338e-01
      outer loop
         vertex 5.350000e-01 1.119426e-01 7.642193e-01
         vertex 5.400000e-01 1.030598e-01 7.852471e-01
         vertex 5.400000e-01 1.119426e-01 7.642193e-01
      endloop
   endfacet
   facet normal -0.000000e+00 8.708398e-01 4.915668e-01
      outer loop
         vertex 5.350000e-01 1.119426e-01 7.642193e-01
         vertex 5.400000e-01 1.119426e-01 7.642193e-01
         vertex 5.350000e-01 1.231636e-01 7.443405e-01
      endloop
   endfacet
   facet normal -0.000000e+00 8.708398e-01 4.915668e-01
      outer loop
         vertex 5.350000e-01 1.231636e-01 7.443405e-01
         vertex 5.400000e-01 1.119426e-01 7.642193e-01
         vertex 5.400000e-01 1.231636e-01 7.443405e-01
      endloop
   endfacet
   facet normal -0.000000e+00 8.413679e-01 5.404629e-01
      outer loop
         vertex 5.350000e-01 3.064530e-01 4.590040e-01
         vertex 5.350000e-01 1.231636e-01 7.443405e-01
         vertex 5.400000e-01 3.064530e-01 4.590040e-01
      endloop
   endfacet
   facet normal 0.000000e+00 8.413679e-01 5.404629e-01
      outer loop
         vertex 5.400000e-01 3.064530e-01 4.590040e-01
         vertex 5.350000e-01 1.231636e-01 7.443405e-01
         vertex 5.400000e-01 1.231636e-01 7.443405e-01
      endloop
   endfacet
   facet normal 0.000000e+00 0.000000e+00 -1.000000e+00
      outer loop
         vertex 5.400000e-01 9.076482e-02 6.855000e-01
         vertex 7.100000e-01 9.076482e-02 6.855000e-01
         vertex 7.100000e-01 9.019487e-02 6.855000e-01
      endloop
   endfacet
   facet normal 0.000000e+00 0.000000e+00 -1.000000e+00
      outer loop
         vertex 0.000000e+00 9.076482e-02 6.855000e-01
         vertex 2.800000e-01 9.076482e-02 6.855000e-01
         vertex 0.000000e+00 9.019487e-02 6.855000e-01
      endloop
   endfacet
   facet normal 0.000000e+00 0.000000e+00 -1.000000e+00
      outer loop
         vertex 0.000000e+00 9.019487e-02 6.855000e-01
         vertex 2.800000e-01 9.076482e-02 6.855000e-01
         vertex 2.850000e-01 9.076482e-02 6.855000e-01
      endloop
   endfacet
   facet normal 0.000000e+00 0.000000e+00 -1.000000e+00
      outer loop
         vertex 0.000000e+00 9.019487e-02 6.855000e-01
         vertex 2.850000e-01 9.076482e-02 6.855000e-01
         vertex 7.100000e-01 9.019487e-02 6.855000e-01
      endloop
   endfacet
   facet normal 0.000000e+00 0.000000e+00 -1.000000e+00
      outer loop
         vertex 7.100000e-01 9.019487e-02 6.855000e-01
         vertex 2.850000e-01 9.076482e-02 6.855000e-01
         vertex 5.350000e-01 9.076482e-02 6.855000e-01
      endloop
   endfacet
   facet normal 0.000000e+00 0.000000e+00 -1.000000e+00
      outer loop
         vertex 7.100000e-01 9.019487e-02 6.855000e-01
         vertex 5.350000e-01 9.076482e-02 6.855000e-01
         vertex 5.400000e-01 9.076482e-02 6.855000e-01
      endloop
   endfacet
   facet normal -1.000000e+00 0.000000e+00 0.000000e+00
      outer loop
         vertex 0.000000e+00 6.003470e-02 8.092787e-01
         vertex 0.000000e+00 8.548357e-02 8.211225e-01
         vertex 0.000000e+00 8.281558e-02 7.954550e-01
      endloop
   endfacet
   facet normal -1.000000e+00 0.000000e+00 0.000000e+00
      outer loop
         vertex 0.000000e+00 9.076482e-02 6.855000e-01
         vertex 0.000000e+00 9.019487e-02 6.855000e-01
         vertex 0.000000e+00 8.818913e-02 6.986178e-01
      endloop
   endfacet
   facet normal -1.000000e+00 0.000000e+00 -0.000000e+00
      outer loop
         vertex 0.000000e+00 8.818913e-02 6.986178e-01
         vertex 0.000000e+00 9.019487e-02 6.855000e-01
         vertex 0.000000e+00 8.523378e-02 6.950839e-01
      endloop
   endfacet
   facet normal -1.000000e+00 -0.000000e+00 0.000000e+00
      outer loop
         vertex 0.000000e+00 8.818913e-02 6.986178e-01
         vertex 0.000000e+00 8.523378e-02 6.950839e-01
         vertex 0.000000e+00 8.396825e-02 7.303763e-01
      endloop
   endfacet
   facet normal -1.000000e+00 0.000000e+00 0.000000e+00
      outer loop
         vertex 0.000000e+00 8.523378e-02 6.950839e-01
         vertex 0.000000e+00 7.931883e-02 7.113272e-01
         vertex 0.000000e+00 8.396825e-02 7.303763e-01
      endloop
   endfacet
   facet normal -1.000000e+00 -0.000000e+00 0.000000e+00
      outer loop
         vertex 0.000000e+00 8.396825e-02 7.303763e-01
         vertex 0.000000e+00 7.931883e-02 7.113272e-01
         vertex 0.000000e+00 7.056201e-02 7.409821e-01
      endloop
   endfacet
   facet normal -1.000000e+00 5.721370e-15 7.232082e-15
      outer loop
         vertex 0.000000e+00 8.396825e-02 7.303763e-01
         vertex 0.000000e+00 7.056201e-02 7.409821e-01
         vertex 2.220446e-16 8.217081e-02 7.625010e-01
      endloop
   endfacet
   facet normal -1.000000e+00 1.336010e-14 3.111213e-15
      outer loop
         vertex 2.220446e-16 8.217081e-02 7.625010e-01
         vertex 0.000000e+00 7.056201e-02 7.409821e-01
         vertex 0.000000e+00 6.372641e-02 7.703354e-01
      endloop
   endfacet
   facet normal -1.000000e+00 9.100941e-15 -6.916089e-15
      outer loop
         vertex 2.220446e-16 8.217081e-02 7.625010e-01
         vertex 0.000000e+00 6.372641e-02 7.703354e-01
         vertex 0.000000e+00 8.281558e-02 7.954550e-01
      endloop
   endfacet
   facet normal -1.000000e+00 0.000000e+00 0.000000e+00
      outer loop
         vertex 0.000000e+00 8.281558e-02 7.954550e-01
         vertex 0.000000e+00 6.372641e-02 7.703354e-01
         vertex 0.000000e+00 6.078038e-02 7.900870e-01
      endloop
   endfacet
   facet normal -1.000000e+00 -0.000000e+00 0.000000e+00
      outer loop
         vertex 0.000000e+00 8.281558e-02 7.954550e-01
         vertex 0.000000e+00 6.078038e-02 7.900870e-01
         vertex 0.000000e+00 6.003470e-02 8.092787e-01
      endloop
   endfacet
   facet normal -1.000000e+00 0.000000e+00 -0.000000e+00
      outer loop
         vertex 0.000000e+00 9.397371e-02 8.815303e-01
         vertex 0.000000e+00 9.430996e-02 8.806080e-01
         vertex 0.000000e+00 7.987076e-02 8.756744e-01
      endloop
   endfacet
   facet normal -1.000000e+00 0.000000e+00 0.000000e+00
      outer loop
         vertex 0.000000e+00 7.534714e-02 8.694515e-01
         vertex 0.000000e+00 7.987076e-02 8.756744e-01
         vertex 0.000000e+00 9.476092e-02 8.721202e-01
      endloop
   endfacet
   facet normal -1.000000e+00 0.000000e+00 0.000000e+00
      outer loop
         vertex 0.000000e+00 6.003470e-02 8.092787e-01
         vertex 0.000000e+00 6.155535e-02 8.278068e-01
         vertex 0.000000e+00 8.548357e-02 8.211225e-01
      endloop
   endfacet
   facet normal -1.000000e+00 0.000000e+00 0.000000e+00
      outer loop
         vertex 0.000000e+00 8.548357e-02 8.211225e-01
         vertex 0.000000e+00 6.155535e-02 8.278068e-01
         vertex 0.000000e+00 6.481227e-02 8.437715e-01
      endloop
   endfacet
   facet normal -1.000000e+00 0.000000e+00 0.000000e+00
      outer loop
         vertex 0.000000e+00 8.548357e-02 8.211225e-01
         vertex 0.000000e+00 6.481227e-02 8.437715e-01
         vertex 0.000000e+00 9.042114e-02 8.477299e-01
      endloop
   endfacet
   facet normal -1.000000e+00 -0.000000e+00 0.000000e+00
      outer loop
         vertex 0.000000e+00 9.042114e-02 8.477299e-01
         vertex 0.000000e+00 6.481227e-02 8.437715e-01
         vertex 0.000000e+00 6.991544e-02 8.588394e-01
      endloop
   endfacet
   facet normal -1.000000e+00 0.000000e+00 0.000000e+00
      outer loop
         vertex 0.000000e+00 9.042114e-02 8.477299e-01
         vertex 0.000000e+00 6.991544e-02 8.588394e-01
         vertex 0.000000e+00 9.384593e-02 8.647207e-01
      endloop
   endfacet
   facet normal -1.000000e+00 -0.000000e+00 0.000000e+00
      outer loop
         vertex 0.000000e+00 9.384593e-02 8.647207e-01
         vertex 0.000000e+00 6.991544e-02 8.588394e-01
         vertex 0.000000e+00 7.534714e-02 8.694515e-01
      endloop
   endfacet
   facet normal -1.000000e+00 6.987569e-14 2.732328e-13
      outer loop
         vertex 0.000000e+00 9.384593e-02 8.647207e-01
         vertex 0.000000e+00 7.534714e-02 8.694515e-01
         vertex 2.220446e-16 9.396995e-02 8.655016e-01
      endloop
   endfacet
   facet normal -1.000000e+00 4.688747e-15 -3.410912e-14
      outer loop
         vertex 2.220446e-16 9.396995e-02 8.655016e-01
         vertex 0.000000e+00 7.534714e-02 8.694515e-01
         vertex 0.000000e+00 9.476092e-02 8.721202e-01
      endloop
   endfacet
   facet normal -1.000000e+00 0.000000e+00 -0.000000e+00
      outer loop
         vertex 0.000000e+00 9.104311e-02 8.829859e-01
         vertex 0.000000e+00 9.187178e-02 8.829813e-01
         vertex 0.000000e+00 7.987076e-02 8.756744e-01
      endloop
   endfacet
   facet normal -1.000000e+00 -0.000000e+00 0.000000e+00
      outer loop
         vertex 0.000000e+00 9.397371e-02 8.815303e-01
         vertex 0.000000e+00 7.987076e-02 8.756744e-01
         vertex 0.000000e+00 9.371173e-02 8.820339e-01
      endloop
   endfacet
   facet normal -1.000000e+00 0.000000e+00 -0.000000e+00
      outer loop
         vertex 0.000000e+00 9.430996e-02 8.806080e-01
         vertex 0.000000e+00 9.459589e-02 8.793992e-01
         vertex 0.000000e+00 7.987076e-02 8.756744e-01
      endloop
   endfacet
   facet normal -1.000000e+00 0.000000e+00 0.000000e+00
      outer loop
         vertex 0.000000e+00 7.987076e-02 8.756744e-01
         vertex 0.000000e+00 9.459589e-02 8.793992e-01
         vertex 0.000000e+00 9.486295e-02 8.766922e-01
      endloop
   endfacet
   facet normal -1.000000e+00 0.000000e+00 0.000000e+00
      outer loop
         vertex 0.000000e+00 7.987076e-02 8.756744e-01
         vertex 0.000000e+00 9.486295e-02 8.766922e-01
         vertex 0.000000e+00 9.476092e-02 8.721202e-01
      endloop
   endfacet
   facet normal -1.000000e+00 0.000000e+00 0.000000e+00
      outer loop
         vertex 0.000000e+00 8.615948e-02 8.812248e-01
         vertex 0.000000e+00 8.825598e-02 8.822883e-01
         vertex 0.000000e+00 8.986715e-02 8.828036e-01
      endloop
   endfacet
   facet normal -1.000000e+00 0.000000e+00 -0.000000e+00
      outer loop
         vertex 0.000000e+00 9.321847e-02 8.825889e-01
         vertex 0.000000e+00 9.335282e-02 8.824857e-01
         vertex 0.000000e+00 7.987076e-02 8.756744e-01
      endloop
   endfacet
   facet normal -1.000000e+00 0.000000e+00 0.000000e+00
      outer loop
         vertex 0.000000e+00 7.987076e-02 8.756744e-01
         vertex 0.000000e+00 9.335282e-02 8.824857e-01
         vertex 0.000000e+00 9.349690e-02 8.823318e-01
      endloop
   endfacet
   facet normal -1.000000e+00 0.000000e+00 0.000000e+00
      outer loop
         vertex 0.000000e+00 7.987076e-02 8.756744e-01
         vertex 0.000000e+00 9.349690e-02 8.823318e-01
         vertex 0.000000e+00 9.371173e-02 8.820339e-01
      endloop
   endfacet
   facet normal -1.000000e+00 0.000000e+00 0.000000e+00
      outer loop
         vertex 0.000000e+00 9.104311e-02 8.829859e-01
         vertex 0.000000e+00 7.987076e-02 8.756744e-01
         vertex 0.000000e+00 8.986715e-02 8.828036e-01
      endloop
   endfacet
   facet normal -1.000000e+00 0.000000e+00 0.000000e+00
      outer loop
         vertex 0.000000e+00 8.986715e-02 8.828036e-01
         vertex 0.000000e+00 7.987076e-02 8.756744e-01
         vertex 0.000000e+00 8.343385e-02 8.792426e-01
      endloop
   endfacet
   facet normal -1.000000e+00 0.000000e+00 0.000000e+00
      outer loop
         vertex 0.000000e+00 8.986715e-02 8.828036e-01
         vertex 0.000000e+00 8.343385e-02 8.792426e-01
         vertex 0.000000e+00 8.615948e-02 8.812248e-01
      endloop
   endfacet
   facet normal -1.000000e+00 0.000000e+00 -0.000000e+00
      outer loop
         vertex 0.000000e+00 9.187178e-02 8.829813e-01
         vertex 0.000000e+00 9.251668e-02 8.828766e-01
         vertex 0.000000e+00 7.987076e-02 8.756744e-01
      endloop
   endfacet
   facet normal -1.000000e+00 0.000000e+00 0.000000e+00
      outer loop
         vertex 0.000000e+00 7.987076e-02 8.756744e-01
         vertex 0.000000e+00 9.251668e-02 8.828766e-01
         vertex 0.000000e+00 9.298721e-02 8.827144e-01
      endloop
   endfacet
   facet normal -1.000000e+00 0.000000e+00 0.000000e+00
      outer loop
         vertex 0.000000e+00 7.987076e-02 8.756744e-01
         vertex 0.000000e+00 9.298721e-02 8.827144e-01
         vertex 0.000000e+00 9.321847e-02 8.825889e-01
      endloop
   endfacet
   facet normal 0.000000e+00 7.390168e-01 6.736870e-01
      outer loop
         vertex 7.100000e-01 2.344023e-01 4.543807e-01
         vertex 5.400000e-01 2.344023e-01 4.543807e-01
         vertex 5.400000e-01 2.335106e-01 4.553589e-01
      endloop
   endfacet
   facet normal 0.000000e+00 7.390168e-01 6.736870e-01
      outer loop
         vertex 7.100000e-01 2.344023e-01 4.543807e-01
         vertex 5.400000e-01 2.335106e-01 4.553589e-01
         vertex 7.100000e-01 2.335106e-01 4.553589e-01
      endloop
   endfacet
   facet normal 0.000000e+00 7.629437e-01 6.464650e-01
      outer loop
         vertex 7.100000e-01 2.335106e-01 4.553589e-01
         vertex 5.400000e-01 2.335106e-01 4.553589e-01
         vertex 5.400000e-01 2.283695e-01 4.614262e-01
      endloop
   endfacet
   facet normal 0.000000e+00 7.629437e-01 6.464650e-01
      outer loop
         vertex 7.100000e-01 2.335106e-01 4.553589e-01
         vertex 5.400000e-01 2.283695e-01 4.614262e-01
         vertex 7.100000e-01 2.283695e-01 4.614262e-01
      endloop
   endfacet
   facet normal 0.000000e+00 8.028765e-01 5.961454e-01
      outer loop
         vertex 7.100000e-01 2.283695e-01 4.614262e-01
         vertex 5.400000e-01 2.283695e-01 4.614262e-01
         vertex 5.400000e-01 2.143965e-01 4.802448e-01
      endloop
   endfacet
   facet normal 0.000000e+00 8.028765e-01 5.961454e-01
      outer loop
         vertex 7.100000e-01 2.283695e-01 4.614262e-01
         vertex 5.400000e-01 2.143965e-01 4.802448e-01
         vertex 7.100000e-01 2.143965e-01 4.802448e-01
      endloop
   endfacet
   facet normal 0.000000e+00 8.549281e-01 5.187465e-01
      outer loop
         vertex 7.100000e-01 2.143965e-01 4.802448e-01
         vertex 5.400000e-01 2.143965e-01 4.802448e-01
         vertex 5.400000e-01 2.021044e-01 5.005029e-01
      endloop
   endfacet
   facet normal 0.000000e+00 8.549281e-01 5.187465e-01
      outer loop
         vertex 7.100000e-01 2.143965e-01 4.802448e-01
         vertex 5.400000e-01 2.021044e-01 5.005029e-01
         vertex 7.100000e-01 2.021044e-01 5.005029e-01
      endloop
   endfacet
   facet normal 0.000000e+00 8.984827e-01 4.390089e-01
      outer loop
         vertex 7.100000e-01 2.021044e-01 5.005029e-01
         vertex 5.400000e-01 2.021044e-01 5.005029e-01
         vertex 5.400000e-01 1.932352e-01 5.186548e-01
      endloop
   endfacet
   facet normal 0.000000e+00 8.984827e-01 4.390089e-01
      outer loop
         vertex 7.100000e-01 2.021044e-01 5.005029e-01
         vertex 5.400000e-01 1.932352e-01 5.186548e-01
         vertex 7.100000e-01 1.932352e-01 5.186548e-01
      endloop
   endfacet
   facet normal 0.000000e+00 9.404730e-01 3.398685e-01
      outer loop
         vertex 7.100000e-01 1.932352e-01 5.186548e-01
         vertex 5.400000e-01 1.932352e-01 5.186548e-01
         vertex 5.400000e-01 1.857246e-01 5.394378e-01
      endloop
   endfacet
   facet normal 0.000000e+00 9.404730e-01 3.398685e-01
      outer loop
         vertex 7.100000e-01 1.932352e-01 5.186548e-01
         vertex 5.400000e-01 1.857246e-01 5.394378e-01
         vertex 7.100000e-01 1.857246e-01 5.394378e-01
      endloop
   endfacet
   facet normal 0.000000e+00 9.464779e-01 3.227687e-01
      outer loop
         vertex 7.100000e-01 1.857246e-01 5.394378e-01
         vertex 5.400000e-01 1.857246e-01 5.394378e-01
         vertex 5.400000e-01 1.828216e-01 5.479505e-01
      endloop
   endfacet
   facet normal 0.000000e+00 9.464779e-01 3.227687e-01
      outer loop
         vertex 7.100000e-01 1.857246e-01 5.394378e-01
         vertex 5.400000e-01 1.828216e-01 5.479505e-01
         vertex 7.100000e-01 1.828216e-01 5.479505e-01
      endloop
   endfacet
   facet normal 0.000000e+00 9.155505e-01 4.022031e-01
      outer loop
         vertex 7.100000e-01 1.828216e-01 5.479505e-01
         vertex 5.400000e-01 1.828216e-01 5.479505e-01
         vertex 5.400000e-01 1.807845e-01 5.525877e-01
      endloop
   endfacet
   facet normal 0.000000e+00 9.155505e-01 4.022031e-01
      outer loop
         vertex 7.100000e-01 1.828216e-01 5.479505e-01
         vertex 5.400000e-01 1.807845e-01 5.525877e-01
         vertex 7.100000e-01 1.807845e-01 5.525877e-01
      endloop
   endfacet
   facet normal 0.000000e+00 8.596377e-01 5.109041e-01
      outer loop
         vertex 7.100000e-01 1.807845e-01 5.525877e-01
         vertex 5.400000e-01 1.807845e-01 5.525877e-01
         vertex 5.400000e-01 1.794827e-01 5.547780e-01
      endloop
   endfacet
   facet normal 0.000000e+00 8.596377e-01 5.109041e-01
      outer loop
         vertex 7.100000e-01 1.807845e-01 5.525877e-01
         vertex 5.400000e-01 1.794827e-01 5.547780e-01
         vertex 7.100000e-01 1.794827e-01 5.547780e-01
      endloop
   endfacet
   facet normal 0.000000e+00 7.861861e-01 6.179898e-01
      outer loop
         vertex 7.100000e-01 1.794827e-01 5.547780e-01
         vertex 5.400000e-01 1.794827e-01 5.547780e-01
         vertex 5.400000e-01 1.787334e-01 5.557314e-01
      endloop
   endfacet
   facet normal 0.000000e+00 7.861861e-01 6.179898e-01
      outer loop
         vertex 7.100000e-01 1.794827e-01 5.547780e-01
         vertex 5.400000e-01 1.787334e-01 5.557314e-01
         vertex 7.100000e-01 1.787334e-01 5.557314e-01
      endloop
   endfacet
   facet normal 0.000000e+00 6.918079e-01 7.220816e-01
      outer loop
         vertex 7.100000e-01 1.787334e-01 5.557314e-01
         vertex 5.400000e-01 1.787334e-01 5.557314e-01
         vertex 5.400000e-01 1.781317e-01 5.563079e-01
      endloop
   endfacet
   facet normal 0.000000e+00 6.918079e-01 7.220816e-01
      outer loop
         vertex 7.100000e-01 1.787334e-01 5.557314e-01
         vertex 5.400000e-01 1.781317e-01 5.563079e-01
         vertex 7.100000e-01 1.781317e-01 5.563079e-01
      endloop
   endfacet
   facet normal 0.000000e+00 5.958768e-01 8.030759e-01
      outer loop
         vertex 7.100000e-01 1.781317e-01 5.563079e-01
         vertex 5.400000e-01 1.781317e-01 5.563079e-01
         vertex 5.400000e-01 1.778478e-01 5.565184e-01
      endloop
   endfacet
   facet normal 0.000000e+00 5.958768e-01 8.030759e-01
      outer loop
         vertex 7.100000e-01 1.781317e-01 5.563079e-01
         vertex 5.400000e-01 1.778478e-01 5.565184e-01
         vertex 7.100000e-01 1.778478e-01 5.565184e-01
      endloop
   endfacet
   facet normal 0.000000e+00 5.061745e-01 8.624311e-01
      outer loop
         vertex 7.100000e-01 1.778478e-01 5.565184e-01
         vertex 5.400000e-01 1.778478e-01 5.565184e-01
         vertex 5.400000e-01 1.776087e-01 5.566588e-01
      endloop
   endfacet
   facet normal 0.000000e+00 5.061745e-01 8.624311e-01
      outer loop
         vertex 7.100000e-01 1.778478e-01 5.565184e-01
         vertex 5.400000e-01 1.776087e-01 5.566588e-01
         vertex 7.100000e-01 1.776087e-01 5.566588e-01
      endloop
   endfacet
   facet normal 0.000000e+00 3.713210e-01 9.285046e-01
      outer loop
         vertex 7.100000e-01 1.776087e-01 5.566588e-01
         vertex 5.400000e-01 1.776087e-01 5.566588e-01
         vertex 5.400000e-01 1.774033e-01 5.567409e-01
      endloop
   endfacet
   facet normal 0.000000e+00 3.713210e-01 9.285046e-01
      outer loop
         vertex 7.100000e-01 1.776087e-01 5.566588e-01
         vertex 5.400000e-01 1.774033e-01 5.567409e-01
         vertex 7.100000e-01 1.774033e-01 5.567409e-01
      endloop
   endfacet
   facet normal 0.000000e+00 2.295804e-01 9.732897e-01
      outer loop
         vertex 7.100000e-01 1.774033e-01 5.567409e-01
         vertex 5.400000e-01 1.774033e-01 5.567409e-01
         vertex 5.400000e-01 1.773017e-01 5.567649e-01
      endloop
   endfacet
   facet normal 0.000000e+00 2.295804e-01 9.732897e-01
      outer loop
         vertex 7.100000e-01 1.774033e-01 5.567409e-01
         vertex 5.400000e-01 1.773017e-01 5.567649e-01
         vertex 7.100000e-01 1.773017e-01 5.567649e-01
      endloop
   endfacet
   facet normal 0.000000e+00 6.687126e-02 9.977616e-01
      outer loop
         vertex 7.100000e-01 1.773017e-01 5.567649e-01
         vertex 5.400000e-01 1.773017e-01 5.567649e-01
         vertex 5.400000e-01 1.771897e-01 5.567724e-01
      endloop
   endfacet
   facet normal 0.000000e+00 6.687126e-02 9.977616e-01
      outer loop
         vertex 7.100000e-01 1.773017e-01 5.567649e-01
         vertex 5.400000e-01 1.771897e-01 5.567724e-01
         vertex 7.100000e-01 1.771897e-01 5.567724e-01
      endloop
   endfacet
   facet normal 0.000000e+00 -8.032632e-02 9.967686e-01
      outer loop
         vertex 7.100000e-01 1.771897e-01 5.567724e-01
         vertex 5.400000e-01 1.771897e-01 5.567724e-01
         vertex 5.400000e-01 1.770210e-01 5.567588e-01
      endloop
   endfacet
   facet normal 0.000000e+00 -8.032632e-02 9.967686e-01
      outer loop
         vertex 7.100000e-01 1.771897e-01 5.567724e-01
         vertex 5.400000e-01 1.770210e-01 5.567588e-01
         vertex 7.100000e-01 1.770210e-01 5.567588e-01
      endloop
   endfacet
   facet normal 0.000000e+00 -2.235514e-01 9.746921e-01
      outer loop
         vertex 7.100000e-01 1.770210e-01 5.567588e-01
         vertex 5.400000e-01 1.770210e-01 5.567588e-01
         vertex 5.400000e-01 1.767323e-01 5.566926e-01
      endloop
   endfacet
   facet normal 0.000000e+00 -2.235514e-01 9.746921e-01
      outer loop
         vertex 7.100000e-01 1.770210e-01 5.567588e-01
         vertex 5.400000e-01 1.767323e-01 5.566926e-01
         vertex 7.100000e-01 1.767323e-01 5.566926e-01
      endloop
   endfacet
   facet normal 0.000000e+00 -3.823312e-01 9.240253e-01
      outer loop
         vertex 7.100000e-01 1.767323e-01 5.566926e-01
         vertex 5.400000e-01 1.767323e-01 5.566926e-01
         vertex 5.400000e-01 1.763379e-01 5.565294e-01
      endloop
   endfacet
   facet normal 0.000000e+00 -3.823312e-01 9.240253e-01
      outer loop
         vertex 7.100000e-01 1.767323e-01 5.566926e-01
         vertex 5.400000e-01 1.763379e-01 5.565294e-01
         vertex 7.100000e-01 1.763379e-01 5.565294e-01
      endloop
   endfacet
   facet normal 0.000000e+00 -5.257107e-01 8.506634e-01
      outer loop
         vertex 7.100000e-01 1.763379e-01 5.565294e-01
         vertex 5.400000e-01 1.763379e-01 5.565294e-01
         vertex 5.400000e-01 1.758770e-01 5.562446e-01
      endloop
   endfacet
   facet normal 0.000000e+00 -5.257107e-01 8.506634e-01
      outer loop
         vertex 7.100000e-01 1.763379e-01 5.565294e-01
         vertex 5.400000e-01 1.758770e-01 5.562446e-01
         vertex 7.100000e-01 1.758770e-01 5.562446e-01
      endloop
   endfacet
   facet normal 0.000000e+00 -6.547711e-01 7.558272e-01
      outer loop
         vertex 7.100000e-01 1.758770e-01 5.562446e-01
         vertex 5.400000e-01 1.758770e-01 5.562446e-01
         vertex 5.400000e-01 1.752798e-01 5.557272e-01
      endloop
   endfacet
   facet normal 0.000000e+00 -6.547711e-01 7.558272e-01
      outer loop
         vertex 7.100000e-01 1.758770e-01 5.562446e-01
         vertex 5.400000e-01 1.752798e-01 5.557272e-01
         vertex 7.100000e-01 1.752798e-01 5.557272e-01
      endloop
   endfacet
   facet normal 0.000000e+00 -7.651165e-01 6.438919e-01
      outer loop
         vertex 7.100000e-01 1.752798e-01 5.557272e-01
         vertex 5.400000e-01 1.752798e-01 5.557272e-01
         vertex 5.400000e-01 1.745782e-01 5.548935e-01
      endloop
   endfacet
   facet normal 0.000000e+00 -7.651165e-01 6.438919e-01
      outer loop
         vertex 7.100000e-01 1.752798e-01 5.557272e-01
         vertex 5.400000e-01 1.745782e-01 5.548935e-01
         vertex 7.100000e-01 1.745782e-01 5.548935e-01
      endloop
   endfacet
   facet normal 0.000000e+00 -8.574186e-01 5.146196e-01
      outer loop
         vertex 7.100000e-01 1.745782e-01 5.548935e-01
         vertex 5.400000e-01 1.745782e-01 5.548935e-01
         vertex 5.400000e-01 1.737950e-01 5.535886e-01
      endloop
   endfacet
   facet normal 0.000000e+00 -8.574186e-01 5.146196e-01
      outer loop
         vertex 7.100000e-01 1.745782e-01 5.548935e-01
         vertex 5.400000e-01 1.737950e-01 5.535886e-01
         vertex 7.100000e-01 1.737950e-01 5.535886e-01
      endloop
   endfacet
   facet normal 0.000000e+00 -9.279413e-01 3.727264e-01
      outer loop
         vertex 7.100000e-01 1.737950e-01 5.535886e-01
         vertex 5.400000e-01 1.737950e-01 5.535886e-01
         vertex 5.400000e-01 1.729708e-01 5.515367e-01
      endloop
   endfacet
   facet normal 0.000000e+00 -9.279413e-01 3.727264e-01
      outer loop
         vertex 7.100000e-01 1.737950e-01 5.535886e-01
         vertex 5.400000e-01 1.729708e-01 5.515367e-01
         vertex 7.100000e-01 1.729708e-01 5.515367e-01
      endloop
   endfacet
   facet normal 0.000000e+00 -9.747809e-01 2.231641e-01
      outer loop
         vertex 7.100000e-01 1.729708e-01 5.515367e-01
         vertex 5.400000e-01 1.729708e-01 5.515367e-01
         vertex 5.400000e-01 1.722272e-01 5.482887e-01
      endloop
   endfacet
   facet normal 0.000000e+00 -9.747809e-01 2.231641e-01
      outer loop
         vertex 7.100000e-01 1.729708e-01 5.515367e-01
         vertex 5.400000e-01 1.722272e-01 5.482887e-01
         vertex 7.100000e-01 1.722272e-01 5.482887e-01
      endloop
   endfacet
   facet normal 0.000000e+00 -9.976162e-01 6.900637e-02
      outer loop
         vertex 7.100000e-01 1.722272e-01 5.482887e-01
         vertex 5.400000e-01 1.722272e-01 5.482887e-01
         vertex 5.400000e-01 1.718755e-01 5.432038e-01
      endloop
   endfacet
   facet normal 0.000000e+00 -9.976162e-01 6.900637e-02
      outer loop
         vertex 7.100000e-01 1.722272e-01 5.482887e-01
         vertex 5.400000e-01 1.718755e-01 5.432038e-01
         vertex 7.100000e-01 1.718755e-01 5.432038e-01
      endloop
   endfacet
   facet normal -0.000000e+00 -9.962788e-01 -8.618877e-02
      outer loop
         vertex 7.100000e-01 1.718755e-01 5.432038e-01
         vertex 5.400000e-01 1.718755e-01 5.432038e-01
         vertex 5.400000e-01 1.725576e-01 5.353187e-01
      endloop
   endfacet
   facet normal 0.000000e+00 -9.962788e-01 -8.618877e-02
      outer loop
         vertex 7.100000e-01 1.718755e-01 5.432038e-01
         vertex 5.400000e-01 1.725576e-01 5.353187e-01
         vertex 7.100000e-01 1.725576e-01 5.353187e-01
      endloop
   endfacet
   facet normal -0.000000e+00 -9.708089e-01 -2.398542e-01
      outer loop
         vertex 7.100000e-01 1.725576e-01 5.353187e-01
         vertex 5.400000e-01 1.725576e-01 5.353187e-01
         vertex 5.400000e-01 1.753900e-01 5.238547e-01
      endloop
   endfacet
   facet normal 0.000000e+00 -9.708089e-01 -2.398542e-01
      outer loop
         vertex 7.100000e-01 1.725576e-01 5.353187e-01
         vertex 5.400000e-01 1.753900e-01 5.238547e-01
         vertex 7.100000e-01 1.753900e-01 5.238547e-01
      endloop
   endfacet
   facet normal -0.000000e+00 -9.433240e-01 -3.318731e-01
      outer loop
         vertex 7.100000e-01 1.753900e-01 5.238547e-01
         vertex 5.400000e-01 1.753900e-01 5.238547e-01
         vertex 5.400000e-01 1.766002e-01 5.204147e-01
      endloop
   endfacet
   facet normal 0.000000e+00 -9.433240e-01 -3.318731e-01
      outer loop
         vertex 7.100000e-01 1.753900e-01 5.238547e-01
         vertex 5.400000e-01 1.766002e-01 5.204147e-01
         vertex 7.100000e-01 1.766002e-01 5.204147e-01
      endloop
   endfacet
   facet normal -0.000000e+00 -9.048323e-01 -4.257681e-01
      outer loop
         vertex 7.100000e-01 1.766002e-01 5.204147e-01
         vertex 5.400000e-01 1.766002e-01 5.204147e-01
         vertex 5.400000e-01 1.826890e-01 5.074751e-01
      endloop
   endfacet
   facet normal 0.000000e+00 -9.048323e-01 -4.257681e-01
      outer loop
         vertex 7.100000e-01 1.766002e-01 5.204147e-01
         vertex 5.400000e-01 1.826890e-01 5.074751e-01
         vertex 7.100000e-01 1.826890e-01 5.074751e-01
      endloop
   endfacet
   facet normal -0.000000e+00 -8.304127e-01 -5.571488e-01
      outer loop
         vertex 7.100000e-01 1.826890e-01 5.074751e-01
         vertex 5.400000e-01 1.826890e-01 5.074751e-01
         vertex 5.400000e-01 1.906980e-01 4.955379e-01
      endloop
   endfacet
   facet normal 0.000000e+00 -8.304127e-01 -5.571488e-01
      outer loop
         vertex 7.100000e-01 1.826890e-01 5.074751e-01
         vertex 5.400000e-01 1.906980e-01 4.955379e-01
         vertex 7.100000e-01 1.906980e-01 4.955379e-01
      endloop
   endfacet
   facet normal -0.000000e+00 -7.515942e-01 -6.596257e-01
      outer loop
         vertex 7.100000e-01 1.906980e-01 4.955379e-01
         vertex 5.400000e-01 1.906980e-01 4.955379e-01
         vertex 5.400000e-01 2.036072e-01 4.808288e-01
      endloop
   endfacet
   facet normal 0.000000e+00 -7.515942e-01 -6.596257e-01
      outer loop
         vertex 7.100000e-01 1.906980e-01 4.955379e-01
         vertex 5.400000e-01 2.036072e-01 4.808288e-01
         vertex 7.100000e-01 2.036072e-01 4.808288e-01
      endloop
   endfacet
   facet normal -0.000000e+00 -6.949919e-01 -7.190175e-01
      outer loop
         vertex 7.100000e-01 2.036072e-01 4.808288e-01
         vertex 5.400000e-01 2.036072e-01 4.808288e-01
         vertex 5.400000e-01 2.217208e-01 4.633205e-01
      endloop
   endfacet
   facet normal 0.000000e+00 -6.949919e-01 -7.190175e-01
      outer loop
         vertex 7.100000e-01 2.036072e-01 4.808288e-01
         vertex 5.400000e-01 2.217208e-01 4.633205e-01
         vertex 7.100000e-01 2.217208e-01 4.633205e-01
      endloop
   endfacet
   facet normal -0.000000e+00 -6.435749e-01 -7.653832e-01
      outer loop
         vertex 7.100000e-01 2.217208e-01 4.633205e-01
         vertex 5.400000e-01 2.217208e-01 4.633205e-01
         vertex 5.400000e-01 2.289929e-01 4.572057e-01
      endloop
   endfacet
   facet normal 0.000000e+00 -6.435749e-01 -7.653832e-01
      outer loop
         vertex 7.100000e-01 2.217208e-01 4.633205e-01
         vertex 5.400000e-01 2.289929e-01 4.572057e-01
         vertex 7.100000e-01 2.289929e-01 4.572057e-01
      endloop
   endfacet
   facet normal -0.000000e+00 -5.733172e-01 -8.193335e-01
      outer loop
         vertex 7.100000e-01 2.289929e-01 4.572057e-01
         vertex 5.400000e-01 2.289929e-01 4.572057e-01
         vertex 5.400000e-01 2.313871e-01 4.555304e-01
      endloop
   endfacet
   facet normal 0.000000e+00 -5.733172e-01 -8.193335e-01
      outer loop
         vertex 7.100000e-01 2.289929e-01 4.572057e-01
         vertex 5.400000e-01 2.313871e-01 4.555304e-01
         vertex 7.100000e-01 2.313871e-01 4.555304e-01
      endloop
   endfacet
   facet normal -0.000000e+00 -5.242266e-01 -8.515788e-01
      outer loop
         vertex 7.100000e-01 2.313871e-01 4.555304e-01
         vertex 5.400000e-01 2.313871e-01 4.555304e-01
         vertex 5.400000e-01 2.338101e-01 4.540388e-01
      endloop
   endfacet
   facet normal 0.000000e+00 -5.242266e-01 -8.515788e-01
      outer loop
         vertex 7.100000e-01 2.313871e-01 4.555304e-01
         vertex 5.400000e-01 2.338101e-01 4.540388e-01
         vertex 7.100000e-01 2.338101e-01 4.540388e-01
      endloop
   endfacet
   facet normal 0.000000e+00 4.999922e-01 -8.660299e-01
      outer loop
         vertex 5.400000e-01 2.344023e-01 4.543807e-01
         vertex 7.100000e-01 2.344023e-01 4.543807e-01
         vertex 5.400000e-01 2.338101e-01 4.540388e-01
      endloop
   endfacet
   facet normal 0.000000e+00 4.999922e-01 -8.660299e-01
      outer loop
         vertex 5.400000e-01 2.338101e-01 4.540388e-01
         vertex 7.100000e-01 2.344023e-01 4.543807e-01
         vertex 7.100000e-01 2.338101e-01 4.540388e-01
      endloop
   endfacet
   facet normal 0.000000e+00 8.673923e-01 4.976249e-01
      outer loop
         vertex 7.100000e-01 1.590938e-01 5.430087e-01
         vertex 5.400000e-01 1.590938e-01 5.430087e-01
         vertex 5.400000e-01 1.564285e-01 5.476544e-01
      endloop
   endfacet
   facet normal 0.000000e+00 8.673923e-01 4.976249e-01
      outer loop
         vertex 7.100000e-01 1.590938e-01 5.430087e-01
         vertex 5.400000e-01 1.564285e-01 5.476544e-01
         vertex 7.100000e-01 1.564285e-01 5.476544e-01
      endloop
   endfacet
   facet normal 0.000000e+00 8.971359e-01 4.417546e-01
      outer loop
         vertex 7.100000e-01 1.564285e-01 5.476544e-01
         vertex 5.400000e-01 1.564285e-01 5.476544e-01
         vertex 5.400000e-01 1.442271e-01 5.724336e-01
      endloop
   endfacet
   facet normal 0.000000e+00 8.971359e-01 4.417546e-01
      outer loop
         vertex 7.100000e-01 1.564285e-01 5.476544e-01
         vertex 5.400000e-01 1.442271e-01 5.724336e-01
         vertex 7.100000e-01 1.442271e-01 5.724336e-01
      endloop
   endfacet
   facet normal 0.000000e+00 9.300222e-01 3.675033e-01
      outer loop
         vertex 7.100000e-01 1.442271e-01 5.724336e-01
         vertex 5.400000e-01 1.442271e-01 5.724336e-01
         vertex 5.400000e-01 1.341961e-01 5.978187e-01
      endloop
   endfacet
   facet normal 0.000000e+00 9.300222e-01 3.675033e-01
      outer loop
         vertex 7.100000e-01 1.442271e-01 5.724336e-01
         vertex 5.400000e-01 1.341961e-01 5.978187e-01
         vertex 7.100000e-01 1.341961e-01 5.978187e-01
      endloop
   endfacet
   facet normal 0.000000e+00 9.568228e-01 2.906717e-01
      outer loop
         vertex 7.100000e-01 1.341961e-01 5.978187e-01
         vertex 5.400000e-01 1.341961e-01 5.978187e-01
         vertex 5.400000e-01 1.258872e-01 6.251696e-01
      endloop
   endfacet
   facet normal 0.000000e+00 9.568228e-01 2.906717e-01
      outer loop
         vertex 7.100000e-01 1.341961e-01 5.978187e-01
         vertex 5.400000e-01 1.258872e-01 6.251696e-01
         vertex 7.100000e-01 1.258872e-01 6.251696e-01
      endloop
   endfacet
   facet normal 0.000000e+00 9.797600e-01 2.001757e-01
      outer loop
         vertex 7.100000e-01 1.258872e-01 6.251696e-01
         vertex 5.400000e-01 1.258872e-01 6.251696e-01
         vertex 5.400000e-01 1.212642e-01 6.477966e-01
      endloop
   endfacet
   facet normal 0.000000e+00 9.797600e-01 2.001757e-01
      outer loop
         vertex 7.100000e-01 1.258872e-01 6.251696e-01
         vertex 5.400000e-01 1.212642e-01 6.477966e-01
         vertex 7.100000e-01 1.212642e-01 6.477966e-01
      endloop
   endfacet
   facet normal 0.000000e+00 9.929533e-01 1.185067e-01
      outer loop
         vertex 7.100000e-01 1.212642e-01 6.477966e-01
         vertex 5.400000e-01 1.212642e-01 6.477966e-01
         vertex 5.400000e-01 1.178478e-01 6.764227e-01
      endloop
   endfacet
   facet normal 0.000000e+00 9.929533e-01 1.185067e-01
      outer loop
         vertex 7.100000e-01 1.212642e-01 6.477966e-01
         vertex 5.400000e-01 1.178478e-01 6.764227e-01
         vertex 7.100000e-01 1.178478e-01 6.764227e-01
      endloop
   endfacet
   facet normal 0.000000e+00 9.864014e-01 1.643544e-01
      outer loop
         vertex 7.100000e-01 1.178478e-01 6.764227e-01
         vertex 5.400000e-01 1.178478e-01 6.764227e-01
         vertex 5.400000e-01 1.165024e-01 6.844975e-01
      endloop
   endfacet
   facet normal 0.000000e+00 9.864014e-01 1.643544e-01
      outer loop
         vertex 7.100000e-01 1.178478e-01 6.764227e-01
         vertex 5.400000e-01 1.165024e-01 6.844975e-01
         vertex 7.100000e-01 1.165024e-01 6.844975e-01
      endloop
   endfacet
   facet normal 0.000000e+00 9.575825e-01 2.881591e-01
      outer loop
         vertex 7.100000e-01 1.165024e-01 6.844975e-01
         vertex 5.400000e-01 1.165024e-01 6.844975e-01
         vertex 5.400000e-01 1.148928e-01 6.898461e-01
      endloop
   endfacet
   facet normal 0.000000e+00 9.575825e-01 2.881591e-01
      outer loop
         vertex 7.100000e-01 1.165024e-01 6.844975e-01
         vertex 5.400000e-01 1.148928e-01 6.898461e-01
         vertex 7.100000e-01 1.148928e-01 6.898461e-01
      endloop
   endfacet
   facet normal 0.000000e+00 8.995042e-01 4.369121e-01
      outer loop
         vertex 7.100000e-01 1.148928e-01 6.898461e-01
         vertex 5.400000e-01 1.148928e-01 6.898461e-01
         vertex 5.400000e-01 1.141787e-01 6.913164e-01
      endloop
   endfacet
   facet normal 0.000000e+00 8.995042e-01 4.369121e-01
      outer loop
         vertex 7.100000e-01 1.148928e-01 6.898461e-01
         vertex 5.400000e-01 1.141787e-01 6.913164e-01
         vertex 7.100000e-01 1.141787e-01 6.913164e-01
      endloop
   endfacet
   facet normal 0.000000e+00 8.292828e-01 5.588292e-01
      outer loop
         vertex 7.100000e-01 1.141787e-01 6.913164e-01
         vertex 5.400000e-01 1.141787e-01 6.913164e-01
         vertex 5.400000e-01 1.135430e-01 6.922597e-01
      endloop
   endfacet
   facet normal 0.000000e+00 8.292828e-01 5.588292e-01
      outer loop
         vertex 7.100000e-01 1.141787e-01 6.913164e-01
         vertex 5.400000e-01 1.135430e-01 6.922597e-01
         vertex 7.100000e-01 1.135430e-01 6.922597e-01
      endloop
   endfacet
   facet normal 0.000000e+00 7.525379e-01 6.585490e-01
      outer loop
         vertex 7.100000e-01 1.135430e-01 6.922597e-01
         vertex 5.400000e-01 1.135430e-01 6.922597e-01
         vertex 5.400000e-01 1.132298e-01 6.926177e-01
      endloop
   endfacet
   facet normal 0.000000e+00 7.525379e-01 6.585490e-01
      outer loop
         vertex 7.100000e-01 1.135430e-01 6.922597e-01
         vertex 5.400000e-01 1.132298e-01 6.926177e-01
         vertex 7.100000e-01 1.132298e-01 6.926177e-01
      endloop
   endfacet
   facet normal 0.000000e+00 6.781080e-01 7.349623e-01
      outer loop
         vertex 7.100000e-01 1.132298e-01 6.926177e-01
         vertex 5.400000e-01 1.132298e-01 6.926177e-01
         vertex 5.400000e-01 1.129549e-01 6.928713e-01
      endloop
   endfacet
   facet normal 0.000000e+00 6.781080e-01 7.349623e-01
      outer loop
         vertex 7.100000e-01 1.132298e-01 6.926177e-01
         vertex 5.400000e-01 1.129549e-01 6.928713e-01
         vertex 7.100000e-01 1.129549e-01 6.928713e-01
      endloop
   endfacet
   facet normal 0.000000e+00 5.591154e-01 8.290899e-01
      outer loop
         vertex 7.100000e-01 1.129549e-01 6.928713e-01
         vertex 5.400000e-01 1.129549e-01 6.928713e-01
         vertex 5.400000e-01 1.126996e-01 6.930434e-01
      endloop
   endfacet
   facet normal 0.000000e+00 5.591154e-01 8.290899e-01
      outer loop
         vertex 7.100000e-01 1.129549e-01 6.928713e-01
         vertex 5.400000e-01 1.126996e-01 6.930434e-01
         vertex 7.100000e-01 1.126996e-01 6.930434e-01
      endloop
   endfacet
   facet normal 0.000000e+00 4.270343e-01 9.042354e-01
      outer loop
         vertex 7.100000e-01 1.126996e-01 6.930434e-01
         vertex 5.400000e-01 1.126996e-01 6.930434e-01
         vertex 5.400000e-01 1.125738e-01 6.931028e-01
      endloop
   endfacet
   facet normal 0.000000e+00 4.270343e-01 9.042354e-01
      outer loop
         vertex 7.100000e-01 1.126996e-01 6.930434e-01
         vertex 5.400000e-01 1.125738e-01 6.931028e-01
         vertex 7.100000e-01 1.125738e-01 6.931028e-01
      endloop
   endfacet
   facet normal 0.000000e+00 2.726701e-01 9.621076e-01
      outer loop
         vertex 7.100000e-01 1.125738e-01 6.931028e-01
         vertex 5.400000e-01 1.125738e-01 6.931028e-01
         vertex 5.400000e-01 1.124297e-01 6.931437e-01
      endloop
   endfacet
   facet normal 0.000000e+00 2.726701e-01 9.621076e-01
      outer loop
         vertex 7.100000e-01 1.125738e-01 6.931028e-01
         vertex 5.400000e-01 1.124297e-01 6.931437e-01
         vertex 7.100000e-01 1.124297e-01 6.931437e-01
      endloop
   endfacet
   facet normal 0.000000e+00 1.286755e-01 9.916867e-01
      outer loop
         vertex 7.100000e-01 1.124297e-01 6.931437e-01
         vertex 5.400000e-01 1.124297e-01 6.931437e-01
         vertex 5.400000e-01 1.122060e-01 6.931727e-01
      endloop
   endfacet
   facet normal 0.000000e+00 1.286755e-01 9.916867e-01
      outer loop
         vertex 7.100000e-01 1.124297e-01 6.931437e-01
         vertex 5.400000e-01 1.122060e-01 6.931727e-01
         vertex 7.100000e-01 1.122060e-01 6.931727e-01
      endloop
   endfacet
   facet normal 0.000000e+00 -1.599675e-02 9.998720e-01
      outer loop
         vertex 7.100000e-01 1.122060e-01 6.931727e-01
         vertex 5.400000e-01 1.122060e-01 6.931727e-01
         vertex 5.400000e-01 1.118111e-01 6.931664e-01
      endloop
   endfacet
   facet normal 0.000000e+00 -1.599675e-02 9.998720e-01
      outer loop
         vertex 7.100000e-01 1.122060e-01 6.931727e-01
         vertex 5.400000e-01 1.118111e-01 6.931664e-01
         vertex 7.100000e-01 1.118111e-01 6.931664e-01
      endloop
   endfacet
   facet normal 0.000000e+00 -1.819144e-01 9.833144e-01
      outer loop
         vertex 7.100000e-01 1.118111e-01 6.931664e-01
         vertex 5.400000e-01 1.118111e-01 6.931664e-01
         vertex 5.400000e-01 1.112515e-01 6.930628e-01
      endloop
   endfacet
   facet normal 0.000000e+00 -1.819144e-01 9.833144e-01
      outer loop
         vertex 7.100000e-01 1.118111e-01 6.931664e-01
         vertex 5.400000e-01 1.112515e-01 6.930628e-01
         vertex 7.100000e-01 1.112515e-01 6.930628e-01
      endloop
   endfacet
   facet normal 0.000000e+00 -3.373508e-01 9.413790e-01
      outer loop
         vertex 7.100000e-01 1.112515e-01 6.930628e-01
         vertex 5.400000e-01 1.112515e-01 6.930628e-01
         vertex 5.400000e-01 1.105713e-01 6.928191e-01
      endloop
   endfacet
   facet normal 0.000000e+00 -3.373508e-01 9.413790e-01
      outer loop
         vertex 7.100000e-01 1.112515e-01 6.930628e-01
         vertex 5.400000e-01 1.105713e-01 6.928191e-01
         vertex 7.100000e-01 1.105713e-01 6.928191e-01
      endloop
   endfacet
   facet normal 0.000000e+00 -4.833286e-01 8.754390e-01
      outer loop
         vertex 7.100000e-01 1.105713e-01 6.928191e-01
         vertex 5.400000e-01 1.105713e-01 6.928191e-01
         vertex 5.400000e-01 1.096492e-01 6.923100e-01
      endloop
   endfacet
   facet normal 0.000000e+00 -4.833286e-01 8.754390e-01
      outer loop
         vertex 7.100000e-01 1.105713e-01 6.928191e-01
         vertex 5.400000e-01 1.096492e-01 6.923100e-01
         vertex 7.100000e-01 1.096492e-01 6.923100e-01
      endloop
   endfacet
   facet normal 0.000000e+00 -6.145064e-01 7.889119e-01
      outer loop
         vertex 7.100000e-01 1.096492e-01 6.923100e-01
         vertex 5.400000e-01 1.096492e-01 6.923100e-01
         vertex 5.400000e-01 1.085029e-01 6.914172e-01
      endloop
   endfacet
   facet normal 0.000000e+00 -6.145064e-01 7.889119e-01
      outer loop
         vertex 7.100000e-01 1.096492e-01 6.923100e-01
         vertex 5.400000e-01 1.085029e-01 6.914172e-01
         vertex 7.100000e-01 1.085029e-01 6.914172e-01
      endloop
   endfacet
   facet normal 0.000000e+00 -7.316935e-01 6.816338e-01
      outer loop
         vertex 7.100000e-01 1.085029e-01 6.914172e-01
         vertex 5.400000e-01 1.085029e-01 6.914172e-01
         vertex 5.400000e-01 1.071198e-01 6.899324e-01
      endloop
   endfacet
   facet normal 0.000000e+00 -7.316935e-01 6.816338e-01
      outer loop
         vertex 7.100000e-01 1.085029e-01 6.914172e-01
         vertex 5.400000e-01 1.071198e-01 6.899324e-01
         vertex 7.100000e-01 1.071198e-01 6.899324e-01
      endloop
   endfacet
   facet normal 0.000000e+00 -8.301673e-01 5.575144e-01
      outer loop
         vertex 7.100000e-01 1.071198e-01 6.899324e-01
         vertex 5.400000e-01 1.071198e-01 6.899324e-01
         vertex 5.400000e-01 1.054761e-01 6.874849e-01
      endloop
   endfacet
   facet normal 0.000000e+00 -8.301673e-01 5.575144e-01
      outer loop
         vertex 7.100000e-01 1.071198e-01 6.899324e-01
         vertex 5.400000e-01 1.054761e-01 6.874849e-01
         vertex 7.100000e-01 1.054761e-01 6.874849e-01
      endloop
   endfacet
   facet normal 0.000000e+00 -9.070811e-01 4.209560e-01
      outer loop
         vertex 7.100000e-01 1.054761e-01 6.874849e-01
         vertex 5.400000e-01 1.054761e-01 6.874849e-01
         vertex 5.400000e-01 1.036059e-01 6.834549e-01
      endloop
   endfacet
   facet normal 0.000000e+00 -9.070811e-01 4.209560e-01
      outer loop
         vertex 7.100000e-01 1.054761e-01 6.874849e-01
         vertex 5.400000e-01 1.036059e-01 6.834549e-01
         vertex 7.100000e-01 1.036059e-01 6.834549e-01
      endloop
   endfacet
   facet normal 0.000000e+00 -9.614691e-01 2.749130e-01
      outer loop
         vertex 7.100000e-01 1.036059e-01 6.834549e-01
         vertex 5.400000e-01 1.036059e-01 6.834549e-01
         vertex 5.400000e-01 1.017375e-01 6.769207e-01
      endloop
   endfacet
   facet normal 0.000000e+00 -9.614691e-01 2.749130e-01
      outer loop
         vertex 7.100000e-01 1.036059e-01 6.834549e-01
         vertex 5.400000e-01 1.017375e-01 6.769207e-01
         vertex 7.100000e-01 1.017375e-01 6.769207e-01
      endloop
   endfacet
   facet normal 0.000000e+00 -9.924271e-01 1.228348e-01
      outer loop
         vertex 7.100000e-01 1.017375e-01 6.769207e-01
         vertex 5.400000e-01 1.017375e-01 6.769207e-01
         vertex 5.400000e-01 1.004413e-01 6.664479e-01
      endloop
   endfacet
   facet normal 0.000000e+00 -9.924271e-01 1.228348e-01
      outer loop
         vertex 7.100000e-01 1.017375e-01 6.769207e-01
         vertex 5.400000e-01 1.004413e-01 6.664479e-01
         vertex 7.100000e-01 1.004413e-01 6.664479e-01
      endloop
   endfacet
   facet normal -0.000000e+00 -9.995663e-01 -2.944677e-02
      outer loop
         vertex 7.100000e-01 1.004413e-01 6.664479e-01
         vertex 5.400000e-01 1.004413e-01 6.664479e-01
         vertex 5.400000e-01 1.008845e-01 6.514039e-01
      endloop
   endfacet
   facet normal 0.000000e+00 -9.995663e-01 -2.944677e-02
      outer loop
         vertex 7.100000e-01 1.004413e-01 6.664479e-01
         vertex 5.400000e-01 1.008845e-01 6.514039e-01
         vertex 7.100000e-01 1.008845e-01 6.514039e-01
      endloop
   endfacet
   facet normal -0.000000e+00 -9.909223e-01 -1.344356e-01
      outer loop
         vertex 7.100000e-01 1.008845e-01 6.514039e-01
         vertex 5.400000e-01 1.008845e-01 6.514039e-01
         vertex 5.400000e-01 1.019124e-01 6.438270e-01
      endloop
   endfacet
   facet normal 0.000000e+00 -9.909223e-01 -1.344356e-01
      outer loop
         vertex 7.100000e-01 1.008845e-01 6.514039e-01
         vertex 5.400000e-01 1.019124e-01 6.438270e-01
         vertex 7.100000e-01 1.019124e-01 6.438270e-01
      endloop
   endfacet
   facet normal -0.000000e+00 -9.716116e-01 -2.365815e-01
      outer loop
         vertex 7.100000e-01 1.019124e-01 6.438270e-01
         vertex 5.400000e-01 1.019124e-01 6.438270e-01
         vertex 5.400000e-01 1.059124e-01 6.273996e-01
      endloop
   endfacet
   facet normal 0.000000e+00 -9.716116e-01 -2.365815e-01
      outer loop
         vertex 7.100000e-01 1.019124e-01 6.438270e-01
         vertex 5.400000e-01 1.059124e-01 6.273996e-01
         vertex 7.100000e-01 1.059124e-01 6.273996e-01
      endloop
   endfacet
   facet normal -0.000000e+00 -9.309685e-01 -3.650996e-01
      outer loop
         vertex 7.100000e-01 1.059124e-01 6.273996e-01
         vertex 5.400000e-01 1.059124e-01 6.273996e-01
         vertex 5.400000e-01 1.121922e-01 6.113867e-01
      endloop
   endfacet
   facet normal 0.000000e+00 -9.309685e-01 -3.650996e-01
      outer loop
         vertex 7.100000e-01 1.059124e-01 6.273996e-01
         vertex 5.400000e-01 1.121922e-01 6.113867e-01
         vertex 7.100000e-01 1.121922e-01 6.113867e-01
      endloop
   endfacet
   facet normal -0.000000e+00 -8.947987e-01 -4.464698e-01
      outer loop
         vertex 7.100000e-01 1.121922e-01 6.113867e-01
         vertex 5.400000e-01 1.121922e-01 6.113867e-01
         vertex 5.400000e-01 1.158496e-01 6.040567e-01
      endloop
   endfacet
   facet normal 0.000000e+00 -8.947987e-01 -4.464698e-01
      outer loop
         vertex 7.100000e-01 1.121922e-01 6.113867e-01
         vertex 5.400000e-01 1.158496e-01 6.040567e-01
         vertex 7.100000e-01 1.158496e-01 6.040567e-01
      endloop
   endfacet
   facet normal -0.000000e+00 -8.617790e-01 -5.072838e-01
      outer loop
         vertex 7.100000e-01 1.158496e-01 6.040567e-01
         vertex 5.400000e-01 1.158496e-01 6.040567e-01
         vertex 5.400000e-01 1.287629e-01 5.821194e-01
      endloop
   endfacet
   facet normal 0.000000e+00 -8.617790e-01 -5.072838e-01
      outer loop
         vertex 7.100000e-01 1.158496e-01 6.040567e-01
         vertex 5.400000e-01 1.287629e-01 5.821194e-01
         vertex 7.100000e-01 1.287629e-01 5.821194e-01
      endloop
   endfacet
   facet normal -0.000000e+00 -8.259430e-01 -5.637537e-01
      outer loop
         vertex 7.100000e-01 1.287629e-01 5.821194e-01
         vertex 5.400000e-01 1.287629e-01 5.821194e-01
         vertex 5.400000e-01 1.445662e-01 5.589664e-01
      endloop
   endfacet
   facet normal 0.000000e+00 -8.259430e-01 -5.637537e-01
      outer loop
         vertex 7.100000e-01 1.287629e-01 5.821194e-01
         vertex 5.400000e-01 1.445662e-01 5.589664e-01
         vertex 7.100000e-01 1.445662e-01 5.589664e-01
      endloop
   endfacet
   facet normal -0.000000e+00 -7.882565e-01 -6.153468e-01
      outer loop
         vertex 7.100000e-01 1.445662e-01 5.589664e-01
         vertex 5.400000e-01 1.445662e-01 5.589664e-01
         vertex 5.400000e-01 1.525058e-01 5.487958e-01
      endloop
   endfacet
   facet normal 0.000000e+00 -7.882565e-01 -6.153468e-01
      outer loop
         vertex 7.100000e-01 1.445662e-01 5.589664e-01
         vertex 5.400000e-01 1.525058e-01 5.487958e-01
         vertex 7.100000e-01 1.525058e-01 5.487958e-01
      endloop
   endfacet
   facet normal -0.000000e+00 -7.335496e-01 -6.796359e-01
      outer loop
         vertex 7.100000e-01 1.525058e-01 5.487958e-01
         vertex 5.400000e-01 1.525058e-01 5.487958e-01
         vertex 5.400000e-01 1.546809e-01 5.464482e-01
      endloop
   endfacet
   facet normal 0.000000e+00 -7.335496e-01 -6.796359e-01
      outer loop
         vertex 7.100000e-01 1.525058e-01 5.487958e-01
         vertex 5.400000e-01 1.546809e-01 5.464482e-01
         vertex 7.100000e-01 1.546809e-01 5.464482e-01
      endloop
   endfacet
   facet normal -0.000000e+00 -6.899388e-01 -7.238677e-01
      outer loop
         vertex 7.100000e-01 1.546809e-01 5.464482e-01
         vertex 5.400000e-01 1.546809e-01 5.464482e-01
         vertex 5.400000e-01 1.584939e-01 5.428138e-01
      endloop
   endfacet
   facet normal 0.000000e+00 -6.899388e-01 -7.238677e-01
      outer loop
         vertex 7.100000e-01 1.546809e-01 5.464482e-01
         vertex 5.400000e-01 1.584939e-01 5.428138e-01
         vertex 7.100000e-01 1.584939e-01 5.428138e-01
      endloop
   endfacet
   facet normal 0.000000e+00 3.090316e-01 -9.510518e-01
      outer loop
         vertex 5.400000e-01 1.590938e-01 5.430087e-01
         vertex 7.100000e-01 1.590938e-01 5.430087e-01
         vertex 5.400000e-01 1.584939e-01 5.428138e-01
      endloop
   endfacet
   facet normal 0.000000e+00 3.090316e-01 -9.510518e-01
      outer loop
         vertex 5.400000e-01 1.584939e-01 5.428138e-01
         vertex 7.100000e-01 1.590938e-01 5.430087e-01
         vertex 7.100000e-01 1.584939e-01 5.428138e-01
      endloop
   endfacet
   facet normal 9.990413e-01 3.194255e-02 -2.993613e-02
      outer loop
         vertex 7.400000e-01 2.327866e-01 5.999269e-01
         vertex 7.400000e-01 2.293666e-01 5.962776e-01
         vertex 7.399617e-01 2.334109e-01 5.993140e-01
      endloop
   endfacet
   facet normal 9.990455e-01 3.188460e-02 -2.985889e-02
      outer loop
         vertex 7.399617e-01 2.334109e-01 5.993140e-01
         vertex 7.400000e-01 2.293666e-01 5.962776e-01
         vertex 7.399619e-01 2.299894e-01 5.956663e-01
      endloop
   endfacet
   facet normal 9.914240e-01 9.533958e-02 -8.938025e-02
      outer loop
         vertex 7.399617e-01 2.334109e-01 5.993140e-01
         vertex 7.399619e-01 2.299894e-01 5.956663e-01
         vertex 7.398481e-01 2.340273e-01 5.987113e-01
      endloop
   endfacet
   facet normal 9.914404e-01 9.526361e-02 -8.927890e-02
      outer loop
         vertex 7.398481e-01 2.340273e-01 5.987113e-01
         vertex 7.399619e-01 2.299894e-01 5.956663e-01
         vertex 7.398481e-01 2.306075e-01 5.950623e-01
      endloop
   endfacet
   facet normal 9.763314e-01 1.578098e-01 -1.478957e-01
      outer loop
         vertex 7.398481e-01 2.340273e-01 5.987113e-01
         vertex 7.398481e-01 2.306075e-01 5.950623e-01
         vertex 7.396601e-01 2.346352e-01 5.981194e-01
      endloop
   endfacet
   facet normal 9.762646e-01 1.579928e-01 -1.481410e-01
      outer loop
         vertex 7.396601e-01 2.346352e-01 5.981194e-01
         vertex 7.398481e-01 2.306075e-01 5.950623e-01
         vertex 7.396584e-01 2.312203e-01 5.944660e-01
      endloop
   endfacet
   facet normal 9.537704e-01 2.193313e-01 -2.054647e-01
      outer loop
         vertex 7.396601e-01 2.346352e-01 5.981194e-01
         vertex 7.396584e-01 2.312203e-01 5.944660e-01
         vertex 7.393969e-01 2.352350e-01 5.975378e-01
      endloop
   endfacet
   facet normal 9.536612e-01 2.195408e-01 -2.057477e-01
      outer loop
         vertex 7.393969e-01 2.352350e-01 5.975378e-01
         vertex 7.396584e-01 2.312203e-01 5.944660e-01
         vertex 7.393969e-01 2.318155e-01 5.938891e-01
      endloop
   endfacet
   facet normal 9.238238e-01 2.793256e-01 -2.617765e-01
      outer loop
         vertex 7.393969e-01 2.352350e-01 5.975378e-01
         vertex 7.393969e-01 2.318155e-01 5.938891e-01
         vertex 7.390620e-01 2.358166e-01 5.969762e-01
      endloop
   endfacet
   facet normal 9.238975e-01 2.792187e-01 -2.616300e-01
      outer loop
         vertex 7.390620e-01 2.358166e-01 5.969762e-01
         vertex 7.393969e-01 2.318155e-01 5.938891e-01
         vertex 7.390638e-01 2.323943e-01 5.933303e-01
      endloop
   endfacet
   facet normal 8.869660e-01 3.369508e-01 -3.158409e-01
      outer loop
         vertex 7.390620e-01 2.358166e-01 5.969762e-01
         vertex 7.390638e-01 2.323943e-01 5.933303e-01
         vertex 7.386603e-01 2.363725e-01 5.964413e-01
      endloop
   endfacet
   facet normal 8.870754e-01 3.368259e-01 -3.156669e-01
      outer loop
         vertex 7.386603e-01 2.363725e-01 5.964413e-01
         vertex 7.390638e-01 2.323943e-01 5.933303e-01
         vertex 7.386603e-01 2.329532e-01 5.927927e-01
      endloop
   endfacet
   facet normal 8.434887e-01 3.919309e-01 -3.673104e-01
      outer loop
         vertex 7.386603e-01 2.363725e-01 5.964413e-01
         vertex 7.386603e-01 2.329532e-01 5.927927e-01
         vertex 7.381936e-01 2.369016e-01 5.959341e-01
      endloop
   endfacet
   facet normal 8.432988e-01 3.921064e-01 -3.675592e-01
      outer loop
         vertex 7.381936e-01 2.369016e-01 5.959341e-01
         vertex 7.386603e-01 2.329532e-01 5.927927e-01
         vertex 7.381896e-01 2.334865e-01 5.922817e-01
      endloop
   endfacet
   facet normal 7.934675e-01 4.441167e-01 -4.161367e-01
      outer loop
         vertex 7.381936e-01 2.369016e-01 5.959341e-01
         vertex 7.381896e-01 2.334865e-01 5.922817e-01
         vertex 7.376605e-01 2.374042e-01 5.954540e-01
      endloop
   endfacet
   facet normal 7.932624e-01 4.442717e-01 -4.163622e-01
      outer loop
         vertex 7.376605e-01 2.374042e-01 5.954540e-01
         vertex 7.381896e-01 2.334865e-01 5.922817e-01
         vertex 7.376605e-01 2.339850e-01 5.918056e-01
      endloop
   endfacet
   facet normal 7.371702e-01 4.930324e-01 -4.620598e-01
      outer loop
         vertex 7.376605e-01 2.374042e-01 5.954540e-01
         vertex 7.376605e-01 2.339850e-01 5.918056e-01
         vertex 7.370695e-01 2.378712e-01 5.950094e-01
      endloop
   endfacet
   facet normal 7.373370e-01 4.929291e-01 -4.619037e-01
      outer loop
         vertex 7.370695e-01 2.378712e-01 5.950094e-01
         vertex 7.376605e-01 2.339850e-01 5.918056e-01
         vertex 7.370726e-01 2.344497e-01 5.913632e-01
      endloop
   endfacet
   facet normal 6.755441e-01 5.379646e-01 -5.042165e-01
      outer loop
         vertex 7.370695e-01 2.378712e-01 5.950094e-01
         vertex 7.370726e-01 2.344497e-01 5.913632e-01
         vertex 7.364279e-01 2.382975e-01 5.946047e-01
      endloop
   endfacet
   facet normal 6.756909e-01 5.378902e-01 -5.040991e-01
      outer loop
         vertex 7.364279e-01 2.382975e-01 5.946047e-01
         vertex 7.370726e-01 2.344497e-01 5.913632e-01
         vertex 7.364279e-01 2.348783e-01 5.909563e-01
      endloop
   endfacet
   facet normal 6.088871e-01 5.788033e-01 -5.424419e-01
      outer loop
         vertex 7.364279e-01 2.382975e-01 5.946047e-01
         vertex 7.364279e-01 2.348783e-01 5.909563e-01
         vertex 7.357386e-01 2.386817e-01 5.942409e-01
      endloop
   endfacet
   facet normal 6.085805e-01 5.789290e-01 -5.426518e-01
      outer loop
         vertex 7.357386e-01 2.386817e-01 5.942409e-01
         vertex 7.364279e-01 2.348783e-01 5.909563e-01
         vertex 7.357329e-01 2.352655e-01 5.905899e-01
      endloop
   endfacet
   facet normal 5.374371e-01 6.153570e-01 -5.766256e-01
      outer loop
         vertex 7.357386e-01 2.386817e-01 5.942409e-01
         vertex 7.357329e-01 2.352655e-01 5.905899e-01
         vertex 7.350000e-01 2.390239e-01 5.939177e-01
      endloop
   endfacet
   facet normal 5.371698e-01 6.154436e-01 -5.767823e-01
      outer loop
         vertex 7.350000e-01 2.390239e-01 5.939177e-01
         vertex 7.357329e-01 2.352655e-01 5.905899e-01
         vertex 7.350000e-01 2.356048e-01 5.902694e-01
      endloop
   endfacet
   facet normal 4.616927e-01 6.472315e-01 -6.065734e-01
      outer loop
         vertex 7.350000e-01 2.390239e-01 5.939177e-01
         vertex 7.350000e-01 2.356048e-01 5.902694e-01
         vertex 7.342246e-01 2.393176e-01 5.936409e-01
      endloop
   endfacet
   facet normal 4.618766e-01 6.471865e-01 -6.064814e-01
      outer loop
         vertex 7.342246e-01 2.393176e-01 5.936409e-01
         vertex 7.350000e-01 2.356048e-01 5.902694e-01
         vertex 7.342286e-01 2.358972e-01 5.899940e-01
      endloop
   endfacet
   facet normal 3.825762e-01 6.741161e-01 -6.318252e-01
      outer loop
         vertex 7.342246e-01 2.393176e-01 5.936409e-01
         vertex 7.342286e-01 2.358972e-01 5.899940e-01
         vertex 7.334202e-01 2.395603e-01 5.934127e-01
      endloop
   endfacet
   facet normal 3.828029e-01 6.740769e-01 -6.317296e-01
      outer loop
         vertex 7.334202e-01 2.395603e-01 5.934127e-01
         vertex 7.342286e-01 2.358972e-01 5.899940e-01
         vertex 7.334202e-01 2.361412e-01 5.897644e-01
      endloop
   endfacet
   facet normal 3.008601e-01 6.958485e-01 -6.521335e-01
      outer loop
         vertex 7.334202e-01 2.395603e-01 5.934127e-01
         vertex 7.334202e-01 2.361412e-01 5.897644e-01
         vertex 7.325915e-01 2.397508e-01 5.932337e-01
      endloop
   endfacet
   facet normal 3.005409e-01 6.958822e-01 -6.522447e-01
      outer loop
         vertex 7.325915e-01 2.397508e-01 5.932337e-01
         vertex 7.334202e-01 2.361412e-01 5.897644e-01
         vertex 7.325849e-01 2.363330e-01 5.895842e-01
      endloop
   endfacet
   facet normal 2.166272e-01 7.123695e-01 -6.675346e-01
      outer loop
         vertex 7.325915e-01 2.397508e-01 5.932337e-01
         vertex 7.325849e-01 2.363330e-01 5.895842e-01
         vertex 7.317365e-01 2.398892e-01 5.931039e-01
      endloop
   endfacet
   facet normal 2.162466e-01 7.123847e-01 -6.676417e-01
      outer loop
         vertex 7.317365e-01 2.398892e-01 5.931039e-01
         vertex 7.325849e-01 2.363330e-01 5.895842e-01
         vertex 7.317365e-01 2.364701e-01 5.894557e-01
      endloop
   endfacet
   facet normal 1.305255e-01 7.234069e-01 -6.779716e-01
      outer loop
         vertex 7.317365e-01 2.398892e-01 5.931039e-01
         vertex 7.317365e-01 2.364701e-01 5.894557e-01
         vertex 7.308725e-01 2.399722e-01 5.930261e-01
      endloop
   endfacet
   facet normal 1.306970e-01 7.234110e-01 -6.779342e-01
      outer loop
         vertex 7.308725e-01 2.399722e-01 5.930261e-01
         vertex 7.317365e-01 2.364701e-01 5.894557e-01
         vertex 7.308747e-01 2.365530e-01 5.893779e-01
      endloop
   endfacet
   facet normal 4.368836e-02 7.289467e-01 -6.831750e-01
      outer loop
         vertex 7.308725e-01 2.399722e-01 5.930261e-01
         vertex 7.308747e-01 2.365530e-01 5.893779e-01
         vertex 7.300000e-01 2.400000e-01 5.930000e-01
      endloop
   endfacet
   facet normal 4.379530e-02 7.289561e-01 -6.831581e-01
      outer loop
         vertex 7.300000e-01 2.400000e-01 5.930000e-01
         vertex 7.308747e-01 2.365530e-01 5.893779e-01
         vertex 7.300000e-01 2.365809e-01 5.893517e-01
      endloop
   endfacet
   facet normal 9.969159e-01 -0.000000e+00 7.847698e-02
      outer loop
         vertex 7.400000e-01 1.051202e-01 8.830000e-01
         vertex 7.400000e-01 1.101216e-01 8.830000e-01
         vertex 7.398769e-01 1.100865e-01 8.845643e-01
      endloop
   endfacet
   facet normal 9.969159e-01 0.000000e+00 7.847698e-02
      outer loop
         vertex 7.400000e-01 1.051202e-01 8.830000e-01
         vertex 7.398769e-01 1.100865e-01 8.845643e-01
         vertex 7.398769e-01 1.050855e-01 8.845643e-01
      endloop
   endfacet
   facet normal 9.723680e-01 -0.000000e+00 2.334534e-01
      outer loop
         vertex 7.398769e-01 1.050855e-01 8.845643e-01
         vertex 7.398769e-01 1.100865e-01 8.845643e-01
         vertex 7.395105e-01 1.100581e-01 8.860902e-01
      endloop
   endfacet
   facet normal 9.723680e-01 0.000000e+00 2.334534e-01
      outer loop
         vertex 7.398769e-01 1.050855e-01 8.845643e-01
         vertex 7.395105e-01 1.100581e-01 8.860902e-01
         vertex 7.395105e-01 1.050574e-01 8.860902e-01
      endloop
   endfacet
   facet normal 9.238918e-01 -0.000000e+00 3.826537e-01
      outer loop
         vertex 7.395105e-01 1.050574e-01 8.860902e-01
         vertex 7.395105e-01 1.100581e-01 8.860902e-01
         vertex 7.389101e-01 1.100363e-01 8.875399e-01
      endloop
   endfacet
   facet normal 9.238918e-01 0.000000e+00 3.826537e-01
      outer loop
         vertex 7.395105e-01 1.050574e-01 8.860902e-01
         vertex 7.389101e-01 1.100363e-01 8.875399e-01
         vertex 7.389101e-01 1.050358e-01 8.875399e-01
      endloop
   endfacet
   facet normal 8.526324e-01 -0.000000e+00 5.225113e-01
      outer loop
         vertex 7.389101e-01 1.050358e-01 8.875399e-01
         vertex 7.389101e-01 1.100363e-01 8.875399e-01
         vertex 7.380902e-01 1.100207e-01 8.888779e-01
      endloop
   endfacet
   facet normal 8.526324e-01 0.000000e+00 5.225113e-01
      outer loop
         vertex 7.389101e-01 1.050358e-01 8.875399e-01
         vertex 7.380902e-01 1.100207e-01 8.888779e-01
         vertex 7.380902e-01 1.050204e-01 8.888779e-01
      endloop
   endfacet
   facet normal 7.604217e-01 -0.000000e+00 6.494296e-01
      outer loop
         vertex 7.380902e-01 1.050204e-01 8.888779e-01
         vertex 7.380902e-01 1.100207e-01 8.888779e-01
         vertex 7.370711e-01 1.100104e-01 8.900711e-01
      endloop
   endfacet
   facet normal 7.604217e-01 0.000000e+00 6.494296e-01
      outer loop
         vertex 7.380902e-01 1.050204e-01 8.888779e-01
         vertex 7.370711e-01 1.100104e-01 8.900711e-01
         vertex 7.370711e-01 1.050103e-01 8.900711e-01
      endloop
   endfacet
   facet normal 6.494296e-01 -0.000000e+00 7.604217e-01
      outer loop
         vertex 7.370711e-01 1.050103e-01 8.900711e-01
         vertex 7.370711e-01 1.100104e-01 8.900711e-01
         vertex 7.358779e-01 1.100044e-01 8.910902e-01
      endloop
   endfacet
   facet normal 6.494296e-01 0.000000e+00 7.604217e-01
      outer loop
         vertex 7.370711e-01 1.050103e-01 8.900711e-01
         vertex 7.358779e-01 1.100044e-01 8.910902e-01
         vertex 7.358779e-01 1.050044e-01 8.910902e-01
      endloop
   endfacet
   facet normal 5.225113e-01 -0.000000e+00 8.526324e-01
      outer loop
         vertex 7.358779e-01 1.050044e-01 8.910902e-01
         vertex 7.358779e-01 1.100044e-01 8.910902e-01
         vertex 7.345399e-01 1.100014e-01 8.919101e-01
      endloop
   endfacet
   facet normal 5.225113e-01 0.000000e+00 8.526324e-01
      outer loop
         vertex 7.358779e-01 1.050044e-01 8.910902e-01
         vertex 7.345399e-01 1.100014e-01 8.919101e-01
         vertex 7.345399e-01 1.050014e-01 8.919101e-01
      endloop
   endfacet
   facet normal 3.826861e-01 -0.000000e+00 9.238784e-01
      outer loop
         vertex 7.345399e-01 1.050014e-01 8.919101e-01
         vertex 7.345399e-01 1.100014e-01 8.919101e-01
         vertex 7.330902e-01 1.100003e-01 8.925106e-01
      endloop
   endfacet
   facet normal 3.826861e-01 0.000000e+00 9.238784e-01
      outer loop
         vertex 7.345399e-01 1.050014e-01 8.919101e-01
         vertex 7.330902e-01 1.100003e-01 8.925106e-01
         vertex 7.330902e-01 1.050003e-01 8.925106e-01
      endloop
   endfacet
   facet normal 2.334175e-01 -0.000000e+00 9.723766e-01
      outer loop
         vertex 7.330902e-01 1.050003e-01 8.925106e-01
         vertex 7.330902e-01 1.100003e-01 8.925106e-01
         vertex 7.315643e-01 1.100000e-01 8.928769e-01
      endloop
   endfacet
   facet normal 2.334175e-01 0.000000e+00 9.723766e-01
      outer loop
         vertex 7.330902e-01 1.050003e-01 8.925106e-01
         vertex 7.315643e-01 1.100000e-01 8.928769e-01
         vertex 7.315643e-01 1.050000e-01 8.928769e-01
      endloop
   endfacet
   facet normal 7.847698e-02 -0.000000e+00 9.969159e-01
      outer loop
         vertex 7.315643e-01 1.050000e-01 8.928769e-01
         vertex 7.315643e-01 1.100000e-01 8.928769e-01
         vertex 7.300000e-01 1.100000e-01 8.930000e-01
      endloop
   endfacet
   facet normal 7.847698e-02 0.000000e+00 9.969159e-01
      outer loop
         vertex 7.315643e-01 1.050000e-01 8.928769e-01
         vertex 7.300000e-01 1.100000e-01 8.930000e-01
         vertex 7.300000e-01 1.050000e-01 8.930000e-01
      endloop
   endfacet
   facet normal 0.000000e+00 7.162510e-01 6.978428e-01
      outer loop
         vertex 7.300000e-01 2.400000e-01 5.930000e-01
         vertex 7.150000e-01 2.400000e-01 5.930000e-01
         vertex 7.150000e-01 2.139369e-01 6.197506e-01
      endloop
   endfacet
   facet normal 2.103504e-03 6.894806e-01 7.243011e-01
      outer loop
         vertex 7.364279e-01 2.382975e-01 5.946047e-01
         vertex 7.357386e-01 2.386817e-01 5.942409e-01
         vertex 7.350000e-01 2.363722e-01 5.964415e-01
      endloop
   endfacet
   facet normal 2.473096e-03 6.894180e-01 7.243595e-01
      outer loop
         vertex 7.350000e-01 2.363722e-01 5.964415e-01
         vertex 7.357386e-01 2.386817e-01 5.942409e-01
         vertex 7.350000e-01 2.390239e-01 5.939177e-01
      endloop
   endfacet
   facet normal 2.550687e-03 6.894179e-01 7.243593e-01
      outer loop
         vertex 7.350000e-01 2.363722e-01 5.964415e-01
         vertex 7.350000e-01 2.390239e-01 5.939177e-01
         vertex 7.342246e-01 2.393176e-01 5.936409e-01
      endloop
   endfacet
   facet normal 2.412275e-03 6.893990e-01 7.243778e-01
      outer loop
         vertex 7.342246e-01 2.393176e-01 5.936409e-01
         vertex 7.334202e-01 2.395603e-01 5.934127e-01
         vertex 7.350000e-01 2.363722e-01 5.964415e-01
      endloop
   endfacet
   facet normal 2.033807e-03 6.893011e-01 7.244721e-01
      outer loop
         vertex 7.350000e-01 2.363722e-01 5.964415e-01
         vertex 7.334202e-01 2.395603e-01 5.934127e-01
         vertex 7.325915e-01 2.397508e-01 5.932337e-01
      endloop
   endfacet
   facet normal 1.466386e-03 6.890892e-01 7.246750e-01
      outer loop
         vertex 7.350000e-01 2.363722e-01 5.964415e-01
         vertex 7.325915e-01 2.397508e-01 5.932337e-01
         vertex 7.317365e-01 2.398892e-01 5.931039e-01
      endloop
   endfacet
   facet normal 3.931790e-02 7.241250e-01 6.885470e-01
      outer loop
         vertex 7.400000e-01 2.139369e-01 6.197506e-01
         vertex 7.400000e-01 2.327866e-01 5.999269e-01
         vertex 7.350000e-01 2.363722e-01 5.964415e-01
      endloop
   endfacet
   facet normal 5.227060e-03 7.007414e-01 7.133963e-01
      outer loop
         vertex 7.350000e-01 2.363722e-01 5.964415e-01
         vertex 7.400000e-01 2.327866e-01 5.999269e-01
         vertex 7.399617e-01 2.334109e-01 5.993140e-01
      endloop
   endfacet
   facet normal 3.714341e-03 6.994470e-01 7.146748e-01
      outer loop
         vertex 7.399617e-01 2.334109e-01 5.993140e-01
         vertex 7.398481e-01 2.340273e-01 5.987113e-01
         vertex 7.350000e-01 2.363722e-01 5.964415e-01
      endloop
   endfacet
   facet normal 2.322945e-03 6.979712e-01 7.161220e-01
      outer loop
         vertex 7.350000e-01 2.363722e-01 5.964415e-01
         vertex 7.398481e-01 2.340273e-01 5.987113e-01
         vertex 7.396601e-01 2.346352e-01 5.981194e-01
      endloop
   endfacet
   facet normal 1.164177e-03 6.963696e-01 7.176824e-01
      outer loop
         vertex 7.350000e-01 2.363722e-01 5.964415e-01
         vertex 7.396601e-01 2.346352e-01 5.981194e-01
         vertex 7.393969e-01 2.352350e-01 5.975378e-01
      endloop
   endfacet
   facet normal 3.957857e-04 6.948334e-01 7.191706e-01
      outer loop
         vertex 7.393969e-01 2.352350e-01 5.975378e-01
         vertex 7.390620e-01 2.358166e-01 5.969762e-01
         vertex 7.350000e-01 2.363722e-01 5.964415e-01
      endloop
   endfacet
   facet normal -3.865945e-06 6.933180e-01 7.206318e-01
      outer loop
         vertex 7.350000e-01 2.363722e-01 5.964415e-01
         vertex 7.390620e-01 2.358166e-01 5.969762e-01
         vertex 7.386603e-01 2.363725e-01 5.964413e-01
      endloop
   endfacet
   facet normal -3.686010e-06 6.919933e-01 7.219039e-01
      outer loop
         vertex 7.350000e-01 2.363722e-01 5.964415e-01
         vertex 7.386603e-01 2.363725e-01 5.964413e-01
         vertex 7.381936e-01 2.369016e-01 5.959341e-01
      endloop
   endfacet
   facet normal 3.308922e-04 6.909406e-01 7.229114e-01
      outer loop
         vertex 7.381936e-01 2.369016e-01 5.959341e-01
         vertex 7.376605e-01 2.374042e-01 5.954540e-01
         vertex 7.350000e-01 2.363722e-01 5.964415e-01
      endloop
   endfacet
   facet normal 9.137985e-04 6.901551e-01 7.236609e-01
      outer loop
         vertex 7.350000e-01 2.363722e-01 5.964415e-01
         vertex 7.376605e-01 2.374042e-01 5.954540e-01
         vertex 7.370695e-01 2.378712e-01 5.950094e-01
      endloop
   endfacet
   facet normal 1.545201e-03 6.896983e-01 7.240952e-01
      outer loop
         vertex 7.350000e-01 2.363722e-01 5.964415e-01
         vertex 7.370695e-01 2.378712e-01 5.950094e-01
         vertex 7.364279e-01 2.382975e-01 5.946047e-01
      endloop
   endfacet
   facet normal 4.537517e-03 9.997302e-01 2.277922e-02
      outer loop
         vertex 7.398769e-01 1.100865e-01 8.845643e-01
         vertex 7.400000e-01 1.101216e-01 8.830000e-01
         vertex 7.350000e-01 1.100304e-01 8.879997e-01
      endloop
   endfacet
   facet normal -1.358656e-04 9.999331e-01 1.156562e-02
      outer loop
         vertex 7.380902e-01 1.100207e-01 8.888779e-01
         vertex 7.389101e-01 1.100363e-01 8.875399e-01
         vertex 7.350000e-01 1.100304e-01 8.879997e-01
      endloop
   endfacet
   facet normal 2.873818e-04 9.998850e-01 1.516478e-02
      outer loop
         vertex 7.350000e-01 1.100304e-01 8.879997e-01
         vertex 7.389101e-01 1.100363e-01 8.875399e-01
         vertex 7.395105e-01 1.100581e-01 8.860902e-01
      endloop
   endfacet
   facet normal 1.967166e-03 9.998150e-01 1.913168e-02
      outer loop
         vertex 7.350000e-01 1.100304e-01 8.879997e-01
         vertex 7.395105e-01 1.100581e-01 8.860902e-01
         vertex 7.398769e-01 1.100865e-01 8.845643e-01
      endloop
   endfacet
   facet normal 1.588154e-03 9.999717e-01 7.348256e-03
      outer loop
         vertex 7.315643e-01 1.100000e-01 8.928769e-01
         vertex 7.330902e-01 1.100003e-01 8.925106e-01
         vertex 7.350000e-01 1.100304e-01 8.879997e-01
      endloop
   endfacet
   facet normal 2.387377e-03 9.999676e-01 7.686605e-03
      outer loop
         vertex 7.350000e-01 1.100304e-01 8.879997e-01
         vertex 7.330902e-01 1.100003e-01 8.925106e-01
         vertex 7.345399e-01 1.100014e-01 8.919101e-01
      endloop
   endfacet
   facet normal 2.484556e-03 9.999673e-01 7.698037e-03
      outer loop
         vertex 7.345399e-01 1.100014e-01 8.919101e-01
         vertex 7.358779e-01 1.100044e-01 8.910902e-01
         vertex 7.350000e-01 1.100304e-01 8.879997e-01
      endloop
   endfacet
   facet normal 1.730932e-03 9.999672e-01 7.912103e-03
      outer loop
         vertex 7.350000e-01 1.100304e-01 8.879997e-01
         vertex 7.358779e-01 1.100044e-01 8.910902e-01
         vertex 7.370711e-01 1.100104e-01 8.900711e-01
      endloop
   endfacet
   facet normal 5.737517e-04 9.999587e-01 9.069002e-03
      outer loop
         vertex 7.350000e-01 1.100304e-01 8.879997e-01
         vertex 7.370711e-01 1.100104e-01 8.900711e-01
         vertex 7.380902e-01 1.100207e-01 8.888779e-01
      endloop
   endfacet
   facet normal 9.061981e-04 6.888164e-01 7.249353e-01
      outer loop
         vertex 7.317365e-01 2.398892e-01 5.931039e-01
         vertex 7.308725e-01 2.399722e-01 5.930261e-01
         vertex 7.350000e-01 2.363722e-01 5.964415e-01
      endloop
   endfacet
   facet normal 2.482119e-04 6.884198e-01 7.253124e-01
      outer loop
         vertex 7.350000e-01 2.363722e-01 5.964415e-01
         vertex 7.308725e-01 2.399722e-01 5.930261e-01
         vertex 7.300000e-01 2.400000e-01 5.930000e-01
      endloop
   endfacet
   facet normal 5.364038e-02 7.251684e-01 6.864790e-01
      outer loop
         vertex 7.350000e-01 2.363722e-01 5.964415e-01
         vertex 7.300000e-01 2.400000e-01 5.930000e-01
         vertex 7.400000e-01 2.139369e-01 6.197506e-01
      endloop
   endfacet
   facet normal 0.000000e+00 7.162510e-01 6.978428e-01
      outer loop
         vertex 7.400000e-01 2.139369e-01 6.197506e-01
         vertex 7.300000e-01 2.400000e-01 5.930000e-01
         vertex 7.150000e-01 2.139369e-01 6.197506e-01
      endloop
   endfacet
   facet normal 0.000000e+00 7.766207e-01 6.299685e-01
      outer loop
         vertex 7.400000e-01 2.139369e-01 6.197506e-01
         vertex 7.150000e-01 2.139369e-01 6.197506e-01
         vertex 7.400000e-01 1.904088e-01 6.487558e-01
      endloop
   endfacet
   facet normal 0.000000e+00 7.766207e-01 6.299685e-01
      outer loop
         vertex 7.400000e-01 1.904088e-01 6.487558e-01
         vertex 7.150000e-01 2.139369e-01 6.197506e-01
         vertex 7.150000e-01 1.904088e-01 6.487558e-01
      endloop
   endfacet
   facet normal 0.000000e+00 8.305817e-01 5.568969e-01
      outer loop
         vertex 7.400000e-01 1.904088e-01 6.487558e-01
         vertex 7.150000e-01 1.904088e-01 6.487558e-01
         vertex 7.400000e-01 1.696098e-01 6.797764e-01
      endloop
   endfacet
   facet normal 0.000000e+00 8.305817e-01 5.568969e-01
      outer loop
         vertex 7.400000e-01 1.696098e-01 6.797764e-01
         vertex 7.150000e-01 1.904088e-01 6.487558e-01
         vertex 7.150000e-01 1.696098e-01 6.797764e-01
      endloop
   endfacet
   facet normal 0.000000e+00 8.776899e-01 4.792290e-01
      outer loop
         vertex 7.400000e-01 1.696098e-01 6.797764e-01
         vertex 7.150000e-01 1.696098e-01 6.797764e-01
         vertex 7.400000e-01 1.517116e-01 7.125564e-01
      endloop
   endfacet
   facet normal 0.000000e+00 8.776899e-01 4.792290e-01
      outer loop
         vertex 7.400000e-01 1.517116e-01 7.125564e-01
         vertex 7.150000e-01 1.696098e-01 6.797764e-01
         vertex 7.150000e-01 1.517116e-01 7.125564e-01
      endloop
   endfacet
   facet normal 0.000000e+00 9.175555e-01 3.976076e-01
      outer loop
         vertex 7.400000e-01 1.517116e-01 7.125564e-01
         vertex 7.150000e-01 1.517116e-01 7.125564e-01
         vertex 7.400000e-01 1.368617e-01 7.468253e-01
      endloop
   endfacet
   facet normal 0.000000e+00 9.175555e-01 3.976076e-01
      outer loop
         vertex 7.400000e-01 1.368617e-01 7.468253e-01
         vertex 7.150000e-01 1.517116e-01 7.125564e-01
         vertex 7.150000e-01 1.368617e-01 7.468253e-01
      endloop
   endfacet
   facet normal 0.000000e+00 9.498503e-01 3.127049e-01
      outer loop
         vertex 7.400000e-01 1.368617e-01 7.468253e-01
         vertex 7.150000e-01 1.368617e-01 7.468253e-01
         vertex 7.400000e-01 1.251828e-01 7.823004e-01
      endloop
   endfacet
   facet normal 0.000000e+00 9.498503e-01 3.127049e-01
      outer loop
         vertex 7.400000e-01 1.251828e-01 7.823004e-01
         vertex 7.150000e-01 1.368617e-01 7.468253e-01
         vertex 7.150000e-01 1.251828e-01 7.823004e-01
      endloop
   endfacet
   facet normal 0.000000e+00 9.743075e-01 2.252220e-01
      outer loop
         vertex 7.400000e-01 1.251828e-01 7.823004e-01
         vertex 7.150000e-01 1.251828e-01 7.823004e-01
         vertex 7.400000e-01 1.167712e-01 8.186889e-01
      endloop
   endfacet
   facet normal 0.000000e+00 9.743075e-01 2.252220e-01
      outer loop
         vertex 7.400000e-01 1.167712e-01 8.186889e-01
         vertex 7.150000e-01 1.251828e-01 7.823004e-01
         vertex 7.150000e-01 1.167712e-01 8.186889e-01
      endloop
   endfacet
   facet normal 0.000000e+00 9.907252e-01 1.358811e-01
      outer loop
         vertex 7.400000e-01 1.167712e-01 8.186889e-01
         vertex 7.150000e-01 1.167712e-01 8.186889e-01
         vertex 7.400000e-01 1.116963e-01 8.556905e-01
      endloop
   endfacet
   facet normal 0.000000e+00 9.907252e-01 1.358811e-01
      outer loop
         vertex 7.400000e-01 1.116963e-01 8.556905e-01
         vertex 7.150000e-01 1.167712e-01 8.186889e-01
         vertex 7.150000e-01 1.116963e-01 8.556905e-01
      endloop
   endfacet
   facet normal 0.000000e+00 9.983418e-01 5.756429e-02
      outer loop
         vertex 7.400000e-01 1.116963e-01 8.556905e-01
         vertex 7.150000e-01 1.116963e-01 8.556905e-01
         vertex 7.400000e-01 1.101216e-01 8.830000e-01
      endloop
   endfacet
   facet normal 1.330601e-02 9.988796e-01 4.541455e-02
      outer loop
         vertex 7.400000e-01 1.101216e-01 8.830000e-01
         vertex 7.150000e-01 1.116963e-01 8.556905e-01
         vertex 7.150000e-01 1.100000e-01 8.930000e-01
      endloop
   endfacet
   facet normal 4.054616e-03 9.997432e-01 2.229652e-02
      outer loop
         vertex 7.400000e-01 1.101216e-01 8.830000e-01
         vertex 7.150000e-01 1.100000e-01 8.930000e-01
         vertex 7.350000e-01 1.100304e-01 8.879997e-01
      endloop
   endfacet
   facet normal 0.000000e+00 9.999815e-01 6.080622e-03
      outer loop
         vertex 7.350000e-01 1.100304e-01 8.879997e-01
         vertex 7.150000e-01 1.100000e-01 8.930000e-01
         vertex 7.300000e-01 1.100000e-01 8.930000e-01
      endloop
   endfacet
   facet normal 5.040514e-04 9.999782e-01 6.584617e-03
      outer loop
         vertex 7.350000e-01 1.100304e-01 8.879997e-01
         vertex 7.300000e-01 1.100000e-01 8.930000e-01
         vertex 7.315643e-01 1.100000e-01 8.928769e-01
      endloop
   endfacet
   facet normal -3.344598e-04 -6.908505e-01 -7.229976e-01
      outer loop
         vertex 7.376605e-01 2.339850e-01 5.918056e-01
         vertex 7.381896e-01 2.334865e-01 5.922817e-01
         vertex 7.350000e-01 2.329529e-01 5.927930e-01
      endloop
   endfacet
   facet normal 3.674025e-06 -6.919050e-01 -7.219886e-01
      outer loop
         vertex 7.350000e-01 2.329529e-01 5.927930e-01
         vertex 7.381896e-01 2.334865e-01 5.922817e-01
         vertex 7.386603e-01 2.329532e-01 5.927927e-01
      endloop
   endfacet
   facet normal 3.850402e-06 -6.932037e-01 -7.207418e-01
      outer loop
         vertex 7.386603e-01 2.329532e-01 5.927927e-01
         vertex 7.390638e-01 2.323943e-01 5.933303e-01
         vertex 7.350000e-01 2.329529e-01 5.927930e-01
      endloop
   endfacet
   facet normal -3.855672e-04 -6.946736e-01 -7.193250e-01
      outer loop
         vertex 7.350000e-01 2.329529e-01 5.927930e-01
         vertex 7.390638e-01 2.323943e-01 5.933303e-01
         vertex 7.393969e-01 2.318155e-01 5.938891e-01
      endloop
   endfacet
   facet normal -1.178036e-03 -6.962583e-01 -7.177904e-01
      outer loop
         vertex 7.350000e-01 2.329529e-01 5.927930e-01
         vertex 7.393969e-01 2.318155e-01 5.938891e-01
         vertex 7.396584e-01 2.312203e-01 5.944660e-01
      endloop
   endfacet
   facet normal -2.277554e-03 -6.977819e-01 -7.163067e-01
      outer loop
         vertex 7.396584e-01 2.312203e-01 5.944660e-01
         vertex 7.398481e-01 2.306075e-01 5.950623e-01
         vertex 7.350000e-01 2.329529e-01 5.927930e-01
      endloop
   endfacet
   facet normal -3.664508e-03 -6.992534e-01 -7.148645e-01
      outer loop
         vertex 7.350000e-01 2.329529e-01 5.927930e-01
         vertex 7.398481e-01 2.306075e-01 5.950623e-01
         vertex 7.399619e-01 2.299894e-01 5.956663e-01
      endloop
   endfacet
   facet normal -5.212708e-03 -7.005778e-01 -7.135570e-01
      outer loop
         vertex 7.350000e-01 2.329529e-01 5.927930e-01
         vertex 7.399619e-01 2.299894e-01 5.956663e-01
         vertex 7.400000e-01 2.293666e-01 5.962776e-01
      endloop
   endfacet
   facet normal -2.636466e-04 -6.883806e-01 -7.253496e-01
      outer loop
         vertex 7.350000e-01 2.329529e-01 5.927930e-01
         vertex 7.300000e-01 2.365809e-01 5.893517e-01
         vertex 7.308747e-01 2.365530e-01 5.893779e-01
      endloop
   endfacet
   facet normal -8.347908e-04 -6.887247e-01 -7.250225e-01
      outer loop
         vertex 7.308747e-01 2.365530e-01 5.893779e-01
         vertex 7.317365e-01 2.364701e-01 5.894557e-01
         vertex 7.350000e-01 2.329529e-01 5.927930e-01
      endloop
   endfacet
   facet normal -1.478319e-03 -6.890382e-01 -7.247235e-01
      outer loop
         vertex 7.350000e-01 2.329529e-01 5.927930e-01
         vertex 7.317365e-01 2.364701e-01 5.894557e-01
         vertex 7.325849e-01 2.363330e-01 5.895842e-01
      endloop
   endfacet
   facet normal -2.029032e-03 -6.892443e-01 -7.245262e-01
      outer loop
         vertex 7.350000e-01 2.329529e-01 5.927930e-01
         vertex 7.325849e-01 2.363330e-01 5.895842e-01
         vertex 7.334202e-01 2.361412e-01 5.897644e-01
      endloop
   endfacet
   facet normal -2.339086e-03 -6.893245e-01 -7.244489e-01
      outer loop
         vertex 7.334202e-01 2.361412e-01 5.897644e-01
         vertex 7.342286e-01 2.358972e-01 5.899940e-01
         vertex 7.350000e-01 2.329529e-01 5.927930e-01
      endloop
   endfacet
   facet normal -2.550166e-03 -6.893532e-01 -7.244209e-01
      outer loop
         vertex 7.350000e-01 2.329529e-01 5.927930e-01
         vertex 7.342286e-01 2.358972e-01 5.899940e-01
         vertex 7.350000e-01 2.356048e-01 5.902694e-01
      endloop
   endfacet
   facet normal -2.440118e-03 -6.893534e-01 -7.244211e-01
      outer loop
         vertex 7.350000e-01 2.329529e-01 5.927930e-01
         vertex 7.350000e-01 2.356048e-01 5.902694e-01
         vertex 7.357329e-01 2.352655e-01 5.905899e-01
      endloop
   endfacet
   facet normal -2.111970e-03 -6.894085e-01 -7.243697e-01
      outer loop
         vertex 7.357329e-01 2.352655e-01 5.905899e-01
         vertex 7.364279e-01 2.348783e-01 5.909563e-01
         vertex 7.350000e-01 2.329529e-01 5.927930e-01
      endloop
   endfacet
   facet normal -1.501183e-03 -6.896466e-01 -7.241445e-01
      outer loop
         vertex 7.350000e-01 2.329529e-01 5.927930e-01
         vertex 7.364279e-01 2.348783e-01 5.909563e-01
         vertex 7.370726e-01 2.344497e-01 5.913632e-01
      endloop
   endfacet
   facet normal -9.086301e-04 -6.900766e-01 -7.237357e-01
      outer loop
         vertex 7.350000e-01 2.329529e-01 5.927930e-01
         vertex 7.370726e-01 2.344497e-01 5.913632e-01
         vertex 7.376605e-01 2.339850e-01 5.918056e-01
      endloop
   endfacet
   facet normal -0.000000e+00 -6.881894e-01 -7.255311e-01
      outer loop
         vertex 7.300000e-01 2.365809e-01 5.893517e-01
         vertex 7.350000e-01 2.329529e-01 5.927930e-01
         vertex 7.150000e-01 2.365809e-01 5.893517e-01
      endloop
   endfacet
   facet normal -4.005927e-03 -6.997201e-01 -7.144058e-01
      outer loop
         vertex 7.150000e-01 2.365809e-01 5.893517e-01
         vertex 7.350000e-01 2.329529e-01 5.927930e-01
         vertex 7.400000e-01 2.293666e-01 5.962776e-01
      endloop
   endfacet
   facet normal -1.336364e-02 -7.161870e-01 -6.977805e-01
      outer loop
         vertex 7.150000e-01 2.365809e-01 5.893517e-01
         vertex 7.400000e-01 2.293666e-01 5.962776e-01
         vertex 7.150000e-01 2.102009e-01 6.164276e-01
      endloop
   endfacet
   facet normal -2.450681e-03 -9.999681e-01 -7.606415e-03
      outer loop
         vertex 7.358779e-01 1.050044e-01 8.910902e-01
         vertex 7.345399e-01 1.050014e-01 8.919101e-01
         vertex 7.350000e-01 1.050300e-01 8.879997e-01
      endloop
   endfacet
   facet normal -2.360021e-03 -9.999684e-01 -7.595751e-03
      outer loop
         vertex 7.350000e-01 1.050300e-01 8.879997e-01
         vertex 7.345399e-01 1.050014e-01 8.919101e-01
         vertex 7.330902e-01 1.050003e-01 8.925106e-01
      endloop
   endfacet
   facet normal -1.566972e-03 -9.999724e-01 -7.260014e-03
      outer loop
         vertex 7.350000e-01 1.050300e-01 8.879997e-01
         vertex 7.330902e-01 1.050003e-01 8.925106e-01
         vertex 7.315643e-01 1.050000e-01 8.928769e-01
      endloop
   endfacet
   facet normal -4.482286e-03 -9.997367e-01 -2.250361e-02
      outer loop
         vertex 7.400000e-01 1.051202e-01 8.830000e-01
         vertex 7.398769e-01 1.050855e-01 8.845643e-01
         vertex 7.350000e-01 1.050300e-01 8.879997e-01
      endloop
   endfacet
   facet normal -1.948210e-03 -9.998193e-01 -1.890751e-02
      outer loop
         vertex 7.350000e-01 1.050300e-01 8.879997e-01
         vertex 7.398769e-01 1.050855e-01 8.845643e-01
         vertex 7.395105e-01 1.050574e-01 8.860902e-01
      endloop
   endfacet
   facet normal -2.845469e-04 -9.998878e-01 -1.497866e-02
      outer loop
         vertex 7.350000e-01 1.050300e-01 8.879997e-01
         vertex 7.395105e-01 1.050574e-01 8.860902e-01
         vertex 7.389101e-01 1.050358e-01 8.875399e-01
      endloop
   endfacet
   facet normal 1.329712e-04 -9.999347e-01 -1.142821e-02
      outer loop
         vertex 7.389101e-01 1.050358e-01 8.875399e-01
         vertex 7.380902e-01 1.050204e-01 8.888779e-01
         vertex 7.350000e-01 1.050300e-01 8.879997e-01
      endloop
   endfacet
   facet normal -5.689254e-04 -9.999597e-01 -8.958743e-03
      outer loop
         vertex 7.350000e-01 1.050300e-01 8.879997e-01
         vertex 7.380902e-01 1.050204e-01 8.888779e-01
         vertex 7.370711e-01 1.050103e-01 8.900711e-01
      endloop
   endfacet
   facet normal -1.711592e-03 -9.999680e-01 -7.816353e-03
      outer loop
         vertex 7.350000e-01 1.050300e-01 8.879997e-01
         vertex 7.370711e-01 1.050103e-01 8.900711e-01
         vertex 7.358779e-01 1.050044e-01 8.910902e-01
      endloop
   endfacet
   facet normal -1.816544e-02 -9.981855e-01 -5.740895e-02
      outer loop
         vertex 7.400000e-01 1.067169e-01 8.552368e-01
         vertex 7.400000e-01 1.051202e-01 8.830000e-01
         vertex 7.150000e-01 1.050000e-01 8.930000e-01
      endloop
   endfacet
   facet normal -4.004970e-03 -9.997494e-01 -2.202649e-02
      outer loop
         vertex 7.150000e-01 1.050000e-01 8.930000e-01
         vertex 7.400000e-01 1.051202e-01 8.830000e-01
         vertex 7.350000e-01 1.050300e-01 8.879997e-01
      endloop
   endfacet
   facet normal 0.000000e+00 -9.999819e-01 -6.009106e-03
      outer loop
         vertex 7.150000e-01 1.050000e-01 8.930000e-01
         vertex 7.350000e-01 1.050300e-01 8.879997e-01
         vertex 7.300000e-01 1.050000e-01 8.930000e-01
      endloop
   endfacet
   facet normal -4.979406e-04 -9.999787e-01 -6.506991e-03
      outer loop
         vertex 7.300000e-01 1.050000e-01 8.930000e-01
         vertex 7.350000e-01 1.050300e-01 8.879997e-01
         vertex 7.315643e-01 1.050000e-01 8.928769e-01
      endloop
   endfacet
   facet normal 0.000000e+00 -9.989680e-01 -4.541864e-02
      outer loop
         vertex 7.150000e-01 1.050000e-01 8.930000e-01
         vertex 7.150000e-01 1.067169e-01 8.552368e-01
         vertex 7.400000e-01 1.067169e-01 8.552368e-01
      endloop
   endfacet
   facet normal -0.000000e+00 -9.907252e-01 -1.358809e-01
      outer loop
         vertex 7.400000e-01 1.067169e-01 8.552368e-01
         vertex 7.150000e-01 1.067169e-01 8.552368e-01
         vertex 7.150000e-01 1.118535e-01 8.177851e-01
      endloop
   endfacet
   facet normal 0.000000e+00 -9.907252e-01 -1.358809e-01
      outer loop
         vertex 7.400000e-01 1.067169e-01 8.552368e-01
         vertex 7.150000e-01 1.118535e-01 8.177851e-01
         vertex 7.400000e-01 1.118535e-01 8.177851e-01
      endloop
   endfacet
   facet normal -0.000000e+00 -9.743074e-01 -2.252223e-01
      outer loop
         vertex 7.400000e-01 1.118535e-01 8.177851e-01
         vertex 7.150000e-01 1.118535e-01 8.177851e-01
         vertex 7.150000e-01 1.203674e-01 7.809542e-01
      endloop
   endfacet
   facet normal 0.000000e+00 -9.743074e-01 -2.252223e-01
      outer loop
         vertex 7.400000e-01 1.118535e-01 8.177851e-01
         vertex 7.150000e-01 1.203674e-01 7.809542e-01
         vertex 7.400000e-01 1.203674e-01 7.809542e-01
      endloop
   endfacet
   facet normal -0.000000e+00 -9.498504e-01 -3.127046e-01
      outer loop
         vertex 7.400000e-01 1.203674e-01 7.809542e-01
         vertex 7.150000e-01 1.203674e-01 7.809542e-01
         vertex 7.150000e-01 1.321884e-01 7.450477e-01
      endloop
   endfacet
   facet normal 0.000000e+00 -9.498504e-01 -3.127046e-01
      outer loop
         vertex 7.400000e-01 1.203674e-01 7.809542e-01
         vertex 7.150000e-01 1.321884e-01 7.450477e-01
         vertex 7.400000e-01 1.321884e-01 7.450477e-01
      endloop
   endfacet
   facet normal -0.000000e+00 -9.175555e-01 -3.976077e-01
      outer loop
         vertex 7.400000e-01 1.321884e-01 7.450477e-01
         vertex 7.150000e-01 1.321884e-01 7.450477e-01
         vertex 7.150000e-01 1.472188e-01 7.103621e-01
      endloop
   endfacet
   facet normal 0.000000e+00 -9.175555e-01 -3.976077e-01
      outer loop
         vertex 7.400000e-01 1.321884e-01 7.450477e-01
         vertex 7.150000e-01 1.472188e-01 7.103621e-01
         vertex 7.400000e-01 1.472188e-01 7.103621e-01
      endloop
   endfacet
   facet normal -0.000000e+00 -8.776897e-01 -4.792294e-01
      outer loop
         vertex 7.400000e-01 1.472188e-01 7.103621e-01
         vertex 7.150000e-01 1.472188e-01 7.103621e-01
         vertex 7.150000e-01 1.653347e-01 6.771834e-01
      endloop
   endfacet
   facet normal 0.000000e+00 -8.776897e-01 -4.792294e-01
      outer loop
         vertex 7.400000e-01 1.472188e-01 7.103621e-01
         vertex 7.150000e-01 1.653347e-01 6.771834e-01
         vertex 7.400000e-01 1.653347e-01 6.771834e-01
      endloop
   endfacet
   facet normal -0.000000e+00 -8.305822e-01 -5.568961e-01
      outer loop
         vertex 7.400000e-01 1.653347e-01 6.771834e-01
         vertex 7.150000e-01 1.653347e-01 6.771834e-01
         vertex 7.150000e-01 1.863867e-01 6.457856e-01
      endloop
   endfacet
   facet normal 0.000000e+00 -8.305822e-01 -5.568961e-01
      outer loop
         vertex 7.400000e-01 1.653347e-01 6.771834e-01
         vertex 7.150000e-01 1.863867e-01 6.457856e-01
         vertex 7.400000e-01 1.863867e-01 6.457856e-01
      endloop
   endfacet
   facet normal -0.000000e+00 -7.766202e-01 -6.299691e-01
      outer loop
         vertex 7.400000e-01 1.863867e-01 6.457856e-01
         vertex 7.150000e-01 1.863867e-01 6.457856e-01
         vertex 7.150000e-01 2.102009e-01 6.164276e-01
      endloop
   endfacet
   facet normal 0.000000e+00 -7.766202e-01 -6.299691e-01
      outer loop
         vertex 7.400000e-01 1.863867e-01 6.457856e-01
         vertex 7.150000e-01 2.102009e-01 6.164276e-01
         vertex 7.400000e-01 2.102009e-01 6.164276e-01
      endloop
   endfacet
   facet normal -0.000000e+00 -7.245837e-01 -6.891868e-01
      outer loop
         vertex 7.400000e-01 2.102009e-01 6.164276e-01
         vertex 7.150000e-01 2.102009e-01 6.164276e-01
         vertex 7.400000e-01 2.293666e-01 5.962776e-01
      endloop
   endfacet
   facet normal 1.000000e+00 0.000000e+00 0.000000e+00
      outer loop
         vertex 7.400000e-01 1.101216e-01 8.830000e-01
         vertex 7.400000e-01 1.051202e-01 8.830000e-01
         vertex 7.400000e-01 1.116963e-01 8.556905e-01
      endloop
   endfacet
   facet normal 1.000000e+00 0.000000e+00 0.000000e+00
      outer loop
         vertex 7.400000e-01 1.116963e-01 8.556905e-01
         vertex 7.400000e-01 1.051202e-01 8.830000e-01
         vertex 7.400000e-01 1.067169e-01 8.552368e-01
      endloop
   endfacet
   facet normal 1.000000e+00 0.000000e+00 0.000000e+00
      outer loop
         vertex 7.400000e-01 1.116963e-01 8.556905e-01
         vertex 7.400000e-01 1.067169e-01 8.552368e-01
         vertex 7.400000e-01 1.167712e-01 8.186889e-01
      endloop
   endfacet
   facet normal 1.000000e+00 0.000000e+00 0.000000e+00
      outer loop
         vertex 7.400000e-01 1.167712e-01 8.186889e-01
         vertex 7.400000e-01 1.067169e-01 8.552368e-01
         vertex 7.400000e-01 1.118535e-01 8.177851e-01
      endloop
   endfacet
   facet normal 1.000000e+00 0.000000e+00 0.000000e+00
      outer loop
         vertex 7.400000e-01 1.167712e-01 8.186889e-01
         vertex 7.400000e-01 1.118535e-01 8.177851e-01
         vertex 7.400000e-01 1.251828e-01 7.823004e-01
      endloop
   endfacet
   facet normal 1.000000e+00 0.000000e+00 0.000000e+00
      outer loop
         vertex 7.400000e-01 1.251828e-01 7.823004e-01
         vertex 7.400000e-01 1.118535e-01 8.177851e-01
         vertex 7.400000e-01 1.203674e-01 7.809542e-01
      endloop
   endfacet
   facet normal 1.000000e+00 0.000000e+00 0.000000e+00
      outer loop
         vertex 7.400000e-01 1.251828e-01 7.823004e-01
         vertex 7.400000e-01 1.203674e-01 7.809542e-01
         vertex 7.400000e-01 1.368617e-01 7.468253e-01
      endloop
   endfacet
   facet normal 1.000000e+00 0.000000e+00 0.000000e+00
      outer loop
         vertex 7.400000e-01 1.368617e-01 7.468253e-01
         vertex 7.400000e-01 1.203674e-01 7.809542e-01
         vertex 7.400000e-01 1.321884e-01 7.450477e-01
      endloop
   endfacet
   facet normal 1.000000e+00 0.000000e+00 0.000000e+00
      outer loop
         vertex 7.400000e-01 1.368617e-01 7.468253e-01
         vertex 7.400000e-01 1.321884e-01 7.450477e-01
         vertex 7.400000e-01 1.517116e-01 7.125564e-01
      endloop
   endfacet
   facet normal 1.000000e+00 0.000000e+00 0.000000e+00
      outer loop
         vertex 7.400000e-01 1.517116e-01 7.125564e-01
         vertex 7.400000e-01 1.321884e-01 7.450477e-01
         vertex 7.400000e-01 1.472188e-01 7.103621e-01
      endloop
   endfacet
   facet normal 1.000000e+00 0.000000e+00 0.000000e+00
      outer loop
         vertex 7.400000e-01 1.517116e-01 7.125564e-01
         vertex 7.400000e-01 1.472188e-01 7.103621e-01
         vertex 7.400000e-01 1.696098e-01 6.797764e-01
      endloop
   endfacet
   facet normal 1.000000e+00 0.000000e+00 0.000000e+00
      outer loop
         vertex 7.400000e-01 1.696098e-01 6.797764e-01
         vertex 7.400000e-01 1.472188e-01 7.103621e-01
         vertex 7.400000e-01 1.653347e-01 6.771834e-01
      endloop
   endfacet
   facet normal 1.000000e+00 0.000000e+00 0.000000e+00
      outer loop
         vertex 7.400000e-01 1.696098e-01 6.797764e-01
         vertex 7.400000e-01 1.653347e-01 6.771834e-01
         vertex 7.400000e-01 1.904088e-01 6.487558e-01
      endloop
   endfacet
   facet normal 1.000000e+00 0.000000e+00 0.000000e+00
      outer loop
         vertex 7.400000e-01 1.904088e-01 6.487558e-01
         vertex 7.400000e-01 1.653347e-01 6.771834e-01
         vertex 7.400000e-01 1.863867e-01 6.457856e-01
      endloop
   endfacet
   facet normal 1.000000e+00 0.000000e+00 0.000000e+00
      outer loop
         vertex 7.400000e-01 1.904088e-01 6.487558e-01
         vertex 7.400000e-01 1.863867e-01 6.457856e-01
         vertex 7.400000e-01 2.139369e-01 6.197506e-01
      endloop
   endfacet
   facet normal 1.000000e+00 0.000000e+00 0.000000e+00
      outer loop
         vertex 7.400000e-01 2.139369e-01 6.197506e-01
         vertex 7.400000e-01 1.863867e-01 6.457856e-01
         vertex 7.400000e-01 2.102009e-01 6.164276e-01
      endloop
   endfacet
   facet normal 1.000000e+00 0.000000e+00 0.000000e+00
      outer loop
         vertex 7.400000e-01 2.139369e-01 6.197506e-01
         vertex 7.400000e-01 2.102009e-01 6.164276e-01
         vertex 7.400000e-01 2.327866e-01 5.999269e-01
      endloop
   endfacet
   facet normal 1.000000e+00 0.000000e+00 0.000000e+00
      outer loop
         vertex 7.400000e-01 2.327866e-01 5.999269e-01
         vertex 7.400000e-01 2.102009e-01 6.164276e-01
         vertex 7.400000e-01 2.293666e-01 5.962776e-01
      endloop
   endfacet
   facet normal 0.000000e+00 7.296562e-01 -6.838142e-01
      outer loop
         vertex 7.300000e-01 2.365809e-01 5.893517e-01
         vertex 7.150000e-01 2.365809e-01 5.893517e-01
         vertex 7.300000e-01 2.400000e-01 5.930000e-01
      endloop
   endfacet
   facet normal 0.000000e+00 7.296562e-01 -6.838142e-01
      outer loop
         vertex 7.300000e-01 2.400000e-01 5.930000e-01
         vertex 7.150000e-01 2.365809e-01 5.893517e-01
         vertex 7.150000e-01 2.400000e-01 5.930000e-01
      endloop
   endfacet
   facet normal 9.961941e-01 -0.000000e+00 8.716228e-02
      outer loop
         vertex 7.400000e-01 3.000000e-02 8.830000e-01
         vertex 7.400000e-01 3.500000e-02 8.830000e-01
         vertex 7.398481e-01 3.500000e-02 8.847365e-01
      endloop
   endfacet
   facet normal 9.961941e-01 0.000000e+00 8.716228e-02
      outer loop
         vertex 7.400000e-01 3.000000e-02 8.830000e-01
         vertex 7.398481e-01 3.500000e-02 8.847365e-01
         vertex 7.398481e-01 3.000000e-02 8.847365e-01
      endloop
   endfacet
   facet normal 9.659261e-01 -0.000000e+00 2.588181e-01
      outer loop
         vertex 7.398481e-01 3.000000e-02 8.847365e-01
         vertex 7.398481e-01 3.500000e-02 8.847365e-01
         vertex 7.393969e-01 3.500000e-02 8.864202e-01
      endloop
   endfacet
   facet normal 9.659261e-01 0.000000e+00 2.588181e-01
      outer loop
         vertex 7.398481e-01 3.000000e-02 8.847365e-01
         vertex 7.393969e-01 3.500000e-02 8.864202e-01
         vertex 7.393969e-01 3.000000e-02 8.864202e-01
      endloop
   endfacet
   facet normal 9.063141e-01 -0.000000e+00 4.226047e-01
      outer loop
         vertex 7.393969e-01 3.000000e-02 8.864202e-01
         vertex 7.393969e-01 3.500000e-02 8.864202e-01
         vertex 7.386603e-01 3.500000e-02 8.880000e-01
      endloop
   endfacet
   facet normal 9.063141e-01 0.000000e+00 4.226047e-01
      outer loop
         vertex 7.393969e-01 3.000000e-02 8.864202e-01
         vertex 7.386603e-01 3.500000e-02 8.880000e-01
         vertex 7.386603e-01 3.000000e-02 8.880000e-01
      endloop
   endfacet
   facet normal 8.191548e-01 -0.000000e+00 5.735725e-01
      outer loop
         vertex 7.386603e-01 3.000000e-02 8.880000e-01
         vertex 7.386603e-01 3.500000e-02 8.880000e-01
         vertex 7.376605e-01 3.500000e-02 8.894279e-01
      endloop
   endfacet
   facet normal 8.191548e-01 0.000000e+00 5.735725e-01
      outer loop
         vertex 7.386603e-01 3.000000e-02 8.880000e-01
         vertex 7.376605e-01 3.500000e-02 8.894279e-01
         vertex 7.376605e-01 3.000000e-02 8.894279e-01
      endloop
   endfacet
   facet normal 7.071068e-01 -0.000000e+00 7.071068e-01
      outer loop
         vertex 7.376605e-01 3.000000e-02 8.894279e-01
         vertex 7.376605e-01 3.500000e-02 8.894279e-01
         vertex 7.364279e-01 3.500000e-02 8.906605e-01
      endloop
   endfacet
   facet normal 7.071068e-01 0.000000e+00 7.071068e-01
      outer loop
         vertex 7.376605e-01 3.000000e-02 8.894279e-01
         vertex 7.364279e-01 3.500000e-02 8.906605e-01
         vertex 7.364279e-01 3.000000e-02 8.906605e-01
      endloop
   endfacet
   facet normal 5.735725e-01 -0.000000e+00 8.191548e-01
      outer loop
         vertex 7.364279e-01 3.000000e-02 8.906605e-01
         vertex 7.364279e-01 3.500000e-02 8.906605e-01
         vertex 7.350000e-01 3.500000e-02 8.916603e-01
      endloop
   endfacet
   facet normal 5.735725e-01 0.000000e+00 8.191548e-01
      outer loop
         vertex 7.364279e-01 3.000000e-02 8.906605e-01
         vertex 7.350000e-01 3.500000e-02 8.916603e-01
         vertex 7.350000e-01 3.000000e-02 8.916603e-01
      endloop
   endfacet
   facet normal 4.226047e-01 -0.000000e+00 9.063141e-01
      outer loop
         vertex 7.350000e-01 3.000000e-02 8.916603e-01
         vertex 7.350000e-01 3.500000e-02 8.916603e-01
         vertex 7.334202e-01 3.500000e-02 8.923969e-01
      endloop
   endfacet
   facet normal 4.226047e-01 0.000000e+00 9.063141e-01
      outer loop
         vertex 7.350000e-01 3.000000e-02 8.916603e-01
         vertex 7.334202e-01 3.500000e-02 8.923969e-01
         vertex 7.334202e-01 3.000000e-02 8.923969e-01
      endloop
   endfacet
   facet normal 2.588181e-01 -0.000000e+00 9.659261e-01
      outer loop
         vertex 7.334202e-01 3.000000e-02 8.923969e-01
         vertex 7.334202e-01 3.500000e-02 8.923969e-01
         vertex 7.317365e-01 3.500000e-02 8.928481e-01
      endloop
   endfacet
   facet normal 2.588181e-01 0.000000e+00 9.659261e-01
      outer loop
         vertex 7.334202e-01 3.000000e-02 8.923969e-01
         vertex 7.317365e-01 3.500000e-02 8.928481e-01
         vertex 7.317365e-01 3.000000e-02 8.928481e-01
      endloop
   endfacet
   facet normal 8.716228e-02 -0.000000e+00 9.961941e-01
      outer loop
         vertex 7.317365e-01 3.000000e-02 8.928481e-01
         vertex 7.317365e-01 3.500000e-02 8.928481e-01
         vertex 7.300000e-01 3.500000e-02 8.930000e-01
      endloop
   endfacet
   facet normal 8.716228e-02 0.000000e+00 9.961941e-01
      outer loop
         vertex 7.317365e-01 3.000000e-02 8.928481e-01
         vertex 7.300000e-01 3.500000e-02 8.930000e-01
         vertex 7.300000e-01 3.000000e-02 8.930000e-01
      endloop
   endfacet
   facet normal 0.000000e+00 9.961949e-01 8.715380e-02
      outer loop
         vertex 7.150000e-01 2.400000e-01 8.830000e-01
         vertex 7.100000e-01 2.400000e-01 8.830000e-01
         vertex 7.100000e-01 2.398481e-01 8.847365e-01
      endloop
   endfacet
   facet normal 0.000000e+00 9.961949e-01 8.715380e-02
      outer loop
         vertex 7.150000e-01 2.400000e-01 8.830000e-01
         vertex 7.100000e-01 2.398481e-01 8.847365e-01
         vertex 7.150000e-01 2.398481e-01 8.847365e-01
      endloop
   endfacet
   facet normal 0.000000e+00 9.659261e-01 2.588181e-01
      outer loop
         vertex 7.150000e-01 2.398481e-01 8.847365e-01
         vertex 7.100000e-01 2.398481e-01 8.847365e-01
         vertex 7.100000e-01 2.393969e-01 8.864202e-01
      endloop
   endfacet
   facet normal 0.000000e+00 9.659261e-01 2.588181e-01
      outer loop
         vertex 7.150000e-01 2.398481e-01 8.847365e-01
         vertex 7.100000e-01 2.393969e-01 8.864202e-01
         vertex 7.150000e-01 2.393969e-01 8.864202e-01
      endloop
   endfacet
   facet normal 0.000000e+00 9.063109e-01 4.226117e-01
      outer loop
         vertex 7.150000e-01 2.393969e-01 8.864202e-01
         vertex 7.100000e-01 2.393969e-01 8.864202e-01
         vertex 7.100000e-01 2.386603e-01 8.880000e-01
      endloop
   endfacet
   facet normal 0.000000e+00 9.063109e-01 4.226117e-01
      outer loop
         vertex 7.150000e-01 2.393969e-01 8.864202e-01
         vertex 7.100000e-01 2.386603e-01 8.880000e-01
         vertex 7.150000e-01 2.386603e-01 8.880000e-01
      endloop
   endfacet
   facet normal 0.000000e+00 8.191508e-01 5.735782e-01
      outer loop
         vertex 7.150000e-01 2.386603e-01 8.880000e-01
         vertex 7.100000e-01 2.386603e-01 8.880000e-01
         vertex 7.100000e-01 2.376604e-01 8.894279e-01
      endloop
   endfacet
   facet normal 0.000000e+00 8.191508e-01 5.735782e-01
      outer loop
         vertex 7.150000e-01 2.386603e-01 8.880000e-01
         vertex 7.100000e-01 2.376604e-01 8.894279e-01
         vertex 7.150000e-01 2.376604e-01 8.894279e-01
      endloop
   endfacet
   facet normal 0.000000e+00 7.071068e-01 7.071068e-01
      outer loop
         vertex 7.150000e-01 2.376604e-01 8.894279e-01
         vertex 7.100000e-01 2.376604e-01 8.894279e-01
         vertex 7.100000e-01 2.364279e-01 8.906605e-01
      endloop
   endfacet
   facet normal 0.000000e+00 7.071068e-01 7.071068e-01
      outer loop
         vertex 7.150000e-01 2.376604e-01 8.894279e-01
         vertex 7.100000e-01 2.364279e-01 8.906605e-01
         vertex 7.150000e-01 2.364279e-01 8.906605e-01
      endloop
   endfacet
   facet normal 0.000000e+00 5.735765e-01 8.191520e-01
      outer loop
         vertex 7.150000e-01 2.364279e-01 8.906605e-01
         vertex 7.100000e-01 2.364279e-01 8.906605e-01
         vertex 7.100000e-01 2.350000e-01 8.916603e-01
      endloop
   endfacet
   facet normal 0.000000e+00 5.735765e-01 8.191520e-01
      outer loop
         vertex 7.150000e-01 2.364279e-01 8.906605e-01
         vertex 7.100000e-01 2.350000e-01 8.916603e-01
         vertex 7.150000e-01 2.350000e-01 8.916603e-01
      endloop
   endfacet
   facet normal 0.000000e+00 4.226112e-01 9.063111e-01
      outer loop
         vertex 7.150000e-01 2.350000e-01 8.916603e-01
         vertex 7.100000e-01 2.350000e-01 8.916603e-01
         vertex 7.100000e-01 2.334202e-01 8.923969e-01
      endloop
   endfacet
   facet normal 0.000000e+00 4.226112e-01 9.063111e-01
      outer loop
         vertex 7.150000e-01 2.350000e-01 8.916603e-01
         vertex 7.100000e-01 2.334202e-01 8.923969e-01
         vertex 7.150000e-01 2.334202e-01 8.923969e-01
      endloop
   endfacet
   facet normal 0.000000e+00 2.588160e-01 9.659266e-01
      outer loop
         vertex 7.150000e-01 2.334202e-01 8.923969e-01
         vertex 7.100000e-01 2.334202e-01 8.923969e-01
         vertex 7.100000e-01 2.317365e-01 8.928481e-01
      endloop
   endfacet
   facet normal 0.000000e+00 2.588160e-01 9.659266e-01
      outer loop
         vertex 7.150000e-01 2.334202e-01 8.923969e-01
         vertex 7.100000e-01 2.317365e-01 8.928481e-01
         vertex 7.150000e-01 2.317365e-01 8.928481e-01
      endloop
   endfacet
   facet normal 0.000000e+00 8.716154e-02 9.961942e-01
      outer loop
         vertex 7.150000e-01 2.317365e-01 8.928481e-01
         vertex 7.100000e-01 2.317365e-01 8.928481e-01
         vertex 7.100000e-01 2.300000e-01 8.930000e-01
      endloop
   endfacet
   facet normal 0.000000e+00 8.716154e-02 9.961942e-01
      outer loop
         vertex 7.150000e-01 2.317365e-01 8.928481e-01
         vertex 7.100000e-01 2.300000e-01 8.930000e-01
         vertex 7.150000e-01 2.300000e-01 8.930000e-01
      endloop
   endfacet
   facet normal 0.000000e+00 1.000000e+00 0.000000e+00
      outer loop
         vertex 7.348163e-01 3.500000e-02 2.881381e-01
         vertex 7.364724e-01 3.500000e-02 2.880000e-01
         vertex 7.300000e-01 3.500000e-02 2.880000e-01
      endloop
   endfacet
   facet normal 0.000000e+00 1.000000e+00 0.000000e+00
      outer loop
         vertex 7.272859e-01 3.500000e-02 2.940494e-01
         vertex 7.280670e-01 3.500000e-02 2.925825e-01
         vertex 7.300000e-01 3.500000e-02 2.880000e-01
      endloop
   endfacet
   facet normal 0.000000e+00 1.000000e+00 0.000000e+00
      outer loop
         vertex 7.300000e-01 3.500000e-02 2.880000e-01
         vertex 7.280670e-01 3.500000e-02 2.925825e-01
         vertex 7.290803e-01 3.500000e-02 2.912653e-01
      endloop
   endfacet
   facet normal 0.000000e+00 1.000000e+00 -0.000000e+00
      outer loop
         vertex 7.300000e-01 3.500000e-02 2.880000e-01
         vertex 7.290803e-01 3.500000e-02 2.912653e-01
         vertex 7.302977e-01 3.500000e-02 2.901340e-01
      endloop
   endfacet
   facet normal 0.000000e+00 1.000000e+00 0.000000e+00
      outer loop
         vertex 7.302977e-01 3.500000e-02 2.901340e-01
         vertex 7.316858e-01 3.500000e-02 2.892201e-01
         vertex 7.300000e-01 3.500000e-02 2.880000e-01
      endloop
   endfacet
   facet normal 0.000000e+00 1.000000e+00 0.000000e+00
      outer loop
         vertex 7.300000e-01 3.500000e-02 2.880000e-01
         vertex 7.316858e-01 3.500000e-02 2.892201e-01
         vertex 7.332059e-01 3.500000e-02 2.885486e-01
      endloop
   endfacet
   facet normal 0.000000e+00 1.000000e+00 0.000000e+00
      outer loop
         vertex 7.300000e-01 3.500000e-02 2.880000e-01
         vertex 7.332059e-01 3.500000e-02 2.885486e-01
         vertex 7.348163e-01 3.500000e-02 2.881381e-01
      endloop
   endfacet
   facet normal -0.000000e+00 1.000000e+00 -0.000000e+00
      outer loop
         vertex 7.160686e-01 3.500000e-02 3.569679e-01
         vertex 7.150000e-01 3.500000e-02 3.780000e-01
         vertex 7.364724e-01 3.500000e-02 2.930000e-01
      endloop
   endfacet
   facet normal 0.000000e+00 1.000000e+00 0.000000e+00
      outer loop
         vertex 7.150000e-01 3.500000e-02 3.780000e-01
         vertex 7.150000e-01 3.500000e-02 8.930000e-01
         vertex 7.300000e-01 3.500000e-02 8.930000e-01
      endloop
   endfacet
   facet normal -0.000000e+00 1.000000e+00 -0.000000e+00
      outer loop
         vertex 7.318792e-01 3.500000e-02 2.960247e-01
         vertex 7.245519e-01 3.500000e-02 3.157681e-01
         vertex 7.364724e-01 3.500000e-02 2.930000e-01
      endloop
   endfacet
   facet normal 0.000000e+00 1.000000e+00 0.000000e+00
      outer loop
         vertex 7.364724e-01 3.500000e-02 2.930000e-01
         vertex 7.245519e-01 3.500000e-02 3.157681e-01
         vertex 7.192636e-01 3.500000e-02 3.361525e-01
      endloop
   endfacet
   facet normal 0.000000e+00 1.000000e+00 0.000000e+00
      outer loop
         vertex 7.364724e-01 3.500000e-02 2.930000e-01
         vertex 7.192636e-01 3.500000e-02 3.361525e-01
         vertex 7.160686e-01 3.500000e-02 3.569679e-01
      endloop
   endfacet
   facet normal 0.000000e+00 1.000000e+00 0.000000e+00
      outer loop
         vertex 7.317365e-01 3.500000e-02 8.928481e-01
         vertex 7.398481e-01 3.500000e-02 8.847365e-01
         vertex 7.300000e-01 3.500000e-02 8.930000e-01
      endloop
   endfacet
   facet normal 0.000000e+00 1.000000e+00 0.000000e+00
      outer loop
         vertex 7.300000e-01 3.500000e-02 8.930000e-01
         vertex 7.398481e-01 3.500000e-02 8.847365e-01
         vertex 7.400000e-01 3.500000e-02 8.830000e-01
      endloop
   endfacet
   facet normal 0.000000e+00 1.000000e+00 0.000000e+00
      outer loop
         vertex 7.300000e-01 3.500000e-02 8.930000e-01
         vertex 7.400000e-01 3.500000e-02 8.830000e-01
         vertex 7.150000e-01 3.500000e-02 3.780000e-01
      endloop
   endfacet
   facet normal -0.000000e+00 1.000000e+00 0.000000e+00
      outer loop
         vertex 7.150000e-01 3.500000e-02 3.780000e-01
         vertex 7.400000e-01 3.500000e-02 8.830000e-01
         vertex 7.400000e-01 3.500000e-02 2.930000e-01
      endloop
   endfacet
   facet normal 0.000000e+00 1.000000e+00 0.000000e+00
      outer loop
         vertex 7.150000e-01 3.500000e-02 3.780000e-01
         vertex 7.400000e-01 3.500000e-02 2.930000e-01
         vertex 7.364724e-01 3.500000e-02 2.930000e-01
      endloop
   endfacet
   facet normal 0.000000e+00 1.000000e+00 0.000000e+00
      outer loop
         vertex 7.386603e-01 3.500000e-02 8.880000e-01
         vertex 7.350000e-01 3.500000e-02 8.916603e-01
         vertex 7.376605e-01 3.500000e-02 8.894279e-01
      endloop
   endfacet
   facet normal 0.000000e+00 1.000000e+00 0.000000e+00
      outer loop
         vertex 7.376605e-01 3.500000e-02 8.894279e-01
         vertex 7.350000e-01 3.500000e-02 8.916603e-01
         vertex 7.364279e-01 3.500000e-02 8.906605e-01
      endloop
   endfacet
   facet normal 0.000000e+00 1.000000e+00 0.000000e+00
      outer loop
         vertex 7.317365e-01 3.500000e-02 8.928481e-01
         vertex 7.334202e-01 3.500000e-02 8.923969e-01
         vertex 7.398481e-01 3.500000e-02 8.847365e-01
      endloop
   endfacet
   facet normal 0.000000e+00 1.000000e+00 0.000000e+00
      outer loop
         vertex 7.398481e-01 3.500000e-02 8.847365e-01
         vertex 7.334202e-01 3.500000e-02 8.923969e-01
         vertex 7.350000e-01 3.500000e-02 8.916603e-01
      endloop
   endfacet
   facet normal 0.000000e+00 1.000000e+00 0.000000e+00
      outer loop
         vertex 7.398481e-01 3.500000e-02 8.847365e-01
         vertex 7.350000e-01 3.500000e-02 8.916603e-01
         vertex 7.393969e-01 3.500000e-02 8.864202e-01
      endloop
   endfacet
   facet normal 0.000000e+00 1.000000e+00 0.000000e+00
      outer loop
         vertex 7.393969e-01 3.500000e-02 8.864202e-01
         vertex 7.350000e-01 3.500000e-02 8.916603e-01
         vertex 7.386603e-01 3.500000e-02 8.880000e-01
      endloop
   endfacet
   facet normal -0.000000e+00 1.000000e+00 -0.000000e+00
      outer loop
         vertex 7.356444e-01 3.500000e-02 2.930690e-01
         vertex 7.348392e-01 3.500000e-02 2.932743e-01
         vertex 7.364724e-01 3.500000e-02 2.930000e-01
      endloop
   endfacet
   facet normal 0.000000e+00 1.000000e+00 0.000000e+00
      outer loop
         vertex 7.364724e-01 3.500000e-02 2.930000e-01
         vertex 7.348392e-01 3.500000e-02 2.932743e-01
         vertex 7.340791e-01 3.500000e-02 2.936100e-01
      endloop
   endfacet
   facet normal 0.000000e+00 1.000000e+00 0.000000e+00
      outer loop
         vertex 7.364724e-01 3.500000e-02 2.930000e-01
         vertex 7.340791e-01 3.500000e-02 2.936100e-01
         vertex 7.333851e-01 3.500000e-02 2.940670e-01
      endloop
   endfacet
   facet normal -0.000000e+00 1.000000e+00 -0.000000e+00
      outer loop
         vertex 7.333851e-01 3.500000e-02 2.940670e-01
         vertex 7.327764e-01 3.500000e-02 2.946326e-01
         vertex 7.364724e-01 3.500000e-02 2.930000e-01
      endloop
   endfacet
   facet normal 0.000000e+00 1.000000e+00 0.000000e+00
      outer loop
         vertex 7.364724e-01 3.500000e-02 2.930000e-01
         vertex 7.327764e-01 3.500000e-02 2.946326e-01
         vertex 7.322698e-01 3.500000e-02 2.952913e-01
      endloop
   endfacet
   facet normal 0.000000e+00 1.000000e+00 0.000000e+00
      outer loop
         vertex 7.364724e-01 3.500000e-02 2.930000e-01
         vertex 7.322698e-01 3.500000e-02 2.952913e-01
         vertex 7.318792e-01 3.500000e-02 2.960247e-01
      endloop
   endfacet
   facet normal 8.306923e-02 -0.000000e+00 9.965438e-01
      outer loop
         vertex 7.364724e-01 3.500000e-02 2.930000e-01
         vertex 7.364724e-01 2.400000e-01 2.930000e-01
         vertex 7.356444e-01 3.500000e-02 2.930690e-01
      endloop
   endfacet
   facet normal 8.306923e-02 -0.000000e+00 9.965438e-01
      outer loop
         vertex 7.356444e-01 3.500000e-02 2.930690e-01
         vertex 7.364724e-01 2.400000e-01 2.930000e-01
         vertex 7.356444e-01 2.400000e-01 2.930690e-01
      endloop
   endfacet
   facet normal 2.470057e-01 -0.000000e+00 9.690140e-01
      outer loop
         vertex 7.356444e-01 3.500000e-02 2.930690e-01
         vertex 7.356444e-01 2.400000e-01 2.930690e-01
         vertex 7.348392e-01 3.500000e-02 2.932743e-01
      endloop
   endfacet
   facet normal 2.470057e-01 -0.000000e+00 9.690140e-01
      outer loop
         vertex 7.348392e-01 3.500000e-02 2.932743e-01
         vertex 7.356444e-01 2.400000e-01 2.930690e-01
         vertex 7.348392e-01 2.400000e-01 2.932743e-01
      endloop
   endfacet
   facet normal 4.040410e-01 -0.000000e+00 9.147409e-01
      outer loop
         vertex 7.348392e-01 3.500000e-02 2.932743e-01
         vertex 7.348392e-01 2.400000e-01 2.932743e-01
         vertex 7.340791e-01 3.500000e-02 2.936100e-01
      endloop
   endfacet
   facet normal 4.040410e-01 -0.000000e+00 9.147409e-01
      outer loop
         vertex 7.340791e-01 3.500000e-02 2.936100e-01
         vertex 7.348392e-01 2.400000e-01 2.932743e-01
         vertex 7.340791e-01 2.400000e-01 2.936100e-01
      endloop
   endfacet
   facet normal 5.499735e-01 -0.000000e+00 8.351821e-01
      outer loop
         vertex 7.340791e-01 3.500000e-02 2.936100e-01
         vertex 7.340791e-01 2.400000e-01 2.936100e-01
         vertex 7.333851e-01 3.500000e-02 2.940670e-01
      endloop
   endfacet
   facet normal 5.499735e-01 -0.000000e+00 8.351821e-01
      outer loop
         vertex 7.333851e-01 3.500000e-02 2.940670e-01
         vertex 7.340791e-01 2.400000e-01 2.936100e-01
         vertex 7.333851e-01 2.400000e-01 2.940670e-01
      endloop
   endfacet
   facet normal 6.807179e-01 -0.000000e+00 7.325456e-01
      outer loop
         vertex 7.333851e-01 3.500000e-02 2.940670e-01
         vertex 7.333851e-01 2.400000e-01 2.940670e-01
         vertex 7.327764e-01 3.500000e-02 2.946326e-01
      endloop
   endfacet
   facet normal 6.807179e-01 -0.000000e+00 7.325456e-01
      outer loop
         vertex 7.327764e-01 3.500000e-02 2.946326e-01
         vertex 7.333851e-01 2.400000e-01 2.940670e-01
         vertex 7.327764e-01 2.400000e-01 2.946326e-01
      endloop
   endfacet
   facet normal 7.926240e-01 -0.000000e+00 6.097108e-01
      outer loop
         vertex 7.327764e-01 3.500000e-02 2.946326e-01
         vertex 7.327764e-01 2.400000e-01 2.946326e-01
         vertex 7.322698e-01 3.500000e-02 2.952913e-01
      endloop
   endfacet
   facet normal 7.926240e-01 -0.000000e+00 6.097108e-01
      outer loop
         vertex 7.322698e-01 3.500000e-02 2.952913e-01
         vertex 7.327764e-01 2.400000e-01 2.946326e-01
         vertex 7.322698e-01 2.400000e-01 2.952913e-01
      endloop
   endfacet
   facet normal 8.826328e-01 -0.000000e+00 4.700632e-01
      outer loop
         vertex 7.322698e-01 3.500000e-02 2.952913e-01
         vertex 7.322698e-01 2.400000e-01 2.952913e-01
         vertex 7.318792e-01 3.500000e-02 2.960247e-01
      endloop
   endfacet
   facet normal 8.826328e-01 -0.000000e+00 4.700632e-01
      outer loop
         vertex 7.318792e-01 3.500000e-02 2.960247e-01
         vertex 7.322698e-01 2.400000e-01 2.952913e-01
         vertex 7.318792e-01 2.400000e-01 2.960247e-01
      endloop
   endfacet
   facet normal 1.000000e+00 0.000000e+00 0.000000e+00
      outer loop
         vertex 7.150000e-01 1.067169e-01 8.552368e-01
         vertex 7.150000e-01 1.050000e-01 8.930000e-01
         vertex 7.150000e-01 3.500000e-02 8.930000e-01
      endloop
   endfacet
   facet normal 1.000000e+00 0.000000e+00 -0.000000e+00
      outer loop
         vertex 7.150000e-01 2.400000e-01 3.780000e-01
         vertex 7.150000e-01 2.400000e-01 5.930000e-01
         vertex 7.150000e-01 2.365809e-01 5.893517e-01
      endloop
   endfacet
   facet normal 1.000000e+00 0.000000e+00 0.000000e+00
      outer loop
         vertex 7.150000e-01 1.863867e-01 6.457856e-01
         vertex 7.150000e-01 1.653347e-01 6.771834e-01
         vertex 7.150000e-01 3.500000e-02 3.780000e-01
      endloop
   endfacet
   facet normal 1.000000e+00 0.000000e+00 0.000000e+00
      outer loop
         vertex 7.150000e-01 3.500000e-02 3.780000e-01
         vertex 7.150000e-01 1.653347e-01 6.771834e-01
         vertex 7.150000e-01 1.472188e-01 7.103621e-01
      endloop
   endfacet
   facet normal 1.000000e+00 0.000000e+00 0.000000e+00
      outer loop
         vertex 7.150000e-01 1.472188e-01 7.103621e-01
         vertex 7.150000e-01 1.321884e-01 7.450477e-01
         vertex 7.150000e-01 3.500000e-02 3.780000e-01
      endloop
   endfacet
   facet normal 1.000000e+00 0.000000e+00 0.000000e+00
      outer loop
         vertex 7.150000e-01 3.500000e-02 3.780000e-01
         vertex 7.150000e-01 1.321884e-01 7.450477e-01
         vertex 7.150000e-01 1.203674e-01 7.809542e-01
      endloop
   endfacet
   facet normal 1.000000e+00 0.000000e+00 0.000000e+00
      outer loop
         vertex 7.150000e-01 3.500000e-02 3.780000e-01
         vertex 7.150000e-01 1.203674e-01 7.809542e-01
         vertex 7.150000e-01 3.500000e-02 8.930000e-01
      endloop
   endfacet
   facet normal 1.000000e+00 0.000000e+00 0.000000e+00
      outer loop
         vertex 7.150000e-01 3.500000e-02 8.930000e-01
         vertex 7.150000e-01 1.203674e-01 7.809542e-01
         vertex 7.150000e-01 1.118535e-01 8.177851e-01
      endloop
   endfacet
   facet normal 1.000000e+00 0.000000e+00 0.000000e+00
      outer loop
         vertex 7.150000e-01 3.500000e-02 8.930000e-01
         vertex 7.150000e-01 1.118535e-01 8.177851e-01
         vertex 7.150000e-01 1.067169e-01 8.552368e-01
      endloop
   endfacet
   facet normal 1.000000e+00 0.000000e+00 0.000000e+00
      outer loop
         vertex 7.150000e-01 2.400000e-01 3.780000e-01
         vertex 7.150000e-01 2.365809e-01 5.893517e-01
         vertex 7.150000e-01 3.500000e-02 3.780000e-01
      endloop
   endfacet
   facet normal 1.000000e+00 0.000000e+00 0.000000e+00
      outer loop
         vertex 7.150000e-01 3.500000e-02 3.780000e-01
         vertex 7.150000e-01 2.365809e-01 5.893517e-01
         vertex 7.150000e-01 2.102009e-01 6.164276e-01
      endloop
   endfacet
   facet normal 1.000000e+00 0.000000e+00 0.000000e+00
      outer loop
         vertex 7.150000e-01 3.500000e-02 3.780000e-01
         vertex 7.150000e-01 2.102009e-01 6.164276e-01
         vertex 7.150000e-01 1.863867e-01 6.457856e-01
      endloop
   endfacet
   facet normal 0.000000e+00 -0.000000e+00 1.000000e+00
      outer loop
         vertex 7.400000e-01 3.500000e-02 2.930000e-01
         vertex 7.400000e-01 2.400000e-01 2.930000e-01
         vertex 7.364724e-01 3.500000e-02 2.930000e-01
      endloop
   endfacet
   facet normal 0.000000e+00 0.000000e+00 1.000000e+00
      outer loop
         vertex 7.364724e-01 3.500000e-02 2.930000e-01
         vertex 7.400000e-01 2.400000e-01 2.930000e-01
         vertex 7.364724e-01 2.400000e-01 2.930000e-01
      endloop
   endfacet
   facet normal 9.375184e-01 -0.000000e+00 3.479358e-01
      outer loop
         vertex 7.318792e-01 3.500000e-02 2.960247e-01
         vertex 7.318792e-01 2.400000e-01 2.960247e-01
         vertex 7.245519e-01 3.500000e-02 3.157681e-01
      endloop
   endfacet
   facet normal 9.375184e-01 -0.000000e+00 3.479358e-01
      outer loop
         vertex 7.245519e-01 3.500000e-02 3.157681e-01
         vertex 7.318792e-01 2.400000e-01 2.960247e-01
         vertex 7.245519e-01 2.400000e-01 3.157681e-01
      endloop
   endfacet
   facet normal 9.679570e-01 -0.000000e+00 2.511160e-01
      outer loop
         vertex 7.245519e-01 3.500000e-02 3.157681e-01
         vertex 7.245519e-01 2.400000e-01 3.157681e-01
         vertex 7.192636e-01 3.500000e-02 3.361525e-01
      endloop
   endfacet
   facet normal 9.679570e-01 -0.000000e+00 2.511160e-01
      outer loop
         vertex 7.192636e-01 3.500000e-02 3.361525e-01
         vertex 7.245519e-01 2.400000e-01 3.157681e-01
         vertex 7.192636e-01 2.400000e-01 3.361525e-01
      endloop
   endfacet
   facet normal 9.884244e-01 -0.000000e+00 1.517145e-01
      outer loop
         vertex 7.192636e-01 3.500000e-02 3.361525e-01
         vertex 7.192636e-01 2.400000e-01 3.361525e-01
         vertex 7.160686e-01 3.500000e-02 3.569679e-01
      endloop
   endfacet
   facet normal 9.884244e-01 -0.000000e+00 1.517145e-01
      outer loop
         vertex 7.160686e-01 3.500000e-02 3.569679e-01
         vertex 7.192636e-01 2.400000e-01 3.361525e-01
         vertex 7.160686e-01 2.400000e-01 3.569679e-01
      endloop
   endfacet
   facet normal 9.987116e-01 -0.000000e+00 5.074513e-02
      outer loop
         vertex 7.160686e-01 3.500000e-02 3.569679e-01
         vertex 7.160686e-01 2.400000e-01 3.569679e-01
         vertex 7.150000e-01 3.500000e-02 3.780000e-01
      endloop
   endfacet
   facet normal 9.987116e-01 -0.000000e+00 5.074513e-02
      outer loop
         vertex 7.150000e-01 3.500000e-02 3.780000e-01
         vertex 7.160686e-01 2.400000e-01 3.569679e-01
         vertex 7.150000e-01 2.400000e-01 3.780000e-01
      endloop
   endfacet
   facet normal -8.826556e-01 0.000000e+00 -4.700204e-01
      outer loop
         vertex 7.272859e-01 3.500000e-02 2.940494e-01
         vertex 7.272859e-01 2.400000e-01 2.940494e-01
         vertex 7.280670e-01 2.400000e-01 2.925825e-01
      endloop
   endfacet
   facet normal -8.826556e-01 0.000000e+00 -4.700204e-01
      outer loop
         vertex 7.272859e-01 3.500000e-02 2.940494e-01
         vertex 7.280670e-01 2.400000e-01 2.925825e-01
         vertex 7.280670e-01 3.500000e-02 2.925825e-01
      endloop
   endfacet
   facet normal -7.926173e-01 0.000000e+00 -6.097194e-01
      outer loop
         vertex 7.280670e-01 3.500000e-02 2.925825e-01
         vertex 7.280670e-01 2.400000e-01 2.925825e-01
         vertex 7.290803e-01 2.400000e-01 2.912653e-01
      endloop
   endfacet
   facet normal -7.926173e-01 0.000000e+00 -6.097194e-01
      outer loop
         vertex 7.280670e-01 3.500000e-02 2.925825e-01
         vertex 7.290803e-01 2.400000e-01 2.912653e-01
         vertex 7.290803e-01 3.500000e-02 2.912653e-01
      endloop
   endfacet
   facet normal -6.807001e-01 0.000000e+00 -7.325622e-01
      outer loop
         vertex 7.290803e-01 3.500000e-02 2.912653e-01
         vertex 7.290803e-01 2.400000e-01 2.912653e-01
         vertex 7.302977e-01 2.400000e-01 2.901340e-01
      endloop
   endfacet
   facet normal -6.807001e-01 0.000000e+00 -7.325622e-01
      outer loop
         vertex 7.290803e-01 3.500000e-02 2.912653e-01
         vertex 7.302977e-01 2.400000e-01 2.901340e-01
         vertex 7.302977e-01 3.500000e-02 2.901340e-01
      endloop
   endfacet
   facet normal -5.499570e-01 0.000000e+00 -8.351930e-01
      outer loop
         vertex 7.302977e-01 3.500000e-02 2.901340e-01
         vertex 7.302977e-01 2.400000e-01 2.901340e-01
         vertex 7.316858e-01 2.400000e-01 2.892201e-01
      endloop
   endfacet
   facet normal -5.499570e-01 0.000000e+00 -8.351930e-01
      outer loop
         vertex 7.302977e-01 3.500000e-02 2.901340e-01
         vertex 7.316858e-01 2.400000e-01 2.892201e-01
         vertex 7.316858e-01 3.500000e-02 2.892201e-01
      endloop
   endfacet
   facet normal -4.040675e-01 0.000000e+00 -9.147292e-01
      outer loop
         vertex 7.316858e-01 3.500000e-02 2.892201e-01
         vertex 7.316858e-01 2.400000e-01 2.892201e-01
         vertex 7.332059e-01 2.400000e-01 2.885486e-01
      endloop
   endfacet
   facet normal -4.040675e-01 0.000000e+00 -9.147292e-01
      outer loop
         vertex 7.316858e-01 3.500000e-02 2.892201e-01
         vertex 7.332059e-01 2.400000e-01 2.885486e-01
         vertex 7.332059e-01 3.500000e-02 2.885486e-01
      endloop
   endfacet
   facet normal -2.469888e-01 0.000000e+00 -9.690183e-01
      outer loop
         vertex 7.332059e-01 3.500000e-02 2.885486e-01
         vertex 7.332059e-01 2.400000e-01 2.885486e-01
         vertex 7.348163e-01 2.400000e-01 2.881381e-01
      endloop
   endfacet
   facet normal -2.469888e-01 0.000000e+00 -9.690183e-01
      outer loop
         vertex 7.332059e-01 3.500000e-02 2.885486e-01
         vertex 7.348163e-01 2.400000e-01 2.881381e-01
         vertex 7.348163e-01 3.500000e-02 2.881381e-01
      endloop
   endfacet
   facet normal -8.310188e-02 0.000000e+00 -9.965411e-01
      outer loop
         vertex 7.348163e-01 3.500000e-02 2.881381e-01
         vertex 7.348163e-01 2.400000e-01 2.881381e-01
         vertex 7.364724e-01 2.400000e-01 2.880000e-01
      endloop
   endfacet
   facet normal -8.310188e-02 0.000000e+00 -9.965411e-01
      outer loop
         vertex 7.348163e-01 3.500000e-02 2.881381e-01
         vertex 7.364724e-01 2.400000e-01 2.880000e-01
         vertex 7.364724e-01 3.500000e-02 2.880000e-01
      endloop
   endfacet
   facet normal -1.000000e+00 0.000000e+00 -0.000000e+00
      outer loop
         vertex 7.100000e-01 1.546809e-01 5.464482e-01
         vertex 7.100000e-01 1.584939e-01 5.428138e-01
         vertex 7.100000e-01 3.000000e-02 3.780000e-01
      endloop
   endfacet
   facet normal -1.000000e+00 0.000000e+00 0.000000e+00
      outer loop
         vertex 7.100000e-01 1.442271e-01 5.724336e-01
         vertex 7.100000e-01 1.767323e-01 5.566926e-01
         vertex 7.100000e-01 1.763379e-01 5.565294e-01
      endloop
   endfacet
   facet normal -1.000000e+00 0.000000e+00 0.000000e+00
      outer loop
         vertex 7.100000e-01 9.104311e-02 8.829859e-01
         vertex 7.100000e-01 3.000000e-02 8.930000e-01
         vertex 7.100000e-01 9.187178e-02 8.829813e-01
      endloop
   endfacet
   facet normal -1.000000e+00 0.000000e+00 0.000000e+00
      outer loop
         vertex 7.100000e-01 9.187178e-02 8.829813e-01
         vertex 7.100000e-01 3.000000e-02 8.930000e-01
         vertex 7.100000e-01 2.300000e-01 8.930000e-01
      endloop
   endfacet
   facet normal -1.000000e+00 0.000000e+00 0.000000e+00
      outer loop
         vertex 7.100000e-01 9.187178e-02 8.829813e-01
         vertex 7.100000e-01 2.300000e-01 8.930000e-01
         vertex 7.100000e-01 9.251668e-02 8.828766e-01
      endloop
   endfacet
   facet normal -1.000000e+00 -0.000000e+00 0.000000e+00
      outer loop
         vertex 7.100000e-01 9.104311e-02 8.829859e-01
         vertex 7.100000e-01 8.986715e-02 8.828036e-01
         vertex 7.100000e-01 3.000000e-02 8.930000e-01
      endloop
   endfacet
   facet normal -1.000000e+00 0.000000e+00 0.000000e+00
      outer loop
         vertex 7.100000e-01 3.000000e-02 8.930000e-01
         vertex 7.100000e-01 8.986715e-02 8.828036e-01
         vertex 7.100000e-01 8.825598e-02 8.822883e-01
      endloop
   endfacet
   facet normal -1.000000e+00 0.000000e+00 0.000000e+00
      outer loop
         vertex 7.100000e-01 3.000000e-02 8.930000e-01
         vertex 7.100000e-01 8.825598e-02 8.822883e-01
         vertex 7.100000e-01 8.615948e-02 8.812248e-01
      endloop
   endfacet
   facet normal -1.000000e+00 0.000000e+00 0.000000e+00
      outer loop
         vertex 7.100000e-01 9.019487e-02 6.855000e-01
         vertex 7.100000e-01 9.076482e-02 6.855000e-01
         vertex 7.100000e-01 1.017375e-01 6.769207e-01
      endloop
   endfacet
   facet normal -1.000000e+00 -0.000000e+00 0.000000e+00
      outer loop
         vertex 7.100000e-01 1.122060e-01 6.931727e-01
         vertex 7.100000e-01 1.118111e-01 6.931664e-01
         vertex 7.100000e-01 9.396995e-02 8.655016e-01
      endloop
   endfacet
   facet normal -1.000000e+00 0.000000e+00 0.000000e+00
      outer loop
         vertex 7.100000e-01 1.165024e-01 6.844975e-01
         vertex 7.100000e-01 1.148928e-01 6.898461e-01
         vertex 7.100000e-01 1.770210e-01 5.567588e-01
      endloop
   endfacet
   facet normal -1.000000e+00 0.000000e+00 0.000000e+00
      outer loop
         vertex 7.100000e-01 1.807845e-01 5.525877e-01
         vertex 7.100000e-01 1.794827e-01 5.547780e-01
         vertex 7.100000e-01 2.400000e-01 8.830000e-01
      endloop
   endfacet
   facet normal -1.000000e+00 0.000000e+00 0.000000e+00
      outer loop
         vertex 7.100000e-01 8.548357e-02 8.211225e-01
         vertex 7.100000e-01 9.042114e-02 8.477299e-01
         vertex 7.100000e-01 1.118111e-01 6.931664e-01
      endloop
   endfacet
   facet normal -1.000000e+00 0.000000e+00 0.000000e+00
      outer loop
         vertex 7.100000e-01 1.118111e-01 6.931664e-01
         vertex 7.100000e-01 9.042114e-02 8.477299e-01
         vertex 7.100000e-01 9.384593e-02 8.647207e-01
      endloop
   endfacet
   facet normal -1.000000e+00 0.000000e+00 0.000000e+00
      outer loop
         vertex 7.100000e-01 1.118111e-01 6.931664e-01
         vertex 7.100000e-01 9.384593e-02 8.647207e-01
         vertex 7.100000e-01 9.396995e-02 8.655016e-01
      endloop
   endfacet
   facet normal -1.000000e+00 0.000000e+00 0.000000e+00
      outer loop
         vertex 7.100000e-01 9.396995e-02 8.655016e-01
         vertex 7.100000e-01 9.476092e-02 8.721202e-01
         vertex 7.100000e-01 1.122060e-01 6.931727e-01
      endloop
   endfacet
   facet normal -1.000000e+00 0.000000e+00 0.000000e+00
      outer loop
         vertex 7.100000e-01 1.122060e-01 6.931727e-01
         vertex 7.100000e-01 9.476092e-02 8.721202e-01
         vertex 7.100000e-01 9.486295e-02 8.766922e-01
      endloop
   endfacet
   facet normal -1.000000e+00 0.000000e+00 0.000000e+00
      outer loop
         vertex 7.100000e-01 1.122060e-01 6.931727e-01
         vertex 7.100000e-01 9.486295e-02 8.766922e-01
         vertex 7.100000e-01 1.124297e-01 6.931437e-01
      endloop
   endfacet
   facet normal -1.000000e+00 0.000000e+00 0.000000e+00
      outer loop
         vertex 7.100000e-01 1.807845e-01 5.525877e-01
         vertex 7.100000e-01 2.400000e-01 8.830000e-01
         vertex 7.100000e-01 1.828216e-01 5.479505e-01
      endloop
   endfacet
   facet normal -1.000000e+00 0.000000e+00 0.000000e+00
      outer loop
         vertex 7.100000e-01 1.794827e-01 5.547780e-01
         vertex 7.100000e-01 1.787334e-01 5.557314e-01
         vertex 7.100000e-01 2.400000e-01 8.830000e-01
      endloop
   endfacet
   facet normal -1.000000e+00 0.000000e+00 0.000000e+00
      outer loop
         vertex 7.100000e-01 2.400000e-01 8.830000e-01
         vertex 7.100000e-01 1.787334e-01 5.557314e-01
         vertex 7.100000e-01 1.781317e-01 5.563079e-01
      endloop
   endfacet
   facet normal -1.000000e+00 0.000000e+00 0.000000e+00
      outer loop
         vertex 7.100000e-01 2.400000e-01 8.830000e-01
         vertex 7.100000e-01 1.781317e-01 5.563079e-01
         vertex 7.100000e-01 1.778478e-01 5.565184e-01
      endloop
   endfacet
   facet normal -1.000000e+00 -0.000000e+00 0.000000e+00
      outer loop
         vertex 7.100000e-01 2.317365e-01 8.928481e-01
         vertex 7.100000e-01 1.774033e-01 5.567409e-01
         vertex 7.100000e-01 2.300000e-01 8.930000e-01
      endloop
   endfacet
   facet normal -1.000000e+00 0.000000e+00 0.000000e+00
      outer loop
         vertex 7.100000e-01 2.300000e-01 8.930000e-01
         vertex 7.100000e-01 1.774033e-01 5.567409e-01
         vertex 7.100000e-01 1.773017e-01 5.567649e-01
      endloop
   endfacet
   facet normal -1.000000e+00 0.000000e+00 0.000000e+00
      outer loop
         vertex 7.100000e-01 2.300000e-01 8.930000e-01
         vertex 7.100000e-01 1.773017e-01 5.567649e-01
         vertex 7.100000e-01 1.771897e-01 5.567724e-01
      endloop
   endfacet
   facet normal -1.000000e+00 0.000000e+00 0.000000e+00
      outer loop
         vertex 7.100000e-01 8.818913e-02 6.986178e-01
         vertex 7.100000e-01 8.396825e-02 7.303763e-01
         vertex 7.100000e-01 1.085029e-01 6.914172e-01
      endloop
   endfacet
   facet normal -1.000000e+00 0.000000e+00 0.000000e+00
      outer loop
         vertex 7.100000e-01 1.770210e-01 5.567588e-01
         vertex 7.100000e-01 1.148928e-01 6.898461e-01
         vertex 7.100000e-01 1.771897e-01 5.567724e-01
      endloop
   endfacet
   facet normal -1.000000e+00 0.000000e+00 0.000000e+00
      outer loop
         vertex 7.100000e-01 9.349690e-02 8.823318e-01
         vertex 7.100000e-01 9.335282e-02 8.824857e-01
         vertex 7.100000e-01 2.300000e-01 8.930000e-01
      endloop
   endfacet
   facet normal -1.000000e+00 0.000000e+00 0.000000e+00
      outer loop
         vertex 7.100000e-01 9.335282e-02 8.824857e-01
         vertex 7.100000e-01 9.321847e-02 8.825889e-01
         vertex 7.100000e-01 2.300000e-01 8.930000e-01
      endloop
   endfacet
   facet normal -1.000000e+00 0.000000e+00 0.000000e+00
      outer loop
         vertex 7.100000e-01 2.300000e-01 8.930000e-01
         vertex 7.100000e-01 9.321847e-02 8.825889e-01
         vertex 7.100000e-01 9.298721e-02 8.827144e-01
      endloop
   endfacet
   facet normal -1.000000e+00 0.000000e+00 0.000000e+00
      outer loop
         vertex 7.100000e-01 2.300000e-01 8.930000e-01
         vertex 7.100000e-01 9.298721e-02 8.827144e-01
         vertex 7.100000e-01 9.251668e-02 8.828766e-01
      endloop
   endfacet
   facet normal -1.000000e+00 -0.000000e+00 0.000000e+00
      outer loop
         vertex 7.100000e-01 1.763379e-01 5.565294e-01
         vertex 7.100000e-01 1.758770e-01 5.562446e-01
         vertex 7.100000e-01 1.442271e-01 5.724336e-01
      endloop
   endfacet
   facet normal -1.000000e+00 0.000000e+00 0.000000e+00
      outer loop
         vertex 7.100000e-01 1.442271e-01 5.724336e-01
         vertex 7.100000e-01 1.758770e-01 5.562446e-01
         vertex 7.100000e-01 1.752798e-01 5.557272e-01
      endloop
   endfacet
   facet normal -1.000000e+00 0.000000e+00 0.000000e+00
      outer loop
         vertex 7.100000e-01 1.442271e-01 5.724336e-01
         vertex 7.100000e-01 1.752798e-01 5.557272e-01
         vertex 7.100000e-01 1.745782e-01 5.548935e-01
      endloop
   endfacet
   facet normal -1.000000e+00 0.000000e+00 0.000000e+00
      outer loop
         vertex 7.100000e-01 2.334202e-01 8.923969e-01
         vertex 7.100000e-01 2.398481e-01 8.847365e-01
         vertex 7.100000e-01 2.400000e-01 8.830000e-01
      endloop
   endfacet
   facet normal -1.000000e+00 -0.000000e+00 0.000000e+00
      outer loop
         vertex 7.100000e-01 8.615948e-02 8.812248e-01
         vertex 7.100000e-01 8.343385e-02 8.792426e-01
         vertex 7.100000e-01 3.000000e-02 8.930000e-01
      endloop
   endfacet
   facet normal -1.000000e+00 0.000000e+00 0.000000e+00
      outer loop
         vertex 7.100000e-01 3.000000e-02 8.930000e-01
         vertex 7.100000e-01 8.343385e-02 8.792426e-01
         vertex 7.100000e-01 7.987076e-02 8.756744e-01
      endloop
   endfacet
   facet normal -1.000000e+00 0.000000e+00 0.000000e+00
      outer loop
         vertex 7.100000e-01 3.000000e-02 8.930000e-01
         vertex 7.100000e-01 7.987076e-02 8.756744e-01
         vertex 7.100000e-01 7.534714e-02 8.694515e-01
      endloop
   endfacet
   facet normal -1.000000e+00 -0.000000e+00 0.000000e+00
      outer loop
         vertex 7.100000e-01 1.017375e-01 6.769207e-01
         vertex 7.100000e-01 1.004413e-01 6.664479e-01
         vertex 7.100000e-01 9.019487e-02 6.855000e-01
      endloop
   endfacet
   facet normal -1.000000e+00 0.000000e+00 0.000000e+00
      outer loop
         vertex 7.100000e-01 9.019487e-02 6.855000e-01
         vertex 7.100000e-01 1.004413e-01 6.664479e-01
         vertex 7.100000e-01 1.008845e-01 6.514039e-01
      endloop
   endfacet
   facet normal -1.000000e+00 0.000000e+00 -0.000000e+00
      outer loop
         vertex 7.100000e-01 9.019487e-02 6.855000e-01
         vertex 7.100000e-01 1.008845e-01 6.514039e-01
         vertex 7.100000e-01 3.000000e-02 3.780000e-01
      endloop
   endfacet
   facet normal -1.000000e+00 0.000000e+00 0.000000e+00
      outer loop
         vertex 7.100000e-01 3.000000e-02 3.780000e-01
         vertex 7.100000e-01 1.008845e-01 6.514039e-01
         vertex 7.100000e-01 1.019124e-01 6.438270e-01
      endloop
   endfacet
   facet normal -1.000000e+00 0.000000e+00 0.000000e+00
      outer loop
         vertex 7.100000e-01 3.000000e-02 3.780000e-01
         vertex 7.100000e-01 1.019124e-01 6.438270e-01
         vertex 7.100000e-01 1.059124e-01 6.273996e-01
      endloop
   endfacet
   facet normal -1.000000e+00 0.000000e+00 -0.000000e+00
      outer loop
         vertex 7.100000e-01 8.548357e-02 8.211225e-01
         vertex 7.100000e-01 1.118111e-01 6.931664e-01
         vertex 7.100000e-01 8.281558e-02 7.954550e-01
      endloop
   endfacet
   facet normal -1.000000e+00 0.000000e+00 0.000000e+00
      outer loop
         vertex 7.100000e-01 8.281558e-02 7.954550e-01
         vertex 7.100000e-01 1.118111e-01 6.931664e-01
         vertex 7.100000e-01 1.112515e-01 6.930628e-01
      endloop
   endfacet
   facet normal -1.000000e+00 0.000000e+00 -0.000000e+00
      outer loop
         vertex 7.100000e-01 8.281558e-02 7.954550e-01
         vertex 7.100000e-01 1.112515e-01 6.930628e-01
         vertex 7.100000e-01 8.217081e-02 7.625010e-01
      endloop
   endfacet
   facet normal -1.000000e+00 0.000000e+00 0.000000e+00
      outer loop
         vertex 7.100000e-01 8.217081e-02 7.625010e-01
         vertex 7.100000e-01 1.112515e-01 6.930628e-01
         vertex 7.100000e-01 1.105713e-01 6.928191e-01
      endloop
   endfacet
   facet normal -1.000000e+00 0.000000e+00 0.000000e+00
      outer loop
         vertex 7.100000e-01 8.217081e-02 7.625010e-01
         vertex 7.100000e-01 1.105713e-01 6.928191e-01
         vertex 7.100000e-01 8.396825e-02 7.303763e-01
      endloop
   endfacet
   facet normal -1.000000e+00 0.000000e+00 0.000000e+00
      outer loop
         vertex 7.100000e-01 8.396825e-02 7.303763e-01
         vertex 7.100000e-01 1.105713e-01 6.928191e-01
         vertex 7.100000e-01 1.096492e-01 6.923100e-01
      endloop
   endfacet
   facet normal -1.000000e+00 0.000000e+00 0.000000e+00
      outer loop
         vertex 7.100000e-01 8.396825e-02 7.303763e-01
         vertex 7.100000e-01 1.096492e-01 6.923100e-01
         vertex 7.100000e-01 1.085029e-01 6.914172e-01
      endloop
   endfacet
   facet normal -1.000000e+00 0.000000e+00 0.000000e+00
      outer loop
         vertex 7.100000e-01 2.376604e-01 8.894279e-01
         vertex 7.100000e-01 2.334202e-01 8.923969e-01
         vertex 7.100000e-01 2.364279e-01 8.906605e-01
      endloop
   endfacet
   facet normal -1.000000e+00 0.000000e+00 0.000000e+00
      outer loop
         vertex 7.100000e-01 2.364279e-01 8.906605e-01
         vertex 7.100000e-01 2.334202e-01 8.923969e-01
         vertex 7.100000e-01 2.350000e-01 8.916603e-01
      endloop
   endfacet
   facet normal -1.000000e+00 0.000000e+00 -0.000000e+00
      outer loop
         vertex 7.100000e-01 2.317365e-01 8.928481e-01
         vertex 7.100000e-01 2.334202e-01 8.923969e-01
         vertex 7.100000e-01 1.774033e-01 5.567409e-01
      endloop
   endfacet
   facet normal -1.000000e+00 0.000000e+00 0.000000e+00
      outer loop
         vertex 7.100000e-01 1.774033e-01 5.567409e-01
         vertex 7.100000e-01 2.334202e-01 8.923969e-01
         vertex 7.100000e-01 2.400000e-01 8.830000e-01
      endloop
   endfacet
   facet normal -1.000000e+00 0.000000e+00 0.000000e+00
      outer loop
         vertex 7.100000e-01 1.774033e-01 5.567409e-01
         vertex 7.100000e-01 2.400000e-01 8.830000e-01
         vertex 7.100000e-01 1.776087e-01 5.566588e-01
      endloop
   endfacet
   facet normal -1.000000e+00 0.000000e+00 0.000000e+00
      outer loop
         vertex 7.100000e-01 1.776087e-01 5.566588e-01
         vertex 7.100000e-01 2.400000e-01 8.830000e-01
         vertex 7.100000e-01 1.778478e-01 5.565184e-01
      endloop
   endfacet
   facet normal -1.000000e+00 0.000000e+00 0.000000e+00
      outer loop
         vertex 7.100000e-01 1.132298e-01 6.926177e-01
         vertex 7.100000e-01 1.129549e-01 6.928713e-01
         vertex 7.100000e-01 2.300000e-01 8.930000e-01
      endloop
   endfacet
   facet normal -1.000000e+00 0.000000e+00 0.000000e+00
      outer loop
         vertex 7.100000e-01 1.132298e-01 6.926177e-01
         vertex 7.100000e-01 2.300000e-01 8.930000e-01
         vertex 7.100000e-01 1.135430e-01 6.922597e-01
      endloop
   endfacet
   facet normal -1.000000e+00 0.000000e+00 0.000000e+00
      outer loop
         vertex 7.100000e-01 2.400000e-01 3.780000e-01
         vertex 7.100000e-01 2.344023e-01 4.543807e-01
         vertex 7.100000e-01 2.400000e-01 8.830000e-01
      endloop
   endfacet
   facet normal -1.000000e+00 0.000000e+00 0.000000e+00
      outer loop
         vertex 7.100000e-01 2.400000e-01 8.830000e-01
         vertex 7.100000e-01 2.344023e-01 4.543807e-01
         vertex 7.100000e-01 2.335106e-01 4.553589e-01
      endloop
   endfacet
   facet normal -1.000000e+00 -0.000000e+00 -0.000000e+00
      outer loop
         vertex 7.100000e-01 2.376604e-01 8.894279e-01
         vertex 7.100000e-01 2.386603e-01 8.880000e-01
         vertex 7.100000e-01 2.334202e-01 8.923969e-01
      endloop
   endfacet
   facet normal -1.000000e+00 0.000000e+00 0.000000e+00
      outer loop
         vertex 7.100000e-01 2.334202e-01 8.923969e-01
         vertex 7.100000e-01 2.386603e-01 8.880000e-01
         vertex 7.100000e-01 2.393969e-01 8.864202e-01
      endloop
   endfacet
   facet normal -1.000000e+00 0.000000e+00 0.000000e+00
      outer loop
         vertex 7.100000e-01 2.334202e-01 8.923969e-01
         vertex 7.100000e-01 2.393969e-01 8.864202e-01
         vertex 7.100000e-01 2.398481e-01 8.847365e-01
      endloop
   endfacet
   facet normal -1.000000e+00 0.000000e+00 -0.000000e+00
      outer loop
         vertex 7.100000e-01 1.059124e-01 6.273996e-01
         vertex 7.100000e-01 1.121922e-01 6.113867e-01
         vertex 7.100000e-01 3.000000e-02 3.780000e-01
      endloop
   endfacet
   facet normal -1.000000e+00 0.000000e+00 0.000000e+00
      outer loop
         vertex 7.100000e-01 3.000000e-02 3.780000e-01
         vertex 7.100000e-01 1.121922e-01 6.113867e-01
         vertex 7.100000e-01 1.158496e-01 6.040567e-01
      endloop
   endfacet
   facet normal -1.000000e+00 0.000000e+00 0.000000e+00
      outer loop
         vertex 7.100000e-01 3.000000e-02 3.780000e-01
         vertex 7.100000e-01 1.158496e-01 6.040567e-01
         vertex 7.100000e-01 1.287629e-01 5.821194e-01
      endloop
   endfacet
   facet normal -1.000000e+00 0.000000e+00 -0.000000e+00
      outer loop
         vertex 7.100000e-01 1.590938e-01 5.430087e-01
         vertex 7.100000e-01 1.725576e-01 5.353187e-01
         vertex 7.100000e-01 1.584939e-01 5.428138e-01
      endloop
   endfacet
   facet normal -1.000000e+00 0.000000e+00 0.000000e+00
      outer loop
         vertex 7.100000e-01 1.584939e-01 5.428138e-01
         vertex 7.100000e-01 1.725576e-01 5.353187e-01
         vertex 7.100000e-01 1.753900e-01 5.238547e-01
      endloop
   endfacet
   facet normal -1.000000e+00 0.000000e+00 -0.000000e+00
      outer loop
         vertex 7.100000e-01 1.584939e-01 5.428138e-01
         vertex 7.100000e-01 1.753900e-01 5.238547e-01
         vertex 7.100000e-01 3.000000e-02 3.780000e-01
      endloop
   endfacet
   facet normal -1.000000e+00 0.000000e+00 0.000000e+00
      outer loop
         vertex 7.100000e-01 3.000000e-02 3.780000e-01
         vertex 7.100000e-01 1.753900e-01 5.238547e-01
         vertex 7.100000e-01 1.766002e-01 5.204147e-01
      endloop
   endfacet
   facet normal -1.000000e+00 0.000000e+00 0.000000e+00
      outer loop
         vertex 7.100000e-01 3.000000e-02 3.780000e-01
         vertex 7.100000e-01 1.766002e-01 5.204147e-01
         vertex 7.100000e-01 1.826890e-01 5.074751e-01
      endloop
   endfacet
   facet normal -1.000000e+00 0.000000e+00 -0.000000e+00
      outer loop
         vertex 7.100000e-01 1.826890e-01 5.074751e-01
         vertex 7.100000e-01 1.906980e-01 4.955379e-01
         vertex 7.100000e-01 3.000000e-02 3.780000e-01
      endloop
   endfacet
   facet normal -1.000000e+00 0.000000e+00 0.000000e+00
      outer loop
         vertex 7.100000e-01 3.000000e-02 3.780000e-01
         vertex 7.100000e-01 1.906980e-01 4.955379e-01
         vertex 7.100000e-01 2.036072e-01 4.808288e-01
      endloop
   endfacet
   facet normal -1.000000e+00 0.000000e+00 0.000000e+00
      outer loop
         vertex 7.100000e-01 3.000000e-02 3.780000e-01
         vertex 7.100000e-01 2.036072e-01 4.808288e-01
         vertex 7.100000e-01 2.217208e-01 4.633205e-01
      endloop
   endfacet
   facet normal -1.000000e+00 0.000000e+00 -0.000000e+00
      outer loop
         vertex 7.100000e-01 2.217208e-01 4.633205e-01
         vertex 7.100000e-01 2.289929e-01 4.572057e-01
         vertex 7.100000e-01 3.000000e-02 3.780000e-01
      endloop
   endfacet
   facet normal -1.000000e+00 0.000000e+00 0.000000e+00
      outer loop
         vertex 7.100000e-01 3.000000e-02 3.780000e-01
         vertex 7.100000e-01 2.289929e-01 4.572057e-01
         vertex 7.100000e-01 2.313871e-01 4.555304e-01
      endloop
   endfacet
   facet normal -1.000000e+00 0.000000e+00 0.000000e+00
      outer loop
         vertex 7.100000e-01 3.000000e-02 3.780000e-01
         vertex 7.100000e-01 2.313871e-01 4.555304e-01
         vertex 7.100000e-01 2.400000e-01 3.780000e-01
      endloop
   endfacet
   facet normal -1.000000e+00 0.000000e+00 0.000000e+00
      outer loop
         vertex 7.100000e-01 2.400000e-01 3.780000e-01
         vertex 7.100000e-01 2.313871e-01 4.555304e-01
         vertex 7.100000e-01 2.338101e-01 4.540388e-01
      endloop
   endfacet
   facet normal -1.000000e+00 0.000000e+00 0.000000e+00
      outer loop
         vertex 7.100000e-01 2.400000e-01 3.780000e-01
         vertex 7.100000e-01 2.338101e-01 4.540388e-01
         vertex 7.100000e-01 2.344023e-01 4.543807e-01
      endloop
   endfacet
   facet normal -1.000000e+00 -0.000000e+00 0.000000e+00
      outer loop
         vertex 7.100000e-01 1.085029e-01 6.914172e-01
         vertex 7.100000e-01 1.071198e-01 6.899324e-01
         vertex 7.100000e-01 8.818913e-02 6.986178e-01
      endloop
   endfacet
   facet normal -1.000000e+00 0.000000e+00 0.000000e+00
      outer loop
         vertex 7.100000e-01 8.818913e-02 6.986178e-01
         vertex 7.100000e-01 1.071198e-01 6.899324e-01
         vertex 7.100000e-01 1.054761e-01 6.874849e-01
      endloop
   endfacet
   facet normal -1.000000e+00 0.000000e+00 0.000000e+00
      outer loop
         vertex 7.100000e-01 8.818913e-02 6.986178e-01
         vertex 7.100000e-01 1.054761e-01 6.874849e-01
         vertex 7.100000e-01 9.076482e-02 6.855000e-01
      endloop
   endfacet
   facet normal -1.000000e+00 0.000000e+00 0.000000e+00
      outer loop
         vertex 7.100000e-01 9.076482e-02 6.855000e-01
         vertex 7.100000e-01 1.054761e-01 6.874849e-01
         vertex 7.100000e-01 1.036059e-01 6.834549e-01
      endloop
   endfacet
   facet normal -1.000000e+00 0.000000e+00 0.000000e+00
      outer loop
         vertex 7.100000e-01 9.076482e-02 6.855000e-01
         vertex 7.100000e-01 1.036059e-01 6.834549e-01
         vertex 7.100000e-01 1.017375e-01 6.769207e-01
      endloop
   endfacet
   facet normal -1.000000e+00 0.000000e+00 0.000000e+00
      outer loop
         vertex 7.100000e-01 1.258872e-01 6.251696e-01
         vertex 7.100000e-01 1.212642e-01 6.477966e-01
         vertex 7.100000e-01 1.770210e-01 5.567588e-01
      endloop
   endfacet
   facet normal -1.000000e+00 0.000000e+00 0.000000e+00
      outer loop
         vertex 7.100000e-01 1.770210e-01 5.567588e-01
         vertex 7.100000e-01 1.212642e-01 6.477966e-01
         vertex 7.100000e-01 1.178478e-01 6.764227e-01
      endloop
   endfacet
   facet normal -1.000000e+00 0.000000e+00 0.000000e+00
      outer loop
         vertex 7.100000e-01 1.770210e-01 5.567588e-01
         vertex 7.100000e-01 1.178478e-01 6.764227e-01
         vertex 7.100000e-01 1.165024e-01 6.844975e-01
      endloop
   endfacet
   facet normal -1.000000e+00 0.000000e+00 0.000000e+00
      outer loop
         vertex 7.100000e-01 1.771897e-01 5.567724e-01
         vertex 7.100000e-01 1.148928e-01 6.898461e-01
         vertex 7.100000e-01 2.300000e-01 8.930000e-01
      endloop
   endfacet
   facet normal -1.000000e+00 0.000000e+00 0.000000e+00
      outer loop
         vertex 7.100000e-01 2.300000e-01 8.930000e-01
         vertex 7.100000e-01 1.148928e-01 6.898461e-01
         vertex 7.100000e-01 1.141787e-01 6.913164e-01
      endloop
   endfacet
   facet normal -1.000000e+00 0.000000e+00 0.000000e+00
      outer loop
         vertex 7.100000e-01 2.300000e-01 8.930000e-01
         vertex 7.100000e-01 1.141787e-01 6.913164e-01
         vertex 7.100000e-01 1.135430e-01 6.922597e-01
      endloop
   endfacet
   facet normal -1.000000e+00 0.000000e+00 0.000000e+00
      outer loop
         vertex 7.100000e-01 1.129549e-01 6.928713e-01
         vertex 7.100000e-01 1.126996e-01 6.930434e-01
         vertex 7.100000e-01 2.300000e-01 8.930000e-01
      endloop
   endfacet
   facet normal -1.000000e+00 0.000000e+00 0.000000e+00
      outer loop
         vertex 7.100000e-01 2.300000e-01 8.930000e-01
         vertex 7.100000e-01 1.126996e-01 6.930434e-01
         vertex 7.100000e-01 1.125738e-01 6.931028e-01
      endloop
   endfacet
   facet normal -1.000000e+00 0.000000e+00 0.000000e+00
      outer loop
         vertex 7.100000e-01 2.300000e-01 8.930000e-01
         vertex 7.100000e-01 1.125738e-01 6.931028e-01
         vertex 7.100000e-01 1.124297e-01 6.931437e-01
      endloop
   endfacet
   facet normal -1.000000e+00 0.000000e+00 0.000000e+00
      outer loop
         vertex 7.100000e-01 9.430996e-02 8.806080e-01
         vertex 7.100000e-01 9.397371e-02 8.815303e-01
         vertex 7.100000e-01 2.300000e-01 8.930000e-01
      endloop
   endfacet
   facet normal -1.000000e+00 0.000000e+00 0.000000e+00
      outer loop
         vertex 7.100000e-01 2.300000e-01 8.930000e-01
         vertex 7.100000e-01 9.397371e-02 8.815303e-01
         vertex 7.100000e-01 9.371173e-02 8.820339e-01
      endloop
   endfacet
   facet normal -1.000000e+00 0.000000e+00 0.000000e+00
      outer loop
         vertex 7.100000e-01 2.300000e-01 8.930000e-01
         vertex 7.100000e-01 9.371173e-02 8.820339e-01
         vertex 7.100000e-01 9.349690e-02 8.823318e-01
      endloop
   endfacet
   facet normal -1.000000e+00 0.000000e+00 -0.000000e+00
      outer loop
         vertex 7.100000e-01 1.287629e-01 5.821194e-01
         vertex 7.100000e-01 1.445662e-01 5.589664e-01
         vertex 7.100000e-01 3.000000e-02 3.780000e-01
      endloop
   endfacet
   facet normal -1.000000e+00 0.000000e+00 0.000000e+00
      outer loop
         vertex 7.100000e-01 3.000000e-02 3.780000e-01
         vertex 7.100000e-01 1.445662e-01 5.589664e-01
         vertex 7.100000e-01 1.525058e-01 5.487958e-01
      endloop
   endfacet
   facet normal -1.000000e+00 0.000000e+00 0.000000e+00
      outer loop
         vertex 7.100000e-01 3.000000e-02 3.780000e-01
         vertex 7.100000e-01 1.525058e-01 5.487958e-01
         vertex 7.100000e-01 1.546809e-01 5.464482e-01
      endloop
   endfacet
   facet normal -1.000000e+00 0.000000e+00 0.000000e+00
      outer loop
         vertex 7.100000e-01 1.767323e-01 5.566926e-01
         vertex 7.100000e-01 1.442271e-01 5.724336e-01
         vertex 7.100000e-01 1.770210e-01 5.567588e-01
      endloop
   endfacet
   facet normal -1.000000e+00 0.000000e+00 0.000000e+00
      outer loop
         vertex 7.100000e-01 1.770210e-01 5.567588e-01
         vertex 7.100000e-01 1.442271e-01 5.724336e-01
         vertex 7.100000e-01 1.341961e-01 5.978187e-01
      endloop
   endfacet
   facet normal -1.000000e+00 0.000000e+00 0.000000e+00
      outer loop
         vertex 7.100000e-01 1.770210e-01 5.567588e-01
         vertex 7.100000e-01 1.341961e-01 5.978187e-01
         vertex 7.100000e-01 1.258872e-01 6.251696e-01
      endloop
   endfacet
   facet normal -1.000000e+00 0.000000e+00 0.000000e+00
      outer loop
         vertex 7.100000e-01 1.124297e-01 6.931437e-01
         vertex 7.100000e-01 9.486295e-02 8.766922e-01
         vertex 7.100000e-01 2.300000e-01 8.930000e-01
      endloop
   endfacet
   facet normal -1.000000e+00 0.000000e+00 0.000000e+00
      outer loop
         vertex 7.100000e-01 2.300000e-01 8.930000e-01
         vertex 7.100000e-01 9.486295e-02 8.766922e-01
         vertex 7.100000e-01 9.459589e-02 8.793992e-01
      endloop
   endfacet
   facet normal -1.000000e+00 0.000000e+00 0.000000e+00
      outer loop
         vertex 7.100000e-01 2.300000e-01 8.930000e-01
         vertex 7.100000e-01 9.459589e-02 8.793992e-01
         vertex 7.100000e-01 9.430996e-02 8.806080e-01
      endloop
   endfacet
   facet normal -1.000000e+00 -0.000000e+00 0.000000e+00
      outer loop
         vertex 7.100000e-01 1.745782e-01 5.548935e-01
         vertex 7.100000e-01 1.737950e-01 5.535886e-01
         vertex 7.100000e-01 1.442271e-01 5.724336e-01
      endloop
   endfacet
   facet normal -1.000000e+00 0.000000e+00 0.000000e+00
      outer loop
         vertex 7.100000e-01 1.442271e-01 5.724336e-01
         vertex 7.100000e-01 1.737950e-01 5.535886e-01
         vertex 7.100000e-01 1.729708e-01 5.515367e-01
      endloop
   endfacet
   facet normal -1.000000e+00 0.000000e+00 0.000000e+00
      outer loop
         vertex 7.100000e-01 1.442271e-01 5.724336e-01
         vertex 7.100000e-01 1.729708e-01 5.515367e-01
         vertex 7.100000e-01 1.564285e-01 5.476544e-01
      endloop
   endfacet
   facet normal -1.000000e+00 0.000000e+00 0.000000e+00
      outer loop
         vertex 7.100000e-01 1.564285e-01 5.476544e-01
         vertex 7.100000e-01 1.729708e-01 5.515367e-01
         vertex 7.100000e-01 1.722272e-01 5.482887e-01
      endloop
   endfacet
   facet normal -1.000000e+00 0.000000e+00 0.000000e+00
      outer loop
         vertex 7.100000e-01 1.564285e-01 5.476544e-01
         vertex 7.100000e-01 1.722272e-01 5.482887e-01
         vertex 7.100000e-01 1.590938e-01 5.430087e-01
      endloop
   endfacet
   facet normal -1.000000e+00 0.000000e+00 0.000000e+00
      outer loop
         vertex 7.100000e-01 1.590938e-01 5.430087e-01
         vertex 7.100000e-01 1.722272e-01 5.482887e-01
         vertex 7.100000e-01 1.718755e-01 5.432038e-01
      endloop
   endfacet
   facet normal -1.000000e+00 0.000000e+00 0.000000e+00
      outer loop
         vertex 7.100000e-01 1.590938e-01 5.430087e-01
         vertex 7.100000e-01 1.718755e-01 5.432038e-01
         vertex 7.100000e-01 1.725576e-01 5.353187e-01
      endloop
   endfacet
   facet normal -1.000000e+00 0.000000e+00 0.000000e+00
      outer loop
         vertex 7.100000e-01 2.335106e-01 4.553589e-01
         vertex 7.100000e-01 2.283695e-01 4.614262e-01
         vertex 7.100000e-01 2.400000e-01 8.830000e-01
      endloop
   endfacet
   facet normal -1.000000e+00 0.000000e+00 0.000000e+00
      outer loop
         vertex 7.100000e-01 2.400000e-01 8.830000e-01
         vertex 7.100000e-01 2.283695e-01 4.614262e-01
         vertex 7.100000e-01 2.143965e-01 4.802448e-01
      endloop
   endfacet
   facet normal -1.000000e+00 0.000000e+00 0.000000e+00
      outer loop
         vertex 7.100000e-01 2.400000e-01 8.830000e-01
         vertex 7.100000e-01 2.143965e-01 4.802448e-01
         vertex 7.100000e-01 2.021044e-01 5.005029e-01
      endloop
   endfacet
   facet normal -1.000000e+00 0.000000e+00 0.000000e+00
      outer loop
         vertex 7.100000e-01 2.021044e-01 5.005029e-01
         vertex 7.100000e-01 1.932352e-01 5.186548e-01
         vertex 7.100000e-01 2.400000e-01 8.830000e-01
      endloop
   endfacet
   facet normal -1.000000e+00 0.000000e+00 0.000000e+00
      outer loop
         vertex 7.100000e-01 2.400000e-01 8.830000e-01
         vertex 7.100000e-01 1.932352e-01 5.186548e-01
         vertex 7.100000e-01 1.857246e-01 5.394378e-01
      endloop
   endfacet
   facet normal -1.000000e+00 0.000000e+00 0.000000e+00
      outer loop
         vertex 7.100000e-01 2.400000e-01 8.830000e-01
         vertex 7.100000e-01 1.857246e-01 5.394378e-01
         vertex 7.100000e-01 1.828216e-01 5.479505e-01
      endloop
   endfacet
   facet normal -1.000000e+00 -0.000000e+00 0.000000e+00
      outer loop
         vertex 7.100000e-01 7.534714e-02 8.694515e-01
         vertex 7.100000e-01 6.991544e-02 8.588394e-01
         vertex 7.100000e-01 3.000000e-02 8.930000e-01
      endloop
   endfacet
   facet normal -1.000000e+00 0.000000e+00 0.000000e+00
      outer loop
         vertex 7.100000e-01 3.000000e-02 8.930000e-01
         vertex 7.100000e-01 6.991544e-02 8.588394e-01
         vertex 7.100000e-01 6.481227e-02 8.437715e-01
      endloop
   endfacet
   facet normal -1.000000e+00 0.000000e+00 0.000000e+00
      outer loop
         vertex 7.100000e-01 3.000000e-02 8.930000e-01
         vertex 7.100000e-01 6.481227e-02 8.437715e-01
         vertex 7.100000e-01 6.155535e-02 8.278068e-01
      endloop
   endfacet
   facet normal -1.000000e+00 0.000000e+00 -0.000000e+00
      outer loop
         vertex 7.100000e-01 7.056201e-02 7.409821e-01
         vertex 7.100000e-01 7.931883e-02 7.113272e-01
         vertex 7.100000e-01 3.000000e-02 3.780000e-01
      endloop
   endfacet
   facet normal -1.000000e+00 0.000000e+00 0.000000e+00
      outer loop
         vertex 7.100000e-01 3.000000e-02 3.780000e-01
         vertex 7.100000e-01 7.931883e-02 7.113272e-01
         vertex 7.100000e-01 8.523378e-02 6.950839e-01
      endloop
   endfacet
   facet normal -1.000000e+00 0.000000e+00 0.000000e+00
      outer loop
         vertex 7.100000e-01 3.000000e-02 3.780000e-01
         vertex 7.100000e-01 8.523378e-02 6.950839e-01
         vertex 7.100000e-01 9.019487e-02 6.855000e-01
      endloop
   endfacet
   facet normal -1.000000e+00 -0.000000e+00 0.000000e+00
      outer loop
         vertex 7.100000e-01 6.155535e-02 8.278068e-01
         vertex 7.100000e-01 6.003470e-02 8.092787e-01
         vertex 7.100000e-01 3.000000e-02 8.930000e-01
      endloop
   endfacet
   facet normal -1.000000e+00 0.000000e+00 0.000000e+00
      outer loop
         vertex 7.100000e-01 3.000000e-02 8.930000e-01
         vertex 7.100000e-01 6.003470e-02 8.092787e-01
         vertex 7.100000e-01 6.078038e-02 7.900870e-01
      endloop
   endfacet
   facet normal -1.000000e+00 0.000000e+00 0.000000e+00
      outer loop
         vertex 7.100000e-01 3.000000e-02 8.930000e-01
         vertex 7.100000e-01 6.078038e-02 7.900870e-01
         vertex 7.100000e-01 3.000000e-02 3.780000e-01
      endloop
   endfacet
   facet normal -1.000000e+00 0.000000e+00 0.000000e+00
      outer loop
         vertex 7.100000e-01 3.000000e-02 3.780000e-01
         vertex 7.100000e-01 6.078038e-02 7.900870e-01
         vertex 7.100000e-01 6.372641e-02 7.703354e-01
      endloop
   endfacet
   facet normal -1.000000e+00 0.000000e+00 0.000000e+00
      outer loop
         vertex 7.100000e-01 3.000000e-02 3.780000e-01
         vertex 7.100000e-01 6.372641e-02 7.703354e-01
         vertex 7.100000e-01 7.056201e-02 7.409821e-01
      endloop
   endfacet
   facet normal 0.000000e+00 0.000000e+00 -1.000000e+00
      outer loop
         vertex 7.364724e-01 2.400000e-01 2.880000e-01
         vertex 7.400000e-01 2.400000e-01 2.880000e-01
         vertex 7.364724e-01 3.500000e-02 2.880000e-01
      endloop
   endfacet
   facet normal 0.000000e+00 0.000000e+00 -1.000000e+00
      outer loop
         vertex 7.364724e-01 3.500000e-02 2.880000e-01
         vertex 7.400000e-01 2.400000e-01 2.880000e-01
         vertex 7.400000e-01 3.000000e-02 2.880000e-01
      endloop
   endfacet
   facet normal -0.000000e+00 -0.000000e+00 -1.000000e+00
      outer loop
         vertex 7.364724e-01 3.500000e-02 2.880000e-01
         vertex 7.400000e-01 3.000000e-02 2.880000e-01
         vertex 7.300000e-01 3.500000e-02 2.880000e-01
      endloop
   endfacet
   facet normal 0.000000e+00 0.000000e+00 -1.000000e+00
      outer loop
         vertex 7.300000e-01 3.500000e-02 2.880000e-01
         vertex 7.400000e-01 3.000000e-02 2.880000e-01
         vertex 7.300000e-01 3.000000e-02 2.880000e-01
      endloop
   endfacet
   facet normal -9.123798e-01 -0.000000e+00 -4.093447e-01
      outer loop
         vertex 7.300000e-01 3.500000e-02 2.880000e-01
         vertex 7.300000e-01 3.000000e-02 2.880000e-01
         vertex 7.272859e-01 3.500000e-02 2.940494e-01
      endloop
   endfacet
   facet normal -9.264290e-01 -5.171975e-02 -3.729001e-01
      outer loop
         vertex 7.272859e-01 3.500000e-02 2.940494e-01
         vertex 7.300000e-01 3.000000e-02 2.880000e-01
         vertex 7.213289e-01 3.000000e-02 3.095424e-01
      endloop
   endfacet
   facet normal -9.333828e-01 0.000000e+00 -3.588825e-01
      outer loop
         vertex 7.272859e-01 3.500000e-02 2.940494e-01
         vertex 7.213289e-01 3.000000e-02 3.095424e-01
         vertex 7.272859e-01 2.400000e-01 2.940494e-01
      endloop
   endfacet
   facet normal -9.333828e-01 0.000000e+00 -3.588825e-01
      outer loop
         vertex 7.272859e-01 2.400000e-01 2.940494e-01
         vertex 7.213289e-01 3.000000e-02 3.095424e-01
         vertex 7.213289e-01 2.400000e-01 3.095424e-01
      endloop
   endfacet
   facet normal -9.628755e-01 -0.000000e+00 -2.699459e-01
      outer loop
         vertex 7.213289e-01 2.400000e-01 3.095424e-01
         vertex 7.213289e-01 3.000000e-02 3.095424e-01
         vertex 7.150602e-01 3.000000e-02 3.319023e-01
      endloop
   endfacet
   facet normal -9.628755e-01 0.000000e+00 -2.699459e-01
      outer loop
         vertex 7.213289e-01 2.400000e-01 3.095424e-01
         vertex 7.150602e-01 3.000000e-02 3.319023e-01
         vertex 7.150602e-01 2.400000e-01 3.319023e-01
      endloop
   endfacet
   facet normal -9.865819e-01 -0.000000e+00 -1.632672e-01
      outer loop
         vertex 7.150602e-01 2.400000e-01 3.319023e-01
         vertex 7.150602e-01 3.000000e-02 3.319023e-01
         vertex 7.112688e-01 3.000000e-02 3.548127e-01
      endloop
   endfacet
   facet normal -9.865819e-01 0.000000e+00 -1.632672e-01
      outer loop
         vertex 7.150602e-01 2.400000e-01 3.319023e-01
         vertex 7.112688e-01 3.000000e-02 3.548127e-01
         vertex 7.112688e-01 2.400000e-01 3.548127e-01
      endloop
   endfacet
   facet normal -9.985061e-01 -0.000000e+00 -5.464058e-02
      outer loop
         vertex 7.112688e-01 2.400000e-01 3.548127e-01
         vertex 7.112688e-01 3.000000e-02 3.548127e-01
         vertex 7.100000e-01 3.000000e-02 3.780000e-01
      endloop
   endfacet
   facet normal -9.985061e-01 0.000000e+00 -5.464058e-02
      outer loop
         vertex 7.112688e-01 2.400000e-01 3.548127e-01
         vertex 7.100000e-01 3.000000e-02 3.780000e-01
         vertex 7.100000e-01 2.400000e-01 3.780000e-01
      endloop
   endfacet
   facet normal 0.000000e+00 1.000000e+00 0.000000e+00
      outer loop
         vertex 7.400000e-01 2.400000e-01 2.930000e-01
         vertex 7.400000e-01 2.400000e-01 2.880000e-01
         vertex 7.364724e-01 2.400000e-01 2.930000e-01
      endloop
   endfacet
   facet normal 0.000000e+00 1.000000e+00 0.000000e+00
      outer loop
         vertex 7.364724e-01 2.400000e-01 2.930000e-01
         vertex 7.400000e-01 2.400000e-01 2.880000e-01
         vertex 7.364724e-01 2.400000e-01 2.880000e-01
      endloop
   endfacet
   facet normal 0.000000e+00 1.000000e+00 0.000000e+00
      outer loop
         vertex 7.364724e-01 2.400000e-01 2.930000e-01
         vertex 7.364724e-01 2.400000e-01 2.880000e-01
         vertex 7.356444e-01 2.400000e-01 2.930690e-01
      endloop
   endfacet
   facet normal 0.000000e+00 1.000000e+00 0.000000e+00
      outer loop
         vertex 7.356444e-01 2.400000e-01 2.930690e-01
         vertex 7.364724e-01 2.400000e-01 2.880000e-01
         vertex 7.348163e-01 2.400000e-01 2.881381e-01
      endloop
   endfacet
   facet normal 0.000000e+00 1.000000e+00 0.000000e+00
      outer loop
         vertex 7.356444e-01 2.400000e-01 2.930690e-01
         vertex 7.348163e-01 2.400000e-01 2.881381e-01
         vertex 7.348392e-01 2.400000e-01 2.932743e-01
      endloop
   endfacet
   facet normal 0.000000e+00 1.000000e+00 0.000000e+00
      outer loop
         vertex 7.348392e-01 2.400000e-01 2.932743e-01
         vertex 7.348163e-01 2.400000e-01 2.881381e-01
         vertex 7.332059e-01 2.400000e-01 2.885486e-01
      endloop
   endfacet
   facet normal 0.000000e+00 1.000000e+00 0.000000e+00
      outer loop
         vertex 7.348392e-01 2.400000e-01 2.932743e-01
         vertex 7.332059e-01 2.400000e-01 2.885486e-01
         vertex 7.340791e-01 2.400000e-01 2.936100e-01
      endloop
   endfacet
   facet normal 0.000000e+00 1.000000e+00 0.000000e+00
      outer loop
         vertex 7.340791e-01 2.400000e-01 2.936100e-01
         vertex 7.332059e-01 2.400000e-01 2.885486e-01
         vertex 7.316858e-01 2.400000e-01 2.892201e-01
      endloop
   endfacet
   facet normal 0.000000e+00 1.000000e+00 0.000000e+00
      outer loop
         vertex 7.340791e-01 2.400000e-01 2.936100e-01
         vertex 7.316858e-01 2.400000e-01 2.892201e-01
         vertex 7.333851e-01 2.400000e-01 2.940670e-01
      endloop
   endfacet
   facet normal 0.000000e+00 1.000000e+00 0.000000e+00
      outer loop
         vertex 7.333851e-01 2.400000e-01 2.940670e-01
         vertex 7.316858e-01 2.400000e-01 2.892201e-01
         vertex 7.302977e-01 2.400000e-01 2.901340e-01
      endloop
   endfacet
   facet normal 0.000000e+00 1.000000e+00 0.000000e+00
      outer loop
         vertex 7.333851e-01 2.400000e-01 2.940670e-01
         vertex 7.302977e-01 2.400000e-01 2.901340e-01
         vertex 7.327764e-01 2.400000e-01 2.946326e-01
      endloop
   endfacet
   facet normal 0.000000e+00 1.000000e+00 0.000000e+00
      outer loop
         vertex 7.327764e-01 2.400000e-01 2.946326e-01
         vertex 7.302977e-01 2.400000e-01 2.901340e-01
         vertex 7.290803e-01 2.400000e-01 2.912653e-01
      endloop
   endfacet
   facet normal 0.000000e+00 1.000000e+00 0.000000e+00
      outer loop
         vertex 7.327764e-01 2.400000e-01 2.946326e-01
         vertex 7.290803e-01 2.400000e-01 2.912653e-01
         vertex 7.322698e-01 2.400000e-01 2.952913e-01
      endloop
   endfacet
   facet normal 0.000000e+00 1.000000e+00 0.000000e+00
      outer loop
         vertex 7.322698e-01 2.400000e-01 2.952913e-01
         vertex 7.290803e-01 2.400000e-01 2.912653e-01
         vertex 7.280670e-01 2.400000e-01 2.925825e-01
      endloop
   endfacet
   facet normal 0.000000e+00 1.000000e+00 0.000000e+00
      outer loop
         vertex 7.322698e-01 2.400000e-01 2.952913e-01
         vertex 7.280670e-01 2.400000e-01 2.925825e-01
         vertex 7.318792e-01 2.400000e-01 2.960247e-01
      endloop
   endfacet
   facet normal 0.000000e+00 1.000000e+00 0.000000e+00
      outer loop
         vertex 7.318792e-01 2.400000e-01 2.960247e-01
         vertex 7.280670e-01 2.400000e-01 2.925825e-01
         vertex 7.272859e-01 2.400000e-01 2.940494e-01
      endloop
   endfacet
   facet normal 0.000000e+00 1.000000e+00 0.000000e+00
      outer loop
         vertex 7.318792e-01 2.400000e-01 2.960247e-01
         vertex 7.272859e-01 2.400000e-01 2.940494e-01
         vertex 7.245519e-01 2.400000e-01 3.157681e-01
      endloop
   endfacet
   facet normal 0.000000e+00 1.000000e+00 0.000000e+00
      outer loop
         vertex 7.245519e-01 2.400000e-01 3.157681e-01
         vertex 7.272859e-01 2.400000e-01 2.940494e-01
         vertex 7.213289e-01 2.400000e-01 3.095424e-01
      endloop
   endfacet
   facet normal 0.000000e+00 1.000000e+00 0.000000e+00
      outer loop
         vertex 7.245519e-01 2.400000e-01 3.157681e-01
         vertex 7.213289e-01 2.400000e-01 3.095424e-01
         vertex 7.192636e-01 2.400000e-01 3.361525e-01
      endloop
   endfacet
   facet normal 0.000000e+00 1.000000e+00 0.000000e+00
      outer loop
         vertex 7.192636e-01 2.400000e-01 3.361525e-01
         vertex 7.213289e-01 2.400000e-01 3.095424e-01
         vertex 7.150602e-01 2.400000e-01 3.319023e-01
      endloop
   endfacet
   facet normal 0.000000e+00 1.000000e+00 0.000000e+00
      outer loop
         vertex 7.192636e-01 2.400000e-01 3.361525e-01
         vertex 7.150602e-01 2.400000e-01 3.319023e-01
         vertex 7.160686e-01 2.400000e-01 3.569679e-01
      endloop
   endfacet
   facet normal 0.000000e+00 1.000000e+00 0.000000e+00
      outer loop
         vertex 7.160686e-01 2.400000e-01 3.569679e-01
         vertex 7.150602e-01 2.400000e-01 3.319023e-01
         vertex 7.112688e-01 2.400000e-01 3.548127e-01
      endloop
   endfacet
   facet normal 0.000000e+00 1.000000e+00 0.000000e+00
      outer loop
         vertex 7.160686e-01 2.400000e-01 3.569679e-01
         vertex 7.112688e-01 2.400000e-01 3.548127e-01
         vertex 7.150000e-01 2.400000e-01 3.780000e-01
      endloop
   endfacet
   facet normal 0.000000e+00 1.000000e+00 0.000000e+00
      outer loop
         vertex 7.150000e-01 2.400000e-01 3.780000e-01
         vertex 7.112688e-01 2.400000e-01 3.548127e-01
         vertex 7.100000e-01 2.400000e-01 3.780000e-01
      endloop
   endfacet
   facet normal 0.000000e+00 1.000000e+00 -0.000000e+00
      outer loop
         vertex 7.150000e-01 2.400000e-01 3.780000e-01
         vertex 7.100000e-01 2.400000e-01 3.780000e-01
         vertex 7.150000e-01 2.400000e-01 5.930000e-01
      endloop
   endfacet
   facet normal 0.000000e+00 1.000000e+00 0.000000e+00
      outer loop
         vertex 7.150000e-01 2.400000e-01 5.930000e-01
         vertex 7.100000e-01 2.400000e-01 3.780000e-01
         vertex 7.100000e-01 2.400000e-01 8.830000e-01
      endloop
   endfacet
   facet normal 0.000000e+00 1.000000e+00 -0.000000e+00
      outer loop
         vertex 7.150000e-01 2.400000e-01 5.930000e-01
         vertex 7.100000e-01 2.400000e-01 8.830000e-01
         vertex 7.150000e-01 2.400000e-01 8.830000e-01
      endloop
   endfacet
   facet normal 0.000000e+00 0.000000e+00 1.000000e+00
      outer loop
         vertex 7.100000e-01 3.000000e-02 8.930000e-01
         vertex 7.300000e-01 3.000000e-02 8.930000e-01
         vertex 7.300000e-01 3.500000e-02 8.930000e-01
      endloop
   endfacet
   facet normal 0.000000e+00 -0.000000e+00 1.000000e+00
      outer loop
         vertex 7.300000e-01 1.050000e-01 8.930000e-01
         vertex 7.300000e-01 1.100000e-01 8.930000e-01
         vertex 7.150000e-01 1.050000e-01 8.930000e-01
      endloop
   endfacet
   facet normal 0.000000e+00 0.000000e+00 1.000000e+00
      outer loop
         vertex 7.150000e-01 1.050000e-01 8.930000e-01
         vertex 7.300000e-01 1.100000e-01 8.930000e-01
         vertex 7.150000e-01 1.100000e-01 8.930000e-01
      endloop
   endfacet
   facet normal 0.000000e+00 0.000000e+00 1.000000e+00
      outer loop
         vertex 7.300000e-01 3.500000e-02 8.930000e-01
         vertex 7.150000e-01 3.500000e-02 8.930000e-01
         vertex 7.100000e-01 3.000000e-02 8.930000e-01
      endloop
   endfacet
   facet normal 0.000000e+00 0.000000e+00 1.000000e+00
      outer loop
         vertex 7.100000e-01 3.000000e-02 8.930000e-01
         vertex 7.150000e-01 3.500000e-02 8.930000e-01
         vertex 7.150000e-01 1.050000e-01 8.930000e-01
      endloop
   endfacet
   facet normal 0.000000e+00 0.000000e+00 1.000000e+00
      outer loop
         vertex 7.100000e-01 3.000000e-02 8.930000e-01
         vertex 7.150000e-01 1.050000e-01 8.930000e-01
         vertex 7.100000e-01 2.300000e-01 8.930000e-01
      endloop
   endfacet
   facet normal 0.000000e+00 0.000000e+00 1.000000e+00
      outer loop
         vertex 7.100000e-01 2.300000e-01 8.930000e-01
         vertex 7.150000e-01 1.050000e-01 8.930000e-01
         vertex 7.150000e-01 1.100000e-01 8.930000e-01
      endloop
   endfacet
   facet normal -0.000000e+00 0.000000e+00 1.000000e+00
      outer loop
         vertex 7.100000e-01 2.300000e-01 8.930000e-01
         vertex 7.150000e-01 1.100000e-01 8.930000e-01
         vertex 7.150000e-01 2.300000e-01 8.930000e-01
      endloop
   endfacet
   facet normal -0.000000e+00 -1.000000e+00 -0.000000e+00
      outer loop
         vertex 7.400000e-01 3.000000e-02 8.830000e-01
         vertex 7.100000e-01 3.000000e-02 8.930000e-01
         vertex 7.400000e-01 3.000000e-02 2.880000e-01
      endloop
   endfacet
   facet normal 0.000000e+00 -1.000000e+00 0.000000e+00
      outer loop
         vertex 7.400000e-01 3.000000e-02 2.880000e-01
         vertex 7.100000e-01 3.000000e-02 8.930000e-01
         vertex 7.100000e-01 3.000000e-02 3.780000e-01
      endloop
   endfacet
   facet normal 0.000000e+00 -1.000000e+00 0.000000e+00
      outer loop
         vertex 7.400000e-01 3.000000e-02 2.880000e-01
         vertex 7.100000e-01 3.000000e-02 3.780000e-01
         vertex 7.112688e-01 3.000000e-02 3.548127e-01
      endloop
   endfacet
   facet normal 0.000000e+00 -1.000000e+00 0.000000e+00
      outer loop
         vertex 7.112688e-01 3.000000e-02 3.548127e-01
         vertex 7.150602e-01 3.000000e-02 3.319023e-01
         vertex 7.400000e-01 3.000000e-02 2.880000e-01
      endloop
   endfacet
   facet normal 0.000000e+00 -1.000000e+00 0.000000e+00
      outer loop
         vertex 7.400000e-01 3.000000e-02 2.880000e-01
         vertex 7.150602e-01 3.000000e-02 3.319023e-01
         vertex 7.213289e-01 3.000000e-02 3.095424e-01
      endloop
   endfacet
   facet normal 0.000000e+00 -1.000000e+00 0.000000e+00
      outer loop
         vertex 7.400000e-01 3.000000e-02 2.880000e-01
         vertex 7.213289e-01 3.000000e-02 3.095424e-01
         vertex 7.300000e-01 3.000000e-02 2.880000e-01
      endloop
   endfacet
   facet normal -0.000000e+00 -1.000000e+00 -0.000000e+00
      outer loop
         vertex 7.334202e-01 3.000000e-02 8.923969e-01
         vertex 7.317365e-01 3.000000e-02 8.928481e-01
         vertex 7.400000e-01 3.000000e-02 8.830000e-01
      endloop
   endfacet
   facet normal 0.000000e+00 -1.000000e+00 0.000000e+00
      outer loop
         vertex 7.400000e-01 3.000000e-02 8.830000e-01
         vertex 7.317365e-01 3.000000e-02 8.928481e-01
         vertex 7.300000e-01 3.000000e-02 8.930000e-01
      endloop
   endfacet
   facet normal 0.000000e+00 -1.000000e+00 0.000000e+00
      outer loop
         vertex 7.400000e-01 3.000000e-02 8.830000e-01
         vertex 7.300000e-01 3.000000e-02 8.930000e-01
         vertex 7.100000e-01 3.000000e-02 8.930000e-01
      endloop
   endfacet
   facet normal 0.000000e+00 -1.000000e+00 0.000000e+00
      outer loop
         vertex 7.393969e-01 3.000000e-02 8.864202e-01
         vertex 7.386603e-01 3.000000e-02 8.880000e-01
         vertex 7.350000e-01 3.000000e-02 8.916603e-01
      endloop
   endfacet
   facet normal 0.000000e+00 -1.000000e+00 0.000000e+00
      outer loop
         vertex 7.350000e-01 3.000000e-02 8.916603e-01
         vertex 7.386603e-01 3.000000e-02 8.880000e-01
         vertex 7.376605e-01 3.000000e-02 8.894279e-01
      endloop
   endfacet
   facet normal 0.000000e+00 -1.000000e+00 0.000000e+00
      outer loop
         vertex 7.350000e-01 3.000000e-02 8.916603e-01
         vertex 7.376605e-01 3.000000e-02 8.894279e-01
         vertex 7.364279e-01 3.000000e-02 8.906605e-01
      endloop
   endfacet
   facet normal 0.000000e+00 -1.000000e+00 0.000000e+00
      outer loop
         vertex 7.334202e-01 3.000000e-02 8.923969e-01
         vertex 7.400000e-01 3.000000e-02 8.830000e-01
         vertex 7.350000e-01 3.000000e-02 8.916603e-01
      endloop
   endfacet
   facet normal 0.000000e+00 -1.000000e+00 0.000000e+00
      outer loop
         vertex 7.350000e-01 3.000000e-02 8.916603e-01
         vertex 7.400000e-01 3.000000e-02 8.830000e-01
         vertex 7.398481e-01 3.000000e-02 8.847365e-01
      endloop
   endfacet
   facet normal 0.000000e+00 -1.000000e+00 0.000000e+00
      outer loop
         vertex 7.350000e-01 3.000000e-02 8.916603e-01
         vertex 7.398481e-01 3.000000e-02 8.847365e-01
         vertex 7.393969e-01 3.000000e-02 8.864202e-01
      endloop
   endfacet
   facet normal 1.000000e+00 0.000000e+00 0.000000e+00
      outer loop
         vertex 7.400000e-01 3.500000e-02 8.830000e-01
         vertex 7.400000e-01 3.000000e-02 8.830000e-01
         vertex 7.400000e-01 3.500000e-02 2.930000e-01
      endloop
   endfacet
   facet normal 1.000000e+00 0.000000e+00 0.000000e+00
      outer loop
         vertex 7.400000e-01 3.500000e-02 2.930000e-01
         vertex 7.400000e-01 3.000000e-02 8.830000e-01
         vertex 7.400000e-01 3.000000e-02 2.880000e-01
      endloop
   endfacet
   facet normal 1.000000e+00 -0.000000e+00 0.000000e+00
      outer loop
         vertex 7.400000e-01 3.500000e-02 2.930000e-01
         vertex 7.400000e-01 3.000000e-02 2.880000e-01
         vertex 7.400000e-01 2.400000e-01 2.930000e-01
      endloop
   endfacet
   facet normal 1.000000e+00 0.000000e+00 0.000000e+00
      outer loop
         vertex 7.400000e-01 2.400000e-01 2.930000e-01
         vertex 7.400000e-01 3.000000e-02 2.880000e-01
         vertex 7.400000e-01 2.400000e-01 2.880000e-01
      endloop
   endfacet
   facet normal 1.000000e+00 0.000000e+00 0.000000e+00
      outer loop
         vertex 7.150000e-01 2.317365e-01 8.928481e-01
         vertex 7.150000e-01 2.300000e-01 8.930000e-01
         vertex 7.150000e-01 2.400000e-01 8.830000e-01
      endloop
   endfacet
   facet normal 1.000000e+00 0.000000e+00 0.000000e+00
      outer loop
         vertex 7.150000e-01 2.300000e-01 8.930000e-01
         vertex 7.150000e-01 1.100000e-01 8.930000e-01
         vertex 7.150000e-01 2.400000e-01 8.830000e-01
      endloop
   endfacet
   facet normal 1.000000e+00 0.000000e+00 0.000000e+00
      outer loop
         vertex 7.150000e-01 2.400000e-01 8.830000e-01
         vertex 7.150000e-01 1.100000e-01 8.930000e-01
         vertex 7.150000e-01 1.116963e-01 8.556905e-01
      endloop
   endfacet
   facet normal 1.000000e+00 0.000000e+00 0.000000e+00
      outer loop
         vertex 7.150000e-01 2.400000e-01 8.830000e-01
         vertex 7.150000e-01 1.116963e-01 8.556905e-01
         vertex 7.150000e-01 1.167712e-01 8.186889e-01
      endloop
   endfacet
   facet normal 1.000000e+00 0.000000e+00 0.000000e+00
      outer loop
         vertex 7.150000e-01 2.400000e-01 8.830000e-01
         vertex 7.150000e-01 1.517116e-01 7.125564e-01
         vertex 7.150000e-01 1.696098e-01 6.797764e-01
      endloop
   endfacet
   facet normal 1.000000e+00 0.000000e+00 0.000000e+00
      outer loop
         vertex 7.150000e-01 2.400000e-01 8.830000e-01
         vertex 7.150000e-01 2.398481e-01 8.847365e-01
         vertex 7.150000e-01 2.393969e-01 8.864202e-01
      endloop
   endfacet
   facet normal 1.000000e+00 -0.000000e+00 0.000000e+00
      outer loop
         vertex 7.150000e-01 1.167712e-01 8.186889e-01
         vertex 7.150000e-01 1.251828e-01 7.823004e-01
         vertex 7.150000e-01 2.400000e-01 8.830000e-01
      endloop
   endfacet
   facet normal 1.000000e+00 0.000000e+00 0.000000e+00
      outer loop
         vertex 7.150000e-01 2.400000e-01 8.830000e-01
         vertex 7.150000e-01 1.251828e-01 7.823004e-01
         vertex 7.150000e-01 1.368617e-01 7.468253e-01
      endloop
   endfacet
   facet normal 1.000000e+00 0.000000e+00 0.000000e+00
      outer loop
         vertex 7.150000e-01 2.400000e-01 8.830000e-01
         vertex 7.150000e-01 1.368617e-01 7.468253e-01
         vertex 7.150000e-01 1.517116e-01 7.125564e-01
      endloop
   endfacet
   facet normal 1.000000e+00 -0.000000e+00 0.000000e+00
      outer loop
         vertex 7.150000e-01 1.696098e-01 6.797764e-01
         vertex 7.150000e-01 1.904088e-01 6.487558e-01
         vertex 7.150000e-01 2.400000e-01 8.830000e-01
      endloop
   endfacet
   facet normal 1.000000e+00 0.000000e+00 0.000000e+00
      outer loop
         vertex 7.150000e-01 2.400000e-01 8.830000e-01
         vertex 7.150000e-01 1.904088e-01 6.487558e-01
         vertex 7.150000e-01 2.139369e-01 6.197506e-01
      endloop
   endfacet
   facet normal 1.000000e+00 0.000000e+00 0.000000e+00
      outer loop
         vertex 7.150000e-01 2.400000e-01 8.830000e-01
         vertex 7.150000e-01 2.139369e-01 6.197506e-01
         vertex 7.150000e-01 2.400000e-01 5.930000e-01
      endloop
   endfacet
   facet normal 1.000000e+00 0.000000e+00 0.000000e+00
      outer loop
         vertex 7.150000e-01 2.393969e-01 8.864202e-01
         vertex 7.150000e-01 2.386603e-01 8.880000e-01
         vertex 7.150000e-01 2.400000e-01 8.830000e-01
      endloop
   endfacet
   facet normal 1.000000e+00 0.000000e+00 0.000000e+00
      outer loop
         vertex 7.150000e-01 2.400000e-01 8.830000e-01
         vertex 7.150000e-01 2.386603e-01 8.880000e-01
         vertex 7.150000e-01 2.376604e-01 8.894279e-01
      endloop
   endfacet
   facet normal 1.000000e+00 0.000000e+00 0.000000e+00
      outer loop
         vertex 7.150000e-01 2.400000e-01 8.830000e-01
         vertex 7.150000e-01 2.376604e-01 8.894279e-01
         vertex 7.150000e-01 2.364279e-01 8.906605e-01
      endloop
   endfacet
   facet normal 1.000000e+00 0.000000e+00 0.000000e+00
      outer loop
         vertex 7.150000e-01 2.364279e-01 8.906605e-01
         vertex 7.150000e-01 2.350000e-01 8.916603e-01
         vertex 7.150000e-01 2.400000e-01 8.830000e-01
      endloop
   endfacet
   facet normal 1.000000e+00 0.000000e+00 0.000000e+00
      outer loop
         vertex 7.150000e-01 2.400000e-01 8.830000e-01
         vertex 7.150000e-01 2.350000e-01 8.916603e-01
         vertex 7.150000e-01 2.334202e-01 8.923969e-01
      endloop
   endfacet
   facet normal 1.000000e+00 0.000000e+00 0.000000e+00
      outer loop
         vertex 7.150000e-01 2.400000e-01 8.830000e-01
         vertex 7.150000e-01 2.334202e-01 8.923969e-01
         vertex 7.150000e-01 2.317365e-01 8.928481e-01
      endloop
   endfacet
   facet normal 0.000000e+00 9.813223e-01 -1.923708e-01
      outer loop
         vertex 2.850000e-01 9.143717e-02 8.524331e-01
         vertex 2.800000e-01 9.143717e-02 8.524331e-01
         vertex 0.000000e+00 9.384593e-02 8.647207e-01
      endloop
   endfacet
   facet normal 1.412700e-03 9.774512e-01 -2.111569e-01
      outer loop
         vertex 5.400000e-01 9.042114e-02 8.477299e-01
         vertex 5.400000e-01 9.143717e-02 8.524331e-01
         vertex 7.100000e-01 9.384593e-02 8.647207e-01
      endloop
   endfacet
   facet normal 0.000000e+00 9.813223e-01 -1.923708e-01
      outer loop
         vertex 7.100000e-01 9.384593e-02 8.647207e-01
         vertex 5.400000e-01 9.143717e-02 8.524331e-01
         vertex 5.350000e-01 9.143717e-02 8.524331e-01
      endloop
   endfacet
   facet normal -2.381112e-04 9.802841e-01 -1.975932e-01
      outer loop
         vertex 0.000000e+00 9.384593e-02 8.647207e-01
         vertex 2.800000e-01 9.143717e-02 8.524331e-01
         vertex 0.000000e+00 9.042114e-02 8.477299e-01
      endloop
   endfacet
   facet normal 0.000000e+00 9.774521e-01 -2.111571e-01
      outer loop
         vertex 5.350000e-01 9.143717e-02 8.524331e-01
         vertex 5.350000e-01 9.042114e-02 8.477299e-01
         vertex 2.850000e-01 9.042114e-02 8.477299e-01
      endloop
   endfacet
   facet normal 0.000000e+00 9.832140e-01 -1.824561e-01
      outer loop
         vertex 2.850000e-01 9.042114e-02 8.477299e-01
         vertex 5.350000e-01 9.042114e-02 8.477299e-01
         vertex 5.350000e-01 8.548357e-02 8.211225e-01
      endloop
   endfacet
   facet normal 0.000000e+00 9.832140e-01 -1.824561e-01
      outer loop
         vertex 2.850000e-01 9.042114e-02 8.477299e-01
         vertex 5.350000e-01 8.548357e-02 8.211225e-01
         vertex 2.850000e-01 8.548357e-02 8.211225e-01
      endloop
   endfacet
   facet normal 0.000000e+00 9.946412e-01 -1.033872e-01
      outer loop
         vertex 2.850000e-01 8.548357e-02 8.211225e-01
         vertex 5.350000e-01 8.548357e-02 8.211225e-01
         vertex 5.350000e-01 8.281558e-02 7.954550e-01
      endloop
   endfacet
   facet normal 0.000000e+00 9.946412e-01 -1.033872e-01
      outer loop
         vertex 2.850000e-01 8.548357e-02 8.211225e-01
         vertex 5.350000e-01 8.281558e-02 7.954550e-01
         vertex 2.850000e-01 8.281558e-02 7.954550e-01
      endloop
   endfacet
   facet normal 0.000000e+00 9.998086e-01 -1.956213e-02
      outer loop
         vertex 2.850000e-01 8.281558e-02 7.954550e-01
         vertex 5.350000e-01 8.281558e-02 7.954550e-01
         vertex 5.350000e-01 8.217081e-02 7.625010e-01
      endloop
   endfacet
   facet normal 0.000000e+00 9.998086e-01 -1.956213e-02
      outer loop
         vertex 2.850000e-01 8.281558e-02 7.954550e-01
         vertex 5.350000e-01 8.217081e-02 7.625010e-01
         vertex 2.850000e-01 8.217081e-02 7.625010e-01
      endloop
   endfacet
   facet normal -0.000000e+00 9.984383e-01 5.586475e-02
      outer loop
         vertex 2.850000e-01 8.217081e-02 7.625010e-01
         vertex 5.350000e-01 8.217081e-02 7.625010e-01
         vertex 5.350000e-01 8.396825e-02 7.303763e-01
      endloop
   endfacet
   facet normal 0.000000e+00 9.984383e-01 5.586475e-02
      outer loop
         vertex 2.850000e-01 8.217081e-02 7.625010e-01
         vertex 5.350000e-01 8.396825e-02 7.303763e-01
         vertex 2.850000e-01 8.396825e-02 7.303763e-01
      endloop
   endfacet
   facet normal -0.000000e+00 9.912834e-01 1.317466e-01
      outer loop
         vertex 2.850000e-01 8.396825e-02 7.303763e-01
         vertex 5.350000e-01 8.396825e-02 7.303763e-01
         vertex 5.350000e-01 8.818913e-02 6.986178e-01
      endloop
   endfacet
   facet normal 0.000000e+00 9.912834e-01 1.317466e-01
      outer loop
         vertex 2.850000e-01 8.396825e-02 7.303763e-01
         vertex 5.350000e-01 8.818913e-02 6.986178e-01
         vertex 2.850000e-01 8.818913e-02 6.986178e-01
      endloop
   endfacet
   facet normal -0.000000e+00 9.812630e-01 1.926732e-01
      outer loop
         vertex 2.850000e-01 8.818913e-02 6.986178e-01
         vertex 5.350000e-01 8.818913e-02 6.986178e-01
         vertex 5.350000e-01 9.076482e-02 6.855000e-01
      endloop
   endfacet
   facet normal 0.000000e+00 9.812630e-01 1.926732e-01
      outer loop
         vertex 2.850000e-01 8.818913e-02 6.986178e-01
         vertex 5.350000e-01 9.076482e-02 6.855000e-01
         vertex 2.850000e-01 9.076482e-02 6.855000e-01
      endloop
   endfacet
   facet normal 0.000000e+00 9.802841e-01 -1.975932e-01
      outer loop
         vertex 7.100000e-01 9.384593e-02 8.647207e-01
         vertex 7.100000e-01 9.042114e-02 8.477299e-01
         vertex 5.400000e-01 9.042114e-02 8.477299e-01
      endloop
   endfacet
   facet normal 0.000000e+00 9.832140e-01 -1.824561e-01
      outer loop
         vertex 5.400000e-01 9.042114e-02 8.477299e-01
         vertex 7.100000e-01 9.042114e-02 8.477299e-01
         vertex 7.100000e-01 8.548357e-02 8.211225e-01
      endloop
   endfacet
   facet normal 0.000000e+00 9.832140e-01 -1.824561e-01
      outer loop
         vertex 5.400000e-01 9.042114e-02 8.477299e-01
         vertex 7.100000e-01 8.548357e-02 8.211225e-01
         vertex 5.400000e-01 8.548357e-02 8.211225e-01
      endloop
   endfacet
   facet normal 0.000000e+00 9.946412e-01 -1.033872e-01
      outer loop
         vertex 5.400000e-01 8.548357e-02 8.211225e-01
         vertex 7.100000e-01 8.548357e-02 8.211225e-01
         vertex 7.100000e-01 8.281558e-02 7.954550e-01
      endloop
   endfacet
   facet normal 0.000000e+00 9.946412e-01 -1.033872e-01
      outer loop
         vertex 5.400000e-01 8.548357e-02 8.211225e-01
         vertex 7.100000e-01 8.281558e-02 7.954550e-01
         vertex 5.400000e-01 8.281558e-02 7.954550e-01
      endloop
   endfacet
   facet normal 0.000000e+00 9.998086e-01 -1.956213e-02
      outer loop
         vertex 5.400000e-01 8.281558e-02 7.954550e-01
         vertex 7.100000e-01 8.281558e-02 7.954550e-01
         vertex 7.100000e-01 8.217081e-02 7.625010e-01
      endloop
   endfacet
   facet normal 0.000000e+00 9.998086e-01 -1.956213e-02
      outer loop
         vertex 5.400000e-01 8.281558e-02 7.954550e-01
         vertex 7.100000e-01 8.217081e-02 7.625010e-01
         vertex 5.400000e-01 8.217081e-02 7.625010e-01
      endloop
   endfacet
   facet normal -0.000000e+00 9.984383e-01 5.586475e-02
      outer loop
         vertex 5.400000e-01 8.217081e-02 7.625010e-01
         vertex 7.100000e-01 8.217081e-02 7.625010e-01
         vertex 7.100000e-01 8.396825e-02 7.303763e-01
      endloop
   endfacet
   facet normal 0.000000e+00 9.984383e-01 5.586475e-02
      outer loop
         vertex 5.400000e-01 8.217081e-02 7.625010e-01
         vertex 7.100000e-01 8.396825e-02 7.303763e-01
         vertex 5.400000e-01 8.396825e-02 7.303763e-01
      endloop
   endfacet
   facet normal -0.000000e+00 9.912834e-01 1.317466e-01
      outer loop
         vertex 5.400000e-01 8.396825e-02 7.303763e-01
         vertex 7.100000e-01 8.396825e-02 7.303763e-01
         vertex 7.100000e-01 8.818913e-02 6.986178e-01
      endloop
   endfacet
   facet normal 0.000000e+00 9.912834e-01 1.317466e-01
      outer loop
         vertex 5.400000e-01 8.396825e-02 7.303763e-01
         vertex 7.100000e-01 8.818913e-02 6.986178e-01
         vertex 5.400000e-01 8.818913e-02 6.986178e-01
      endloop
   endfacet
   facet normal -0.000000e+00 9.812630e-01 1.926732e-01
      outer loop
         vertex 5.400000e-01 8.818913e-02 6.986178e-01
         vertex 7.100000e-01 8.818913e-02 6.986178e-01
         vertex 7.100000e-01 9.076482e-02 6.855000e-01
      endloop
   endfacet
   facet normal 0.000000e+00 9.812630e-01 1.926732e-01
      outer loop
         vertex 5.400000e-01 8.818913e-02 6.986178e-01
         vertex 7.100000e-01 9.076482e-02 6.855000e-01
         vertex 5.400000e-01 9.076482e-02 6.855000e-01
      endloop
   endfacet
   facet normal 0.000000e+00 9.774521e-01 -2.111571e-01
      outer loop
         vertex 2.800000e-01 9.143717e-02 8.524331e-01
         vertex 2.800000e-01 9.042114e-02 8.477299e-01
         vertex 0.000000e+00 9.042114e-02 8.477299e-01
      endloop
   endfacet
   facet normal 0.000000e+00 9.832140e-01 -1.824561e-01
      outer loop
         vertex 0.000000e+00 9.042114e-02 8.477299e-01
         vertex 2.800000e-01 9.042114e-02 8.477299e-01
         vertex 2.800000e-01 8.548357e-02 8.211225e-01
      endloop
   endfacet
   facet normal 0.000000e+00 9.832140e-01 -1.824561e-01
      outer loop
         vertex 0.000000e+00 9.042114e-02 8.477299e-01
         vertex 2.800000e-01 8.548357e-02 8.211225e-01
         vertex 0.000000e+00 8.548357e-02 8.211225e-01
      endloop
   endfacet
   facet normal 0.000000e+00 9.946412e-01 -1.033872e-01
      outer loop
         vertex 0.000000e+00 8.548357e-02 8.211225e-01
         vertex 2.800000e-01 8.548357e-02 8.211225e-01
         vertex 2.800000e-01 8.281558e-02 7.954550e-01
      endloop
   endfacet
   facet normal 0.000000e+00 9.946412e-01 -1.033872e-01
      outer loop
         vertex 0.000000e+00 8.548357e-02 8.211225e-01
         vertex 2.800000e-01 8.281558e-02 7.954550e-01
         vertex 0.000000e+00 8.281558e-02 7.954550e-01
      endloop
   endfacet
   facet normal 0.000000e+00 9.998086e-01 -1.956213e-02
      outer loop
         vertex 0.000000e+00 8.281558e-02 7.954550e-01
         vertex 2.800000e-01 8.281558e-02 7.954550e-01
         vertex 2.800000e-01 8.217081e-02 7.625010e-01
      endloop
   endfacet
   facet normal 0.000000e+00 9.998086e-01 -1.956213e-02
      outer loop
         vertex 0.000000e+00 8.281558e-02 7.954550e-01
         vertex 2.800000e-01 8.217081e-02 7.625010e-01
         vertex 2.220446e-16 8.217081e-02 7.625010e-01
      endloop
   endfacet
   facet normal -0.000000e+00 9.984383e-01 5.586475e-02
      outer loop
         vertex 2.220446e-16 8.217081e-02 7.625010e-01
         vertex 2.800000e-01 8.217081e-02 7.625010e-01
         vertex 2.800000e-01 8.396825e-02 7.303763e-01
      endloop
   endfacet
   facet normal 0.000000e+00 9.984383e-01 5.586475e-02
      outer loop
         vertex 2.220446e-16 8.217081e-02 7.625010e-01
         vertex 2.800000e-01 8.396825e-02 7.303763e-01
         vertex 0.000000e+00 8.396825e-02 7.303763e-01
      endloop
   endfacet
   facet normal -0.000000e+00 9.912834e-01 1.317466e-01
      outer loop
         vertex 0.000000e+00 8.396825e-02 7.303763e-01
         vertex 2.800000e-01 8.396825e-02 7.303763e-01
         vertex 2.800000e-01 8.818913e-02 6.986178e-01
      endloop
   endfacet
   facet normal 0.000000e+00 9.912834e-01 1.317466e-01
      outer loop
         vertex 0.000000e+00 8.396825e-02 7.303763e-01
         vertex 2.800000e-01 8.818913e-02 6.986178e-01
         vertex 0.000000e+00 8.818913e-02 6.986178e-01
      endloop
   endfacet
   facet normal -0.000000e+00 9.812630e-01 1.926732e-01
      outer loop
         vertex 0.000000e+00 8.818913e-02 6.986178e-01
         vertex 2.800000e-01 8.818913e-02 6.986178e-01
         vertex 2.800000e-01 9.076482e-02 6.855000e-01
      endloop
   endfacet
   facet normal 0.000000e+00 9.812630e-01 1.926732e-01
      outer loop
         vertex 0.000000e+00 8.818913e-02 6.986178e-01
         vertex 2.800000e-01 9.076482e-02 6.855000e-01
         vertex 0.000000e+00 9.076482e-02 6.855000e-01
      endloop
   endfacet
   facet normal 0.000000e+00 9.774521e-01 -2.111571e-01
      outer loop
         vertex 2.850000e-01 9.042114e-02 8.477299e-01
         vertex 2.850000e-01 9.143717e-02 8.524331e-01
         vertex 5.350000e-01 9.143717e-02 8.524331e-01
      endloop
   endfacet
   facet normal 0.000000e+00 9.813223e-01 -1.923708e-01
      outer loop
         vertex 5.350000e-01 9.143717e-02 8.524331e-01
         vertex 2.850000e-01 9.143717e-02 8.524331e-01
         vertex 0.000000e+00 9.384593e-02 8.647207e-01
      endloop
   endfacet
   facet normal 0.000000e+00 9.813223e-01 -1.923708e-01
      outer loop
         vertex 5.350000e-01 9.143717e-02 8.524331e-01
         vertex 0.000000e+00 9.384593e-02 8.647207e-01
         vertex 7.100000e-01 9.384593e-02 8.647207e-01
      endloop
   endfacet
   facet normal 0.000000e+00 9.876231e-01 -1.568460e-01
      outer loop
         vertex 7.100000e-01 9.384593e-02 8.647207e-01
         vertex 0.000000e+00 9.384593e-02 8.647207e-01
         vertex 2.220446e-16 9.396995e-02 8.655016e-01
      endloop
   endfacet
   facet normal 0.000000e+00 9.876231e-01 -1.568460e-01
      outer loop
         vertex 7.100000e-01 9.384593e-02 8.647207e-01
         vertex 2.220446e-16 9.396995e-02 8.655016e-01
         vertex 7.100000e-01 9.396995e-02 8.655016e-01
      endloop
   endfacet
   facet normal 0.000000e+00 9.929346e-01 -1.186633e-01
      outer loop
         vertex 7.100000e-01 9.396995e-02 8.655016e-01
         vertex 2.220446e-16 9.396995e-02 8.655016e-01
         vertex 0.000000e+00 9.476092e-02 8.721202e-01
      endloop
   endfacet
   facet normal 0.000000e+00 9.929346e-01 -1.186633e-01
      outer loop
         vertex 7.100000e-01 9.396995e-02 8.655016e-01
         vertex 0.000000e+00 9.476092e-02 8.721202e-01
         vertex 7.100000e-01 9.476092e-02 8.721202e-01
      endloop
   endfacet
   facet normal 0.000000e+00 9.997511e-01 -2.231209e-02
      outer loop
         vertex 7.100000e-01 9.476092e-02 8.721202e-01
         vertex 0.000000e+00 9.476092e-02 8.721202e-01
         vertex 0.000000e+00 9.486295e-02 8.766922e-01
      endloop
   endfacet
   facet normal 0.000000e+00 9.997511e-01 -2.231209e-02
      outer loop
         vertex 7.100000e-01 9.476092e-02 8.721202e-01
         vertex 0.000000e+00 9.486295e-02 8.766922e-01
         vertex 7.100000e-01 9.486295e-02 8.766922e-01
      endloop
   endfacet
   facet normal 0.000000e+00 9.951688e-01 9.817862e-02
      outer loop
         vertex 7.100000e-01 9.486295e-02 8.766922e-01
         vertex 0.000000e+00 9.486295e-02 8.766922e-01
         vertex 0.000000e+00 9.459589e-02 8.793992e-01
      endloop
   endfacet
   facet normal 0.000000e+00 9.951688e-01 9.817862e-02
      outer loop
         vertex 7.100000e-01 9.486295e-02 8.766922e-01
         vertex 0.000000e+00 9.459589e-02 8.793992e-01
         vertex 7.100000e-01 9.459589e-02 8.793992e-01
      endloop
   endfacet
   facet normal 0.000000e+00 9.731440e-01 2.301973e-01
      outer loop
         vertex 7.100000e-01 9.459589e-02 8.793992e-01
         vertex 0.000000e+00 9.459589e-02 8.793992e-01
         vertex 0.000000e+00 9.430996e-02 8.806080e-01
      endloop
   endfacet
   facet normal 0.000000e+00 9.731440e-01 2.301973e-01
      outer loop
         vertex 7.100000e-01 9.459589e-02 8.793992e-01
         vertex 0.000000e+00 9.430996e-02 8.806080e-01
         vertex 7.100000e-01 9.430996e-02 8.806080e-01
      endloop
   endfacet
   facet normal 0.000000e+00 9.395181e-01 3.424991e-01
      outer loop
         vertex 7.100000e-01 9.430996e-02 8.806080e-01
         vertex 0.000000e+00 9.430996e-02 8.806080e-01
         vertex 0.000000e+00 9.397371e-02 8.815303e-01
      endloop
   endfacet
   facet normal 0.000000e+00 9.395181e-01 3.424991e-01
      outer loop
         vertex 7.100000e-01 9.430996e-02 8.806080e-01
         vertex 0.000000e+00 9.397371e-02 8.815303e-01
         vertex 7.100000e-01 9.397371e-02 8.815303e-01
      endloop
   endfacet
   facet normal 0.000000e+00 8.871353e-01 4.615094e-01
      outer loop
         vertex 7.100000e-01 9.397371e-02 8.815303e-01
         vertex 0.000000e+00 9.397371e-02 8.815303e-01
         vertex 0.000000e+00 9.371173e-02 8.820339e-01
      endloop
   endfacet
   facet normal 0.000000e+00 8.871353e-01 4.615094e-01
      outer loop
         vertex 7.100000e-01 9.397371e-02 8.815303e-01
         vertex 0.000000e+00 9.371173e-02 8.820339e-01
         vertex 7.100000e-01 9.371173e-02 8.820339e-01
      endloop
   endfacet
   facet normal 0.000000e+00 8.110963e-01 5.849127e-01
      outer loop
         vertex 7.100000e-01 9.371173e-02 8.820339e-01
         vertex 0.000000e+00 9.371173e-02 8.820339e-01
         vertex 0.000000e+00 9.349690e-02 8.823318e-01
      endloop
   endfacet
   facet normal 0.000000e+00 8.110963e-01 5.849127e-01
      outer loop
         vertex 7.100000e-01 9.371173e-02 8.820339e-01
         vertex 0.000000e+00 9.349690e-02 8.823318e-01
         vertex 7.100000e-01 9.349690e-02 8.823318e-01
      endloop
   endfacet
   facet normal 0.000000e+00 7.300308e-01 6.834143e-01
      outer loop
         vertex 7.100000e-01 9.349690e-02 8.823318e-01
         vertex 0.000000e+00 9.349690e-02 8.823318e-01
         vertex 0.000000e+00 9.335282e-02 8.824857e-01
      endloop
   endfacet
   facet normal 0.000000e+00 7.300308e-01 6.834143e-01
      outer loop
         vertex 7.100000e-01 9.349690e-02 8.823318e-01
         vertex 0.000000e+00 9.335282e-02 8.824857e-01
         vertex 7.100000e-01 9.335282e-02 8.824857e-01
      endloop
   endfacet
   facet normal 0.000000e+00 6.090601e-01 7.931240e-01
      outer loop
         vertex 7.100000e-01 9.335282e-02 8.824857e-01
         vertex 0.000000e+00 9.335282e-02 8.824857e-01
         vertex 0.000000e+00 9.321847e-02 8.825889e-01
      endloop
   endfacet
   facet normal 0.000000e+00 6.090601e-01 7.931240e-01
      outer loop
         vertex 7.100000e-01 9.335282e-02 8.824857e-01
         vertex 0.000000e+00 9.321847e-02 8.825889e-01
         vertex 7.100000e-01 9.321847e-02 8.825889e-01
      endloop
   endfacet
   facet normal 0.000000e+00 4.768787e-01 8.789691e-01
      outer loop
         vertex 7.100000e-01 9.321847e-02 8.825889e-01
         vertex 0.000000e+00 9.321847e-02 8.825889e-01
         vertex 0.000000e+00 9.298721e-02 8.827144e-01
      endloop
   endfacet
   facet normal 0.000000e+00 4.768787e-01 8.789691e-01
      outer loop
         vertex 7.100000e-01 9.321847e-02 8.825889e-01
         vertex 0.000000e+00 9.298721e-02 8.827144e-01
         vertex 7.100000e-01 9.298721e-02 8.827144e-01
      endloop
   endfacet
   facet normal 0.000000e+00 3.259787e-01 9.453771e-01
      outer loop
         vertex 7.100000e-01 9.298721e-02 8.827144e-01
         vertex 0.000000e+00 9.298721e-02 8.827144e-01
         vertex 0.000000e+00 9.251668e-02 8.828766e-01
      endloop
   endfacet
   facet normal 0.000000e+00 3.259787e-01 9.453771e-01
      outer loop
         vertex 7.100000e-01 9.298721e-02 8.827144e-01
         vertex 0.000000e+00 9.251668e-02 8.828766e-01
         vertex 7.100000e-01 9.251668e-02 8.828766e-01
      endloop
   endfacet
   facet normal 0.000000e+00 1.601997e-01 9.870846e-01
      outer loop
         vertex 7.100000e-01 9.251668e-02 8.828766e-01
         vertex 0.000000e+00 9.251668e-02 8.828766e-01
         vertex 0.000000e+00 9.187178e-02 8.829813e-01
      endloop
   endfacet
   facet normal 0.000000e+00 1.601997e-01 9.870846e-01
      outer loop
         vertex 7.100000e-01 9.251668e-02 8.828766e-01
         vertex 0.000000e+00 9.187178e-02 8.829813e-01
         vertex 7.100000e-01 9.187178e-02 8.829813e-01
      endloop
   endfacet
   facet normal 0.000000e+00 5.610313e-03 9.999843e-01
      outer loop
         vertex 7.100000e-01 9.187178e-02 8.829813e-01
         vertex 0.000000e+00 9.187178e-02 8.829813e-01
         vertex 0.000000e+00 9.104311e-02 8.829859e-01
      endloop
   endfacet
   facet normal 0.000000e+00 5.610313e-03 9.999843e-01
      outer loop
         vertex 7.100000e-01 9.187178e-02 8.829813e-01
         vertex 0.000000e+00 9.104311e-02 8.829859e-01
         vertex 7.100000e-01 9.104311e-02 8.829859e-01
      endloop
   endfacet
   facet normal 0.000000e+00 -1.532182e-01 9.881924e-01
      outer loop
         vertex 7.100000e-01 9.104311e-02 8.829859e-01
         vertex 0.000000e+00 9.104311e-02 8.829859e-01
         vertex 0.000000e+00 8.986715e-02 8.828036e-01
      endloop
   endfacet
   facet normal 0.000000e+00 -1.532182e-01 9.881924e-01
      outer loop
         vertex 7.100000e-01 9.104311e-02 8.829859e-01
         vertex 0.000000e+00 8.986715e-02 8.828036e-01
         vertex 7.100000e-01 8.986715e-02 8.828036e-01
      endloop
   endfacet
   facet normal 0.000000e+00 -3.046504e-01 9.524642e-01
      outer loop
         vertex 7.100000e-01 8.986715e-02 8.828036e-01
         vertex 0.000000e+00 8.986715e-02 8.828036e-01
         vertex 0.000000e+00 8.825598e-02 8.822883e-01
      endloop
   endfacet
   facet normal 0.000000e+00 -3.046504e-01 9.524642e-01
      outer loop
         vertex 7.100000e-01 8.986715e-02 8.828036e-01
         vertex 0.000000e+00 8.825598e-02 8.822883e-01
         vertex 7.100000e-01 8.825598e-02 8.822883e-01
      endloop
   endfacet
   facet normal 0.000000e+00 -4.524038e-01 8.918132e-01
      outer loop
         vertex 7.100000e-01 8.825598e-02 8.822883e-01
         vertex 0.000000e+00 8.825598e-02 8.822883e-01
         vertex 0.000000e+00 8.615948e-02 8.812248e-01
      endloop
   endfacet
   facet normal 0.000000e+00 -4.524038e-01 8.918132e-01
      outer loop
         vertex 7.100000e-01 8.825598e-02 8.822883e-01
         vertex 0.000000e+00 8.615948e-02 8.812248e-01
         vertex 7.100000e-01 8.615948e-02 8.812248e-01
      endloop
   endfacet
   facet normal 0.000000e+00 -5.881486e-01 8.087529e-01
      outer loop
         vertex 7.100000e-01 8.615948e-02 8.812248e-01
         vertex 0.000000e+00 8.615948e-02 8.812248e-01
         vertex 0.000000e+00 8.343385e-02 8.792426e-01
      endloop
   endfacet
   facet normal 0.000000e+00 -5.881486e-01 8.087529e-01
      outer loop
         vertex 7.100000e-01 8.615948e-02 8.812248e-01
         vertex 0.000000e+00 8.343385e-02 8.792426e-01
         vertex 7.100000e-01 8.343385e-02 8.792426e-01
      endloop
   endfacet
   facet normal 0.000000e+00 -7.076104e-01 7.066028e-01
      outer loop
         vertex 7.100000e-01 8.343385e-02 8.792426e-01
         vertex 0.000000e+00 8.343385e-02 8.792426e-01
         vertex 0.000000e+00 7.987076e-02 8.756744e-01
      endloop
   endfacet
   facet normal 0.000000e+00 -7.076104e-01 7.066028e-01
      outer loop
         vertex 7.100000e-01 8.343385e-02 8.792426e-01
         vertex 0.000000e+00 7.987076e-02 8.756744e-01
         vertex 7.100000e-01 7.987076e-02 8.756744e-01
      endloop
   endfacet
   facet normal 0.000000e+00 -8.088676e-01 5.879908e-01
      outer loop
         vertex 7.100000e-01 7.987076e-02 8.756744e-01
         vertex 0.000000e+00 7.987076e-02 8.756744e-01
         vertex 0.000000e+00 7.534714e-02 8.694515e-01
      endloop
   endfacet
   facet normal 0.000000e+00 -8.088676e-01 5.879908e-01
      outer loop
         vertex 7.100000e-01 7.987076e-02 8.756744e-01
         vertex 0.000000e+00 7.534714e-02 8.694515e-01
         vertex 7.100000e-01 7.534714e-02 8.694515e-01
      endloop
   endfacet
   facet normal 0.000000e+00 -8.901719e-01 4.556249e-01
      outer loop
         vertex 7.100000e-01 7.534714e-02 8.694515e-01
         vertex 0.000000e+00 7.534714e-02 8.694515e-01
         vertex 0.000000e+00 6.991544e-02 8.588394e-01
      endloop
   endfacet
   facet normal 0.000000e+00 -8.901719e-01 4.556249e-01
      outer loop
         vertex 7.100000e-01 7.534714e-02 8.694515e-01
         vertex 0.000000e+00 6.991544e-02 8.588394e-01
         vertex 7.100000e-01 6.991544e-02 8.588394e-01
      endloop
   endfacet
   facet normal 0.000000e+00 -9.471540e-01 3.207793e-01
      outer loop
         vertex 7.100000e-01 6.991544e-02 8.588394e-01
         vertex 0.000000e+00 6.991544e-02 8.588394e-01
         vertex 0.000000e+00 6.481227e-02 8.437715e-01
      endloop
   endfacet
   facet normal 0.000000e+00 -9.471540e-01 3.207793e-01
      outer loop
         vertex 7.100000e-01 6.991544e-02 8.588394e-01
         vertex 0.000000e+00 6.481227e-02 8.437715e-01
         vertex 7.100000e-01 6.481227e-02 8.437715e-01
      endloop
   endfacet
   facet normal 0.000000e+00 -9.798182e-01 1.998908e-01
      outer loop
         vertex 7.100000e-01 6.481227e-02 8.437715e-01
         vertex 0.000000e+00 6.481227e-02 8.437715e-01
         vertex 0.000000e+00 6.155535e-02 8.278068e-01
      endloop
   endfacet
   facet normal 0.000000e+00 -9.798182e-01 1.998908e-01
      outer loop
         vertex 7.100000e-01 6.481227e-02 8.437715e-01
         vertex 0.000000e+00 6.155535e-02 8.278068e-01
         vertex 7.100000e-01 6.155535e-02 8.278068e-01
      endloop
   endfacet
   facet normal 0.000000e+00 -9.966489e-01 8.179778e-02
      outer loop
         vertex 7.100000e-01 6.155535e-02 8.278068e-01
         vertex 0.000000e+00 6.155535e-02 8.278068e-01
         vertex 0.000000e+00 6.003470e-02 8.092787e-01
      endloop
   endfacet
   facet normal 0.000000e+00 -9.966489e-01 8.179778e-02
      outer loop
         vertex 7.100000e-01 6.155535e-02 8.278068e-01
         vertex 0.000000e+00 6.003470e-02 8.092787e-01
         vertex 7.100000e-01 6.003470e-02 8.092787e-01
      endloop
   endfacet
   facet normal -0.000000e+00 -9.992460e-01 -3.882512e-02
      outer loop
         vertex 7.100000e-01 6.003470e-02 8.092787e-01
         vertex 0.000000e+00 6.003470e-02 8.092787e-01
         vertex 0.000000e+00 6.078038e-02 7.900870e-01
      endloop
   endfacet
   facet normal 0.000000e+00 -9.992460e-01 -3.882512e-02
      outer loop
         vertex 7.100000e-01 6.003470e-02 8.092787e-01
         vertex 0.000000e+00 6.078038e-02 7.900870e-01
         vertex 7.100000e-01 6.078038e-02 7.900870e-01
      endloop
   endfacet
   facet normal -0.000000e+00 -9.890588e-01 -1.475218e-01
      outer loop
         vertex 7.100000e-01 6.078038e-02 7.900870e-01
         vertex 0.000000e+00 6.078038e-02 7.900870e-01
         vertex 0.000000e+00 6.372641e-02 7.703354e-01
      endloop
   endfacet
   facet normal 0.000000e+00 -9.890588e-01 -1.475218e-01
      outer loop
         vertex 7.100000e-01 6.078038e-02 7.900870e-01
         vertex 0.000000e+00 6.372641e-02 7.703354e-01
         vertex 7.100000e-01 6.372641e-02 7.703354e-01
      endloop
   endfacet
   facet normal -0.000000e+00 -9.739402e-01 -2.268048e-01
      outer loop
         vertex 7.100000e-01 6.372641e-02 7.703354e-01
         vertex 0.000000e+00 6.372641e-02 7.703354e-01
         vertex 0.000000e+00 7.056201e-02 7.409821e-01
      endloop
   endfacet
   facet normal 0.000000e+00 -9.739402e-01 -2.268048e-01
      outer loop
         vertex 7.100000e-01 6.372641e-02 7.703354e-01
         vertex 0.000000e+00 7.056201e-02 7.409821e-01
         vertex 7.100000e-01 7.056201e-02 7.409821e-01
      endloop
   endfacet
   facet normal -0.000000e+00 -9.590604e-01 -2.832017e-01
      outer loop
         vertex 7.100000e-01 7.056201e-02 7.409821e-01
         vertex 0.000000e+00 7.056201e-02 7.409821e-01
         vertex 0.000000e+00 7.931883e-02 7.113272e-01
      endloop
   endfacet
   facet normal 0.000000e+00 -9.590604e-01 -2.832017e-01
      outer loop
         vertex 7.100000e-01 7.056201e-02 7.409821e-01
         vertex 0.000000e+00 7.931883e-02 7.113272e-01
         vertex 7.100000e-01 7.931883e-02 7.113272e-01
      endloop
   endfacet
   facet normal -0.000000e+00 -9.396395e-01 -3.421661e-01
      outer loop
         vertex 7.100000e-01 7.931883e-02 7.113272e-01
         vertex 0.000000e+00 7.931883e-02 7.113272e-01
         vertex 0.000000e+00 8.523378e-02 6.950839e-01
      endloop
   endfacet
   facet normal 0.000000e+00 -9.396395e-01 -3.421661e-01
      outer loop
         vertex 7.100000e-01 7.931883e-02 7.113272e-01
         vertex 0.000000e+00 8.523378e-02 6.950839e-01
         vertex 7.100000e-01 8.523378e-02 6.950839e-01
      endloop
   endfacet
   facet normal -0.000000e+00 -8.880685e-01 -4.597111e-01
      outer loop
         vertex 7.100000e-01 8.523378e-02 6.950839e-01
         vertex 0.000000e+00 8.523378e-02 6.950839e-01
         vertex 0.000000e+00 9.019487e-02 6.855000e-01
      endloop
   endfacet
   facet normal 0.000000e+00 -8.880685e-01 -4.597111e-01
      outer loop
         vertex 7.100000e-01 8.523378e-02 6.950839e-01
         vertex 0.000000e+00 9.019487e-02 6.855000e-01
         vertex 7.100000e-01 9.019487e-02 6.855000e-01
      endloop
   endfacet
   facet normal 0.000000e+00 7.390168e-01 6.736870e-01
      outer loop
         vertex 5.350000e-01 2.344023e-01 4.543807e-01
         vertex 2.850000e-01 2.344023e-01 4.543807e-01
         vertex 2.850000e-01 2.335106e-01 4.553589e-01
      endloop
   endfacet
   facet normal 0.000000e+00 7.390168e-01 6.736870e-01
      outer loop
         vertex 5.350000e-01 2.344023e-01 4.543807e-01
         vertex 2.850000e-01 2.335106e-01 4.553589e-01
         vertex 5.350000e-01 2.335106e-01 4.553589e-01
      endloop
   endfacet
   facet normal 0.000000e+00 7.629437e-01 6.464650e-01
      outer loop
         vertex 5.350000e-01 2.335106e-01 4.553589e-01
         vertex 2.850000e-01 2.335106e-01 4.553589e-01
         vertex 2.850000e-01 2.283695e-01 4.614262e-01
      endloop
   endfacet
   facet normal 0.000000e+00 7.629437e-01 6.464650e-01
      outer loop
         vertex 5.350000e-01 2.335106e-01 4.553589e-01
         vertex 2.850000e-01 2.283695e-01 4.614262e-01
         vertex 5.350000e-01 2.283695e-01 4.614262e-01
      endloop
   endfacet
   facet normal 0.000000e+00 8.028765e-01 5.961454e-01
      outer loop
         vertex 5.350000e-01 2.283695e-01 4.614262e-01
         vertex 2.850000e-01 2.283695e-01 4.614262e-01
         vertex 2.850000e-01 2.143965e-01 4.802448e-01
      endloop
   endfacet
   facet normal 0.000000e+00 8.028765e-01 5.961454e-01
      outer loop
         vertex 5.350000e-01 2.283695e-01 4.614262e-01
         vertex 2.850000e-01 2.143965e-01 4.802448e-01
         vertex 5.350000e-01 2.143965e-01 4.802448e-01
      endloop
   endfacet
   facet normal 0.000000e+00 8.549281e-01 5.187465e-01
      outer loop
         vertex 5.350000e-01 2.143965e-01 4.802448e-01
         vertex 2.850000e-01 2.143965e-01 4.802448e-01
         vertex 2.850000e-01 2.021044e-01 5.005029e-01
      endloop
   endfacet
   facet normal 0.000000e+00 8.549281e-01 5.187465e-01
      outer loop
         vertex 5.350000e-01 2.143965e-01 4.802448e-01
         vertex 2.850000e-01 2.021044e-01 5.005029e-01
         vertex 5.350000e-01 2.021044e-01 5.005029e-01
      endloop
   endfacet
   facet normal 0.000000e+00 8.984827e-01 4.390089e-01
      outer loop
         vertex 5.350000e-01 2.021044e-01 5.005029e-01
         vertex 2.850000e-01 2.021044e-01 5.005029e-01
         vertex 2.850000e-01 1.932352e-01 5.186548e-01
      endloop
   endfacet
   facet normal 0.000000e+00 8.984827e-01 4.390089e-01
      outer loop
         vertex 5.350000e-01 2.021044e-01 5.005029e-01
         vertex 2.850000e-01 1.932352e-01 5.186548e-01
         vertex 5.350000e-01 1.932352e-01 5.186548e-01
      endloop
   endfacet
   facet normal 0.000000e+00 9.404730e-01 3.398685e-01
      outer loop
         vertex 5.350000e-01 1.932352e-01 5.186548e-01
         vertex 2.850000e-01 1.932352e-01 5.186548e-01
         vertex 2.850000e-01 1.857246e-01 5.394378e-01
      endloop
   endfacet
   facet normal 0.000000e+00 9.404730e-01 3.398685e-01
      outer loop
         vertex 5.350000e-01 1.932352e-01 5.186548e-01
         vertex 2.850000e-01 1.857246e-01 5.394378e-01
         vertex 5.350000e-01 1.857246e-01 5.394378e-01
      endloop
   endfacet
   facet normal 0.000000e+00 9.464779e-01 3.227687e-01
      outer loop
         vertex 5.350000e-01 1.857246e-01 5.394378e-01
         vertex 2.850000e-01 1.857246e-01 5.394378e-01
         vertex 2.850000e-01 1.828216e-01 5.479505e-01
      endloop
   endfacet
   facet normal 0.000000e+00 9.464779e-01 3.227687e-01
      outer loop
         vertex 5.350000e-01 1.857246e-01 5.394378e-01
         vertex 2.850000e-01 1.828216e-01 5.479505e-01
         vertex 5.350000e-01 1.828216e-01 5.479505e-01
      endloop
   endfacet
   facet normal 0.000000e+00 9.155505e-01 4.022031e-01
      outer loop
         vertex 5.350000e-01 1.828216e-01 5.479505e-01
         vertex 2.850000e-01 1.828216e-01 5.479505e-01
         vertex 2.850000e-01 1.807845e-01 5.525877e-01
      endloop
   endfacet
   facet normal 0.000000e+00 9.155505e-01 4.022031e-01
      outer loop
         vertex 5.350000e-01 1.828216e-01 5.479505e-01
         vertex 2.850000e-01 1.807845e-01 5.525877e-01
         vertex 5.350000e-01 1.807845e-01 5.525877e-01
      endloop
   endfacet
   facet normal 0.000000e+00 8.596377e-01 5.109041e-01
      outer loop
         vertex 5.350000e-01 1.807845e-01 5.525877e-01
         vertex 2.850000e-01 1.807845e-01 5.525877e-01
         vertex 2.850000e-01 1.794827e-01 5.547780e-01
      endloop
   endfacet
   facet normal 0.000000e+00 8.596377e-01 5.109041e-01
      outer loop
         vertex 5.350000e-01 1.807845e-01 5.525877e-01
         vertex 2.850000e-01 1.794827e-01 5.547780e-01
         vertex 5.350000e-01 1.794827e-01 5.547780e-01
      endloop
   endfacet
   facet normal 0.000000e+00 7.861861e-01 6.179898e-01
      outer loop
         vertex 5.350000e-01 1.794827e-01 5.547780e-01
         vertex 2.850000e-01 1.794827e-01 5.547780e-01
         vertex 2.850000e-01 1.787334e-01 5.557314e-01
      endloop
   endfacet
   facet normal 0.000000e+00 7.861861e-01 6.179898e-01
      outer loop
         vertex 5.350000e-01 1.794827e-01 5.547780e-01
         vertex 2.850000e-01 1.787334e-01 5.557314e-01
         vertex 5.350000e-01 1.787334e-01 5.557314e-01
      endloop
   endfacet
   facet normal 0.000000e+00 6.918079e-01 7.220816e-01
      outer loop
         vertex 5.350000e-01 1.787334e-01 5.557314e-01
         vertex 2.850000e-01 1.787334e-01 5.557314e-01
         vertex 2.850000e-01 1.781317e-01 5.563079e-01
      endloop
   endfacet
   facet normal 0.000000e+00 6.918079e-01 7.220816e-01
      outer loop
         vertex 5.350000e-01 1.787334e-01 5.557314e-01
         vertex 2.850000e-01 1.781317e-01 5.563079e-01
         vertex 5.350000e-01 1.781317e-01 5.563079e-01
      endloop
   endfacet
   facet normal 0.000000e+00 5.958768e-01 8.030759e-01
      outer loop
         vertex 5.350000e-01 1.781317e-01 5.563079e-01
         vertex 2.850000e-01 1.781317e-01 5.563079e-01
         vertex 2.850000e-01 1.778478e-01 5.565184e-01
      endloop
   endfacet
   facet normal 0.000000e+00 5.958768e-01 8.030759e-01
      outer loop
         vertex 5.350000e-01 1.781317e-01 5.563079e-01
         vertex 2.850000e-01 1.778478e-01 5.565184e-01
         vertex 5.350000e-01 1.778478e-01 5.565184e-01
      endloop
   endfacet
   facet normal 0.000000e+00 5.061745e-01 8.624311e-01
      outer loop
         vertex 5.350000e-01 1.778478e-01 5.565184e-01
         vertex 2.850000e-01 1.778478e-01 5.565184e-01
         vertex 2.850000e-01 1.776087e-01 5.566588e-01
      endloop
   endfacet
   facet normal 0.000000e+00 5.061745e-01 8.624311e-01
      outer loop
         vertex 5.350000e-01 1.778478e-01 5.565184e-01
         vertex 2.850000e-01 1.776087e-01 5.566588e-01
         vertex 5.350000e-01 1.776087e-01 5.566588e-01
      endloop
   endfacet
   facet normal 0.000000e+00 3.713210e-01 9.285046e-01
      outer loop
         vertex 5.350000e-01 1.776087e-01 5.566588e-01
         vertex 2.850000e-01 1.776087e-01 5.566588e-01
         vertex 2.850000e-01 1.774033e-01 5.567409e-01
      endloop
   endfacet
   facet normal 0.000000e+00 3.713210e-01 9.285046e-01
      outer loop
         vertex 5.350000e-01 1.776087e-01 5.566588e-01
         vertex 2.850000e-01 1.774033e-01 5.567409e-01
         vertex 5.350000e-01 1.774033e-01 5.567409e-01
      endloop
   endfacet
   facet normal 0.000000e+00 2.295804e-01 9.732897e-01
      outer loop
         vertex 5.350000e-01 1.774033e-01 5.567409e-01
         vertex 2.850000e-01 1.774033e-01 5.567409e-01
         vertex 2.850000e-01 1.773017e-01 5.567649e-01
      endloop
   endfacet
   facet normal 0.000000e+00 2.295804e-01 9.732897e-01
      outer loop
         vertex 5.350000e-01 1.774033e-01 5.567409e-01
         vertex 2.850000e-01 1.773017e-01 5.567649e-01
         vertex 5.350000e-01 1.773017e-01 5.567649e-01
      endloop
   endfacet
   facet normal 0.000000e+00 6.687126e-02 9.977616e-01
      outer loop
         vertex 5.350000e-01 1.773017e-01 5.567649e-01
         vertex 2.850000e-01 1.773017e-01 5.567649e-01
         vertex 2.850000e-01 1.771897e-01 5.567724e-01
      endloop
   endfacet
   facet normal 0.000000e+00 6.687126e-02 9.977616e-01
      outer loop
         vertex 5.350000e-01 1.773017e-01 5.567649e-01
         vertex 2.850000e-01 1.771897e-01 5.567724e-01
         vertex 5.350000e-01 1.771897e-01 5.567724e-01
      endloop
   endfacet
   facet normal 0.000000e+00 -8.032632e-02 9.967686e-01
      outer loop
         vertex 5.350000e-01 1.771897e-01 5.567724e-01
         vertex 2.850000e-01 1.771897e-01 5.567724e-01
         vertex 2.850000e-01 1.770210e-01 5.567588e-01
      endloop
   endfacet
   facet normal 0.000000e+00 -8.032632e-02 9.967686e-01
      outer loop
         vertex 5.350000e-01 1.771897e-01 5.567724e-01
         vertex 2.850000e-01 1.770210e-01 5.567588e-01
         vertex 5.350000e-01 1.770210e-01 5.567588e-01
      endloop
   endfacet
   facet normal 0.000000e+00 -2.235514e-01 9.746921e-01
      outer loop
         vertex 5.350000e-01 1.770210e-01 5.567588e-01
         vertex 2.850000e-01 1.770210e-01 5.567588e-01
         vertex 2.850000e-01 1.767323e-01 5.566926e-01
      endloop
   endfacet
   facet normal 0.000000e+00 -2.235514e-01 9.746921e-01
      outer loop
         vertex 5.350000e-01 1.770210e-01 5.567588e-01
         vertex 2.850000e-01 1.767323e-01 5.566926e-01
         vertex 5.350000e-01 1.767323e-01 5.566926e-01
      endloop
   endfacet
   facet normal 0.000000e+00 -3.823312e-01 9.240253e-01
      outer loop
         vertex 5.350000e-01 1.767323e-01 5.566926e-01
         vertex 2.850000e-01 1.767323e-01 5.566926e-01
         vertex 2.850000e-01 1.763379e-01 5.565294e-01
      endloop
   endfacet
   facet normal 0.000000e+00 -3.823312e-01 9.240253e-01
      outer loop
         vertex 5.350000e-01 1.767323e-01 5.566926e-01
         vertex 2.850000e-01 1.763379e-01 5.565294e-01
         vertex 5.350000e-01 1.763379e-01 5.565294e-01
      endloop
   endfacet
   facet normal 0.000000e+00 -5.257107e-01 8.506634e-01
      outer loop
         vertex 5.350000e-01 1.763379e-01 5.565294e-01
         vertex 2.850000e-01 1.763379e-01 5.565294e-01
         vertex 2.850000e-01 1.758770e-01 5.562446e-01
      endloop
   endfacet
   facet normal 0.000000e+00 -5.257107e-01 8.506634e-01
      outer loop
         vertex 5.350000e-01 1.763379e-01 5.565294e-01
         vertex 2.850000e-01 1.758770e-01 5.562446e-01
         vertex 5.350000e-01 1.758770e-01 5.562446e-01
      endloop
   endfacet
   facet normal 0.000000e+00 -6.547711e-01 7.558272e-01
      outer loop
         vertex 5.350000e-01 1.758770e-01 5.562446e-01
         vertex 2.850000e-01 1.758770e-01 5.562446e-01
         vertex 2.850000e-01 1.752798e-01 5.557272e-01
      endloop
   endfacet
   facet normal 0.000000e+00 -6.547711e-01 7.558272e-01
      outer loop
         vertex 5.350000e-01 1.758770e-01 5.562446e-01
         vertex 2.850000e-01 1.752798e-01 5.557272e-01
         vertex 5.350000e-01 1.752798e-01 5.557272e-01
      endloop
   endfacet
   facet normal 0.000000e+00 -7.651165e-01 6.438919e-01
      outer loop
         vertex 5.350000e-01 1.752798e-01 5.557272e-01
         vertex 2.850000e-01 1.752798e-01 5.557272e-01
         vertex 2.850000e-01 1.745782e-01 5.548935e-01
      endloop
   endfacet
   facet normal 0.000000e+00 -7.651165e-01 6.438919e-01
      outer loop
         vertex 5.350000e-01 1.752798e-01 5.557272e-01
         vertex 2.850000e-01 1.745782e-01 5.548935e-01
         vertex 5.350000e-01 1.745782e-01 5.548935e-01
      endloop
   endfacet
   facet normal 0.000000e+00 -8.574186e-01 5.146196e-01
      outer loop
         vertex 5.350000e-01 1.745782e-01 5.548935e-01
         vertex 2.850000e-01 1.745782e-01 5.548935e-01
         vertex 2.850000e-01 1.737950e-01 5.535886e-01
      endloop
   endfacet
   facet normal 0.000000e+00 -8.574186e-01 5.146196e-01
      outer loop
         vertex 5.350000e-01 1.745782e-01 5.548935e-01
         vertex 2.850000e-01 1.737950e-01 5.535886e-01
         vertex 5.350000e-01 1.737950e-01 5.535886e-01
      endloop
   endfacet
   facet normal 0.000000e+00 -9.279413e-01 3.727264e-01
      outer loop
         vertex 5.350000e-01 1.737950e-01 5.535886e-01
         vertex 2.850000e-01 1.737950e-01 5.535886e-01
         vertex 2.850000e-01 1.729708e-01 5.515367e-01
      endloop
   endfacet
   facet normal 0.000000e+00 -9.279413e-01 3.727264e-01
      outer loop
         vertex 5.350000e-01 1.737950e-01 5.535886e-01
         vertex 2.850000e-01 1.729708e-01 5.515367e-01
         vertex 5.350000e-01 1.729708e-01 5.515367e-01
      endloop
   endfacet
   facet normal 0.000000e+00 -9.747809e-01 2.231641e-01
      outer loop
         vertex 5.350000e-01 1.729708e-01 5.515367e-01
         vertex 2.850000e-01 1.729708e-01 5.515367e-01
         vertex 2.850000e-01 1.722272e-01 5.482887e-01
      endloop
   endfacet
   facet normal 0.000000e+00 -9.747809e-01 2.231641e-01
      outer loop
         vertex 5.350000e-01 1.729708e-01 5.515367e-01
         vertex 2.850000e-01 1.722272e-01 5.482887e-01
         vertex 5.350000e-01 1.722272e-01 5.482887e-01
      endloop
   endfacet
   facet normal 0.000000e+00 -9.976162e-01 6.900637e-02
      outer loop
         vertex 5.350000e-01 1.722272e-01 5.482887e-01
         vertex 2.850000e-01 1.722272e-01 5.482887e-01
         vertex 2.850000e-01 1.718755e-01 5.432038e-01
      endloop
   endfacet
   facet normal 0.000000e+00 -9.976162e-01 6.900637e-02
      outer loop
         vertex 5.350000e-01 1.722272e-01 5.482887e-01
         vertex 2.850000e-01 1.718755e-01 5.432038e-01
         vertex 5.350000e-01 1.718755e-01 5.432038e-01
      endloop
   endfacet
   facet normal -0.000000e+00 -9.962788e-01 -8.618877e-02
      outer loop
         vertex 5.350000e-01 1.718755e-01 5.432038e-01
         vertex 2.850000e-01 1.718755e-01 5.432038e-01
         vertex 2.850000e-01 1.725576e-01 5.353187e-01
      endloop
   endfacet
   facet normal 0.000000e+00 -9.962788e-01 -8.618877e-02
      outer loop
         vertex 5.350000e-01 1.718755e-01 5.432038e-01
         vertex 2.850000e-01 1.725576e-01 5.353187e-01
         vertex 5.350000e-01 1.725576e-01 5.353187e-01
      endloop
   endfacet
   facet normal -0.000000e+00 -9.708089e-01 -2.398542e-01
      outer loop
         vertex 5.350000e-01 1.725576e-01 5.353187e-01
         vertex 2.850000e-01 1.725576e-01 5.353187e-01
         vertex 2.850000e-01 1.753900e-01 5.238547e-01
      endloop
   endfacet
   facet normal 0.000000e+00 -9.708089e-01 -2.398542e-01
      outer loop
         vertex 5.350000e-01 1.725576e-01 5.353187e-01
         vertex 2.850000e-01 1.753900e-01 5.238547e-01
         vertex 5.350000e-01 1.753900e-01 5.238547e-01
      endloop
   endfacet
   facet normal -0.000000e+00 -9.433240e-01 -3.318731e-01
      outer loop
         vertex 5.350000e-01 1.753900e-01 5.238547e-01
         vertex 2.850000e-01 1.753900e-01 5.238547e-01
         vertex 2.850000e-01 1.766002e-01 5.204147e-01
      endloop
   endfacet
   facet normal 0.000000e+00 -9.433240e-01 -3.318731e-01
      outer loop
         vertex 5.350000e-01 1.753900e-01 5.238547e-01
         vertex 2.850000e-01 1.766002e-01 5.204147e-01
         vertex 5.350000e-01 1.766002e-01 5.204147e-01
      endloop
   endfacet
   facet normal -0.000000e+00 -9.048323e-01 -4.257681e-01
      outer loop
         vertex 5.350000e-01 1.766002e-01 5.204147e-01
         vertex 2.850000e-01 1.766002e-01 5.204147e-01
         vertex 2.850000e-01 1.826890e-01 5.074751e-01
      endloop
   endfacet
   facet normal 0.000000e+00 -9.048323e-01 -4.257681e-01
      outer loop
         vertex 5.350000e-01 1.766002e-01 5.204147e-01
         vertex 2.850000e-01 1.826890e-01 5.074751e-01
         vertex 5.350000e-01 1.826890e-01 5.074751e-01
      endloop
   endfacet
   facet normal -0.000000e+00 -8.304127e-01 -5.571488e-01
      outer loop
         vertex 5.350000e-01 1.826890e-01 5.074751e-01
         vertex 2.850000e-01 1.826890e-01 5.074751e-01
         vertex 2.850000e-01 1.906980e-01 4.955379e-01
      endloop
   endfacet
   facet normal 0.000000e+00 -8.304127e-01 -5.571488e-01
      outer loop
         vertex 5.350000e-01 1.826890e-01 5.074751e-01
         vertex 2.850000e-01 1.906980e-01 4.955379e-01
         vertex 5.350000e-01 1.906980e-01 4.955379e-01
      endloop
   endfacet
   facet normal -0.000000e+00 -7.515942e-01 -6.596257e-01
      outer loop
         vertex 5.350000e-01 1.906980e-01 4.955379e-01
         vertex 2.850000e-01 1.906980e-01 4.955379e-01
         vertex 2.850000e-01 2.036072e-01 4.808288e-01
      endloop
   endfacet
   facet normal 0.000000e+00 -7.515942e-01 -6.596257e-01
      outer loop
         vertex 5.350000e-01 1.906980e-01 4.955379e-01
         vertex 2.850000e-01 2.036072e-01 4.808288e-01
         vertex 5.350000e-01 2.036072e-01 4.808288e-01
      endloop
   endfacet
   facet normal -0.000000e+00 -6.949919e-01 -7.190175e-01
      outer loop
         vertex 5.350000e-01 2.036072e-01 4.808288e-01
         vertex 2.850000e-01 2.036072e-01 4.808288e-01
         vertex 2.850000e-01 2.217208e-01 4.633205e-01
      endloop
   endfacet
   facet normal 0.000000e+00 -6.949919e-01 -7.190175e-01
      outer loop
         vertex 5.350000e-01 2.036072e-01 4.808288e-01
         vertex 2.850000e-01 2.217208e-01 4.633205e-01
         vertex 5.350000e-01 2.217208e-01 4.633205e-01
      endloop
   endfacet
   facet normal -0.000000e+00 -6.435749e-01 -7.653832e-01
      outer loop
         vertex 5.350000e-01 2.217208e-01 4.633205e-01
         vertex 2.850000e-01 2.217208e-01 4.633205e-01
         vertex 2.850000e-01 2.289929e-01 4.572057e-01
      endloop
   endfacet
   facet normal 0.000000e+00 -6.435749e-01 -7.653832e-01
      outer loop
         vertex 5.350000e-01 2.217208e-01 4.633205e-01
         vertex 2.850000e-01 2.289929e-01 4.572057e-01
         vertex 5.350000e-01 2.289929e-01 4.572057e-01
      endloop
   endfacet
   facet normal -0.000000e+00 -5.733172e-01 -8.193335e-01
      outer loop
         vertex 5.350000e-01 2.289929e-01 4.572057e-01
         vertex 2.850000e-01 2.289929e-01 4.572057e-01
         vertex 2.850000e-01 2.313871e-01 4.555304e-01
      endloop
   endfacet
   facet normal 0.000000e+00 -5.733172e-01 -8.193335e-01
      outer loop
         vertex 5.350000e-01 2.289929e-01 4.572057e-01
         vertex 2.850000e-01 2.313871e-01 4.555304e-01
         vertex 5.350000e-01 2.313871e-01 4.555304e-01
      endloop
   endfacet
   facet normal -0.000000e+00 -5.242266e-01 -8.515788e-01
      outer loop
         vertex 5.350000e-01 2.313871e-01 4.555304e-01
         vertex 2.850000e-01 2.313871e-01 4.555304e-01
         vertex 2.850000e-01 2.338101e-01 4.540388e-01
      endloop
   endfacet
   facet normal 0.000000e+00 -5.242266e-01 -8.515788e-01
      outer loop
         vertex 5.350000e-01 2.313871e-01 4.555304e-01
         vertex 2.850000e-01 2.338101e-01 4.540388e-01
         vertex 5.350000e-01 2.338101e-01 4.540388e-01
      endloop
   endfacet
   facet normal 0.000000e+00 4.999922e-01 -8.660299e-01
      outer loop
         vertex 2.850000e-01 2.344023e-01 4.543807e-01
         vertex 5.350000e-01 2.344023e-01 4.543807e-01
         vertex 2.850000e-01 2.338101e-01 4.540388e-01
      endloop
   endfacet
   facet normal 0.000000e+00 4.999922e-01 -8.660299e-01
      outer loop
         vertex 2.850000e-01 2.338101e-01 4.540388e-01
         vertex 5.350000e-01 2.344023e-01 4.543807e-01
         vertex 5.350000e-01 2.338101e-01 4.540388e-01
      endloop
   endfacet
   facet normal 0.000000e+00 3.090316e-01 -9.510518e-01
      outer loop
         vertex 2.850000e-01 1.590938e-01 5.430087e-01
         vertex 5.350000e-01 1.590938e-01 5.430087e-01
         vertex 2.850000e-01 1.584939e-01 5.428138e-01
      endloop
   endfacet
   facet normal 0.000000e+00 3.090316e-01 -9.510518e-01
      outer loop
         vertex 2.850000e-01 1.584939e-01 5.428138e-01
         vertex 5.350000e-01 1.590938e-01 5.430087e-01
         vertex 5.350000e-01 1.584939e-01 5.428138e-01
      endloop
   endfacet
   facet normal 0.000000e+00 8.673923e-01 4.976249e-01
      outer loop
         vertex 5.350000e-01 1.590938e-01 5.430087e-01
         vertex 2.850000e-01 1.590938e-01 5.430087e-01
         vertex 2.850000e-01 1.564285e-01 5.476544e-01
      endloop
   endfacet
   facet normal 0.000000e+00 8.673923e-01 4.976249e-01
      outer loop
         vertex 5.350000e-01 1.590938e-01 5.430087e-01
         vertex 2.850000e-01 1.564285e-01 5.476544e-01
         vertex 5.350000e-01 1.564285e-01 5.476544e-01
      endloop
   endfacet
   facet normal 0.000000e+00 8.971359e-01 4.417546e-01
      outer loop
         vertex 5.350000e-01 1.564285e-01 5.476544e-01
         vertex 2.850000e-01 1.564285e-01 5.476544e-01
         vertex 2.850000e-01 1.442271e-01 5.724336e-01
      endloop
   endfacet
   facet normal 0.000000e+00 8.971359e-01 4.417546e-01
      outer loop
         vertex 5.350000e-01 1.564285e-01 5.476544e-01
         vertex 2.850000e-01 1.442271e-01 5.724336e-01
         vertex 5.350000e-01 1.442271e-01 5.724336e-01
      endloop
   endfacet
   facet normal 0.000000e+00 9.300222e-01 3.675033e-01
      outer loop
         vertex 5.350000e-01 1.442271e-01 5.724336e-01
         vertex 2.850000e-01 1.442271e-01 5.724336e-01
         vertex 2.850000e-01 1.341961e-01 5.978187e-01
      endloop
   endfacet
   facet normal 0.000000e+00 9.300222e-01 3.675033e-01
      outer loop
         vertex 5.350000e-01 1.442271e-01 5.724336e-01
         vertex 2.850000e-01 1.341961e-01 5.978187e-01
         vertex 5.350000e-01 1.341961e-01 5.978187e-01
      endloop
   endfacet
   facet normal 0.000000e+00 9.568228e-01 2.906717e-01
      outer loop
         vertex 5.350000e-01 1.341961e-01 5.978187e-01
         vertex 2.850000e-01 1.341961e-01 5.978187e-01
         vertex 2.850000e-01 1.258872e-01 6.251696e-01
      endloop
   endfacet
   facet normal 0.000000e+00 9.568228e-01 2.906717e-01
      outer loop
         vertex 5.350000e-01 1.341961e-01 5.978187e-01
         vertex 2.850000e-01 1.258872e-01 6.251696e-01
         vertex 5.350000e-01 1.258872e-01 6.251696e-01
      endloop
   endfacet
   facet normal 0.000000e+00 9.797600e-01 2.001757e-01
      outer loop
         vertex 5.350000e-01 1.258872e-01 6.251696e-01
         vertex 2.850000e-01 1.258872e-01 6.251696e-01
         vertex 2.850000e-01 1.212642e-01 6.477966e-01
      endloop
   endfacet
   facet normal 0.000000e+00 9.797600e-01 2.001757e-01
      outer loop
         vertex 5.350000e-01 1.258872e-01 6.251696e-01
         vertex 2.850000e-01 1.212642e-01 6.477966e-01
         vertex 5.350000e-01 1.212642e-01 6.477966e-01
      endloop
   endfacet
   facet normal 0.000000e+00 9.929533e-01 1.185067e-01
      outer loop
         vertex 5.350000e-01 1.212642e-01 6.477966e-01
         vertex 2.850000e-01 1.212642e-01 6.477966e-01
         vertex 2.850000e-01 1.178478e-01 6.764227e-01
      endloop
   endfacet
   facet normal 0.000000e+00 9.929533e-01 1.185067e-01
      outer loop
         vertex 5.350000e-01 1.212642e-01 6.477966e-01
         vertex 2.850000e-01 1.178478e-01 6.764227e-01
         vertex 5.350000e-01 1.178478e-01 6.764227e-01
      endloop
   endfacet
   facet normal 0.000000e+00 9.864014e-01 1.643544e-01
      outer loop
         vertex 5.350000e-01 1.178478e-01 6.764227e-01
         vertex 2.850000e-01 1.178478e-01 6.764227e-01
         vertex 2.850000e-01 1.165024e-01 6.844975e-01
      endloop
   endfacet
   facet normal 0.000000e+00 9.864014e-01 1.643544e-01
      outer loop
         vertex 5.350000e-01 1.178478e-01 6.764227e-01
         vertex 2.850000e-01 1.165024e-01 6.844975e-01
         vertex 5.350000e-01 1.165024e-01 6.844975e-01
      endloop
   endfacet
   facet normal 0.000000e+00 9.575825e-01 2.881591e-01
      outer loop
         vertex 5.350000e-01 1.165024e-01 6.844975e-01
         vertex 2.850000e-01 1.165024e-01 6.844975e-01
         vertex 2.850000e-01 1.148928e-01 6.898461e-01
      endloop
   endfacet
   facet normal 0.000000e+00 9.575825e-01 2.881591e-01
      outer loop
         vertex 5.350000e-01 1.165024e-01 6.844975e-01
         vertex 2.850000e-01 1.148928e-01 6.898461e-01
         vertex 5.350000e-01 1.148928e-01 6.898461e-01
      endloop
   endfacet
   facet normal 0.000000e+00 8.995042e-01 4.369121e-01
      outer loop
         vertex 5.350000e-01 1.148928e-01 6.898461e-01
         vertex 2.850000e-01 1.148928e-01 6.898461e-01
         vertex 2.850000e-01 1.141787e-01 6.913164e-01
      endloop
   endfacet
   facet normal 0.000000e+00 8.995042e-01 4.369121e-01
      outer loop
         vertex 5.350000e-01 1.148928e-01 6.898461e-01
         vertex 2.850000e-01 1.141787e-01 6.913164e-01
         vertex 5.350000e-01 1.141787e-01 6.913164e-01
      endloop
   endfacet
   facet normal 0.000000e+00 8.292828e-01 5.588292e-01
      outer loop
         vertex 5.350000e-01 1.141787e-01 6.913164e-01
         vertex 2.850000e-01 1.141787e-01 6.913164e-01
         vertex 2.850000e-01 1.135430e-01 6.922597e-01
      endloop
   endfacet
   facet normal 0.000000e+00 8.292828e-01 5.588292e-01
      outer loop
         vertex 5.350000e-01 1.141787e-01 6.913164e-01
         vertex 2.850000e-01 1.135430e-01 6.922597e-01
         vertex 5.350000e-01 1.135430e-01 6.922597e-01
      endloop
   endfacet
   facet normal 0.000000e+00 7.525379e-01 6.585490e-01
      outer loop
         vertex 5.350000e-01 1.135430e-01 6.922597e-01
         vertex 2.850000e-01 1.135430e-01 6.922597e-01
         vertex 2.850000e-01 1.132298e-01 6.926177e-01
      endloop
   endfacet
   facet normal 0.000000e+00 7.525379e-01 6.585490e-01
      outer loop
         vertex 5.350000e-01 1.135430e-01 6.922597e-01
         vertex 2.850000e-01 1.132298e-01 6.926177e-01
         vertex 5.350000e-01 1.132298e-01 6.926177e-01
      endloop
   endfacet
   facet normal 0.000000e+00 6.781080e-01 7.349623e-01
      outer loop
         vertex 5.350000e-01 1.132298e-01 6.926177e-01
         vertex 2.850000e-01 1.132298e-01 6.926177e-01
         vertex 2.850000e-01 1.129549e-01 6.928713e-01
      endloop
   endfacet
   facet normal 0.000000e+00 6.781080e-01 7.349623e-01
      outer loop
         vertex 5.350000e-01 1.132298e-01 6.926177e-01
         vertex 2.850000e-01 1.129549e-01 6.928713e-01
         vertex 5.350000e-01 1.129549e-01 6.928713e-01
      endloop
   endfacet
   facet normal 0.000000e+00 5.591154e-01 8.290899e-01
      outer loop
         vertex 5.350000e-01 1.129549e-01 6.928713e-01
         vertex 2.850000e-01 1.129549e-01 6.928713e-01
         vertex 2.850000e-01 1.126996e-01 6.930434e-01
      endloop
   endfacet
   facet normal 0.000000e+00 5.591154e-01 8.290899e-01
      outer loop
         vertex 5.350000e-01 1.129549e-01 6.928713e-01
         vertex 2.850000e-01 1.126996e-01 6.930434e-01
         vertex 5.350000e-01 1.126996e-01 6.930434e-01
      endloop
   endfacet
   facet normal 0.000000e+00 4.270343e-01 9.042354e-01
      outer loop
         vertex 5.350000e-01 1.126996e-01 6.930434e-01
         vertex 2.850000e-01 1.126996e-01 6.930434e-01
         vertex 2.850000e-01 1.125738e-01 6.931028e-01
      endloop
   endfacet
   facet normal 0.000000e+00 4.270343e-01 9.042354e-01
      outer loop
         vertex 5.350000e-01 1.126996e-01 6.930434e-01
         vertex 2.850000e-01 1.125738e-01 6.931028e-01
         vertex 5.350000e-01 1.125738e-01 6.931028e-01
      endloop
   endfacet
   facet normal 0.000000e+00 2.726701e-01 9.621076e-01
      outer loop
         vertex 5.350000e-01 1.125738e-01 6.931028e-01
         vertex 2.850000e-01 1.125738e-01 6.931028e-01
         vertex 2.850000e-01 1.124297e-01 6.931437e-01
      endloop
   endfacet
   facet normal 0.000000e+00 2.726701e-01 9.621076e-01
      outer loop
         vertex 5.350000e-01 1.125738e-01 6.931028e-01
         vertex 2.850000e-01 1.124297e-01 6.931437e-01
         vertex 5.350000e-01 1.124297e-01 6.931437e-01
      endloop
   endfacet
   facet normal 0.000000e+00 1.286755e-01 9.916867e-01
      outer loop
         vertex 5.350000e-01 1.124297e-01 6.931437e-01
         vertex 2.850000e-01 1.124297e-01 6.931437e-01
         vertex 2.850000e-01 1.122060e-01 6.931727e-01
      endloop
   endfacet
   facet normal 0.000000e+00 1.286755e-01 9.916867e-01
      outer loop
         vertex 5.350000e-01 1.124297e-01 6.931437e-01
         vertex 2.850000e-01 1.122060e-01 6.931727e-01
         vertex 5.350000e-01 1.122060e-01 6.931727e-01
      endloop
   endfacet
   facet normal 0.000000e+00 -1.599675e-02 9.998720e-01
      outer loop
         vertex 5.350000e-01 1.122060e-01 6.931727e-01
         vertex 2.850000e-01 1.122060e-01 6.931727e-01
         vertex 2.850000e-01 1.118111e-01 6.931664e-01
      endloop
   endfacet
   facet normal 0.000000e+00 -1.599675e-02 9.998720e-01
      outer loop
         vertex 5.350000e-01 1.122060e-01 6.931727e-01
         vertex 2.850000e-01 1.118111e-01 6.931664e-01
         vertex 5.350000e-01 1.118111e-01 6.931664e-01
      endloop
   endfacet
   facet normal 0.000000e+00 -1.819144e-01 9.833144e-01
      outer loop
         vertex 5.350000e-01 1.118111e-01 6.931664e-01
         vertex 2.850000e-01 1.118111e-01 6.931664e-01
         vertex 2.850000e-01 1.112515e-01 6.930628e-01
      endloop
   endfacet
   facet normal 0.000000e+00 -1.819144e-01 9.833144e-01
      outer loop
         vertex 5.350000e-01 1.118111e-01 6.931664e-01
         vertex 2.850000e-01 1.112515e-01 6.930628e-01
         vertex 5.350000e-01 1.112515e-01 6.930628e-01
      endloop
   endfacet
   facet normal 0.000000e+00 -3.373508e-01 9.413790e-01
      outer loop
         vertex 5.350000e-01 1.112515e-01 6.930628e-01
         vertex 2.850000e-01 1.112515e-01 6.930628e-01
         vertex 2.850000e-01 1.105713e-01 6.928191e-01
      endloop
   endfacet
   facet normal 0.000000e+00 -3.373508e-01 9.413790e-01
      outer loop
         vertex 5.350000e-01 1.112515e-01 6.930628e-01
         vertex 2.850000e-01 1.105713e-01 6.928191e-01
         vertex 5.350000e-01 1.105713e-01 6.928191e-01
      endloop
   endfacet
   facet normal 0.000000e+00 -4.833286e-01 8.754390e-01
      outer loop
         vertex 5.350000e-01 1.105713e-01 6.928191e-01
         vertex 2.850000e-01 1.105713e-01 6.928191e-01
         vertex 2.850000e-01 1.096492e-01 6.923100e-01
      endloop
   endfacet
   facet normal 0.000000e+00 -4.833286e-01 8.754390e-01
      outer loop
         vertex 5.350000e-01 1.105713e-01 6.928191e-01
         vertex 2.850000e-01 1.096492e-01 6.923100e-01
         vertex 5.350000e-01 1.096492e-01 6.923100e-01
      endloop
   endfacet
   facet normal 0.000000e+00 -6.145064e-01 7.889119e-01
      outer loop
         vertex 5.350000e-01 1.096492e-01 6.923100e-01
         vertex 2.850000e-01 1.096492e-01 6.923100e-01
         vertex 2.850000e-01 1.085029e-01 6.914172e-01
      endloop
   endfacet
   facet normal 0.000000e+00 -6.145064e-01 7.889119e-01
      outer loop
         vertex 5.350000e-01 1.096492e-01 6.923100e-01
         vertex 2.850000e-01 1.085029e-01 6.914172e-01
         vertex 5.350000e-01 1.085029e-01 6.914172e-01
      endloop
   endfacet
   facet normal 0.000000e+00 -7.316935e-01 6.816338e-01
      outer loop
         vertex 5.350000e-01 1.085029e-01 6.914172e-01
         vertex 2.850000e-01 1.085029e-01 6.914172e-01
         vertex 2.850000e-01 1.071198e-01 6.899324e-01
      endloop
   endfacet
   facet normal 0.000000e+00 -7.316935e-01 6.816338e-01
      outer loop
         vertex 5.350000e-01 1.085029e-01 6.914172e-01
         vertex 2.850000e-01 1.071198e-01 6.899324e-01
         vertex 5.350000e-01 1.071198e-01 6.899324e-01
      endloop
   endfacet
   facet normal 0.000000e+00 -8.301673e-01 5.575144e-01
      outer loop
         vertex 5.350000e-01 1.071198e-01 6.899324e-01
         vertex 2.850000e-01 1.071198e-01 6.899324e-01
         vertex 2.850000e-01 1.054761e-01 6.874849e-01
      endloop
   endfacet
   facet normal 0.000000e+00 -8.301673e-01 5.575144e-01
      outer loop
         vertex 5.350000e-01 1.071198e-01 6.899324e-01
         vertex 2.850000e-01 1.054761e-01 6.874849e-01
         vertex 5.350000e-01 1.054761e-01 6.874849e-01
      endloop
   endfacet
   facet normal 0.000000e+00 -9.070811e-01 4.209560e-01
      outer loop
         vertex 5.350000e-01 1.054761e-01 6.874849e-01
         vertex 2.850000e-01 1.054761e-01 6.874849e-01
         vertex 2.850000e-01 1.036059e-01 6.834549e-01
      endloop
   endfacet
   facet normal 0.000000e+00 -9.070811e-01 4.209560e-01
      outer loop
         vertex 5.350000e-01 1.054761e-01 6.874849e-01
         vertex 2.850000e-01 1.036059e-01 6.834549e-01
         vertex 5.350000e-01 1.036059e-01 6.834549e-01
      endloop
   endfacet
   facet normal 0.000000e+00 -9.614691e-01 2.749130e-01
      outer loop
         vertex 5.350000e-01 1.036059e-01 6.834549e-01
         vertex 2.850000e-01 1.036059e-01 6.834549e-01
         vertex 2.850000e-01 1.017375e-01 6.769207e-01
      endloop
   endfacet
   facet normal 0.000000e+00 -9.614691e-01 2.749130e-01
      outer loop
         vertex 5.350000e-01 1.036059e-01 6.834549e-01
         vertex 2.850000e-01 1.017375e-01 6.769207e-01
         vertex 5.350000e-01 1.017375e-01 6.769207e-01
      endloop
   endfacet
   facet normal 0.000000e+00 -9.924271e-01 1.228348e-01
      outer loop
         vertex 5.350000e-01 1.017375e-01 6.769207e-01
         vertex 2.850000e-01 1.017375e-01 6.769207e-01
         vertex 2.850000e-01 1.004413e-01 6.664479e-01
      endloop
   endfacet
   facet normal 0.000000e+00 -9.924271e-01 1.228348e-01
      outer loop
         vertex 5.350000e-01 1.017375e-01 6.769207e-01
         vertex 2.850000e-01 1.004413e-01 6.664479e-01
         vertex 5.350000e-01 1.004413e-01 6.664479e-01
      endloop
   endfacet
   facet normal -0.000000e+00 -9.995663e-01 -2.944677e-02
      outer loop
         vertex 5.350000e-01 1.004413e-01 6.664479e-01
         vertex 2.850000e-01 1.004413e-01 6.664479e-01
         vertex 2.850000e-01 1.008845e-01 6.514039e-01
      endloop
   endfacet
   facet normal 0.000000e+00 -9.995663e-01 -2.944677e-02
      outer loop
         vertex 5.350000e-01 1.004413e-01 6.664479e-01
         vertex 2.850000e-01 1.008845e-01 6.514039e-01
         vertex 5.350000e-01 1.008845e-01 6.514039e-01
      endloop
   endfacet
   facet normal -0.000000e+00 -9.909223e-01 -1.344356e-01
      outer loop
         vertex 5.350000e-01 1.008845e-01 6.514039e-01
         vertex 2.850000e-01 1.008845e-01 6.514039e-01
         vertex 2.850000e-01 1.019124e-01 6.438270e-01
      endloop
   endfacet
   facet normal 0.000000e+00 -9.909223e-01 -1.344356e-01
      outer loop
         vertex 5.350000e-01 1.008845e-01 6.514039e-01
         vertex 2.850000e-01 1.019124e-01 6.438270e-01
         vertex 5.350000e-01 1.019124e-01 6.438270e-01
      endloop
   endfacet
   facet normal -0.000000e+00 -9.716116e-01 -2.365815e-01
      outer loop
         vertex 5.350000e-01 1.019124e-01 6.438270e-01
         vertex 2.850000e-01 1.019124e-01 6.438270e-01
         vertex 2.850000e-01 1.059124e-01 6.273996e-01
      endloop
   endfacet
   facet normal 0.000000e+00 -9.716116e-01 -2.365815e-01
      outer loop
         vertex 5.350000e-01 1.019124e-01 6.438270e-01
         vertex 2.850000e-01 1.059124e-01 6.273996e-01
         vertex 5.350000e-01 1.059124e-01 6.273996e-01
      endloop
   endfacet
   facet normal -0.000000e+00 -9.309685e-01 -3.650996e-01
      outer loop
         vertex 5.350000e-01 1.059124e-01 6.273996e-01
         vertex 2.850000e-01 1.059124e-01 6.273996e-01
         vertex 2.850000e-01 1.121922e-01 6.113867e-01
      endloop
   endfacet
   facet normal 0.000000e+00 -9.309685e-01 -3.650996e-01
      outer loop
         vertex 5.350000e-01 1.059124e-01 6.273996e-01
         vertex 2.850000e-01 1.121922e-01 6.113867e-01
         vertex 5.350000e-01 1.121922e-01 6.113867e-01
      endloop
   endfacet
   facet normal -0.000000e+00 -8.947987e-01 -4.464698e-01
      outer loop
         vertex 5.350000e-01 1.121922e-01 6.113867e-01
         vertex 2.850000e-01 1.121922e-01 6.113867e-01
         vertex 2.850000e-01 1.158496e-01 6.040567e-01
      endloop
   endfacet
   facet normal 0.000000e+00 -8.947987e-01 -4.464698e-01
      outer loop
         vertex 5.350000e-01 1.121922e-01 6.113867e-01
         vertex 2.850000e-01 1.158496e-01 6.040567e-01
         vertex 5.350000e-01 1.158496e-01 6.040567e-01
      endloop
   endfacet
   facet normal -0.000000e+00 -8.617790e-01 -5.072838e-01
      outer loop
         vertex 5.350000e-01 1.158496e-01 6.040567e-01
         vertex 2.850000e-01 1.158496e-01 6.040567e-01
         vertex 2.850000e-01 1.287629e-01 5.821194e-01
      endloop
   endfacet
   facet normal 0.000000e+00 -8.617790e-01 -5.072838e-01
      outer loop
         vertex 5.350000e-01 1.158496e-01 6.040567e-01
         vertex 2.850000e-01 1.287629e-01 5.821194e-01
         vertex 5.350000e-01 1.287629e-01 5.821194e-01
      endloop
   endfacet
   facet normal -0.000000e+00 -8.259430e-01 -5.637537e-01
      outer loop
         vertex 5.350000e-01 1.287629e-01 5.821194e-01
         vertex 2.850000e-01 1.287629e-01 5.821194e-01
         vertex 2.850000e-01 1.445662e-01 5.589664e-01
      endloop
   endfacet
   facet normal 0.000000e+00 -8.259430e-01 -5.637537e-01
      outer loop
         vertex 5.350000e-01 1.287629e-01 5.821194e-01
         vertex 2.850000e-01 1.445662e-01 5.589664e-01
         vertex 5.350000e-01 1.445662e-01 5.589664e-01
      endloop
   endfacet
   facet normal -0.000000e+00 -7.882565e-01 -6.153468e-01
      outer loop
         vertex 5.350000e-01 1.445662e-01 5.589664e-01
         vertex 2.850000e-01 1.445662e-01 5.589664e-01
         vertex 2.850000e-01 1.525058e-01 5.487958e-01
      endloop
   endfacet
   facet normal 0.000000e+00 -7.882565e-01 -6.153468e-01
      outer loop
         vertex 5.350000e-01 1.445662e-01 5.589664e-01
         vertex 2.850000e-01 1.525058e-01 5.487958e-01
         vertex 5.350000e-01 1.525058e-01 5.487958e-01
      endloop
   endfacet
   facet normal -0.000000e+00 -7.335496e-01 -6.796359e-01
      outer loop
         vertex 5.350000e-01 1.525058e-01 5.487958e-01
         vertex 2.850000e-01 1.525058e-01 5.487958e-01
         vertex 2.850000e-01 1.546809e-01 5.464482e-01
      endloop
   endfacet
   facet normal 0.000000e+00 -7.335496e-01 -6.796359e-01
      outer loop
         vertex 5.350000e-01 1.525058e-01 5.487958e-01
         vertex 2.850000e-01 1.546809e-01 5.464482e-01
         vertex 5.350000e-01 1.546809e-01 5.464482e-01
      endloop
   endfacet
   facet normal -0.000000e+00 -6.899388e-01 -7.238677e-01
      outer loop
         vertex 5.350000e-01 1.546809e-01 5.464482e-01
         vertex 2.850000e-01 1.546809e-01 5.464482e-01
         vertex 2.850000e-01 1.584939e-01 5.428138e-01
      endloop
   endfacet
   facet normal 0.000000e+00 -6.899388e-01 -7.238677e-01
      outer loop
         vertex 5.350000e-01 1.546809e-01 5.464482e-01
         vertex 2.850000e-01 1.584939e-01 5.428138e-01
         vertex 5.350000e-01 1.584939e-01 5.428138e-01
      endloop
   endfacet
   facet normal 1.000000e+00 0.000000e+00 -0.000000e+00
      outer loop
         vertex 5.400000e-01 3.223162e-01 4.004429e-01
         vertex 5.400000e-01 3.223162e-01 4.049577e-01
         vertex 5.400000e-01 2.749560e-01 4.098181e-01
      endloop
   endfacet
   facet normal 1.000000e+00 0.000000e+00 0.000000e+00
      outer loop
         vertex 5.400000e-01 3.223162e-01 4.049577e-01
         vertex 5.400000e-01 3.212991e-01 4.191839e-01
         vertex 5.400000e-01 2.749560e-01 4.098181e-01
      endloop
   endfacet
   facet normal 1.000000e+00 0.000000e+00 0.000000e+00
      outer loop
         vertex 5.400000e-01 2.749560e-01 4.098181e-01
         vertex 5.400000e-01 3.212991e-01 4.191839e-01
         vertex 5.400000e-01 3.182685e-01 4.331208e-01
      endloop
   endfacet
   facet normal 1.000000e+00 0.000000e+00 -0.000000e+00
      outer loop
         vertex 5.400000e-01 2.749560e-01 4.098181e-01
         vertex 5.400000e-01 3.182685e-01 4.331208e-01
         vertex 5.400000e-01 2.439154e-01 4.311638e-01
      endloop
   endfacet
   facet normal 1.000000e+00 0.000000e+00 0.000000e+00
      outer loop
         vertex 5.400000e-01 3.132860e-01 4.464847e-01
         vertex 5.400000e-01 2.344023e-01 4.543807e-01
         vertex 5.400000e-01 2.338101e-01 4.540388e-01
      endloop
   endfacet
   facet normal 1.000000e+00 -0.000000e+00 -0.000000e+00
      outer loop
         vertex 5.400000e-01 1.124297e-01 6.931437e-01
         vertex 5.400000e-01 1.125738e-01 6.931028e-01
         vertex 5.400000e-01 1.030598e-01 7.852471e-01
      endloop
   endfacet
   facet normal 1.000000e+00 0.000000e+00 0.000000e+00
      outer loop
         vertex 5.400000e-01 1.124297e-01 6.931437e-01
         vertex 5.400000e-01 1.030598e-01 7.852471e-01
         vertex 5.400000e-01 1.122060e-01 6.931727e-01
      endloop
   endfacet
   facet normal 1.000000e+00 0.000000e+00 0.000000e+00
      outer loop
         vertex 5.400000e-01 1.826890e-01 5.074751e-01
         vertex 5.400000e-01 1.646721e-01 5.112731e-01
         vertex 5.400000e-01 1.906980e-01 4.955379e-01
      endloop
   endfacet
   facet normal 1.000000e+00 0.000000e+00 0.000000e+00
      outer loop
         vertex 5.400000e-01 1.906980e-01 4.955379e-01
         vertex 5.400000e-01 1.646721e-01 5.112731e-01
         vertex 5.400000e-01 1.885278e-01 4.821173e-01
      endloop
   endfacet
   facet normal 1.000000e+00 0.000000e+00 0.000000e+00
      outer loop
         vertex 5.400000e-01 9.946253e-02 6.461930e-01
         vertex 5.400000e-01 1.109149e-01 6.103043e-01
         vertex 5.400000e-01 1.059124e-01 6.273996e-01
      endloop
   endfacet
   facet normal 1.000000e+00 0.000000e+00 0.000000e+00
      outer loop
         vertex 5.400000e-01 1.119426e-01 7.642193e-01
         vertex 5.400000e-01 1.030598e-01 7.852471e-01
         vertex 5.400000e-01 1.767323e-01 5.566926e-01
      endloop
   endfacet
   facet normal 1.000000e+00 -0.000000e+00 -0.000000e+00
      outer loop
         vertex 5.400000e-01 2.344023e-01 4.543807e-01
         vertex 5.400000e-01 3.132860e-01 4.464847e-01
         vertex 5.400000e-01 2.335106e-01 4.553589e-01
      endloop
   endfacet
   facet normal 1.000000e+00 0.000000e+00 0.000000e+00
      outer loop
         vertex 5.400000e-01 2.749560e-01 4.098181e-01
         vertex 5.400000e-01 3.078671e-01 3.914872e-01
         vertex 5.400000e-01 3.223162e-01 4.004429e-01
      endloop
   endfacet
   facet normal 1.000000e+00 0.000000e+00 0.000000e+00
      outer loop
         vertex 5.400000e-01 3.223162e-01 4.004429e-01
         vertex 5.400000e-01 3.078671e-01 3.914872e-01
         vertex 5.400000e-01 3.094399e-01 3.908655e-01
      endloop
   endfacet
   facet normal 1.000000e+00 0.000000e+00 0.000000e+00
      outer loop
         vertex 5.400000e-01 3.223162e-01 4.004429e-01
         vertex 5.400000e-01 3.094399e-01 3.908655e-01
         vertex 5.400000e-01 3.110949e-01 3.905177e-01
      endloop
   endfacet
   facet normal 1.000000e+00 0.000000e+00 0.000000e+00
      outer loop
         vertex 5.400000e-01 9.143858e-02 6.830019e-01
         vertex 5.400000e-01 9.143717e-02 6.830000e-01
         vertex 5.400000e-01 1.017375e-01 6.769207e-01
      endloop
   endfacet
   facet normal 1.000000e+00 0.000000e+00 0.000000e+00
      outer loop
         vertex 5.400000e-01 8.281558e-02 7.954550e-01
         vertex 5.400000e-01 1.112515e-01 6.930628e-01
         vertex 5.400000e-01 1.118111e-01 6.931664e-01
      endloop
   endfacet
   facet normal 1.000000e+00 0.000000e+00 0.000000e+00
      outer loop
         vertex 5.400000e-01 1.004413e-01 6.664479e-01
         vertex 5.400000e-01 9.143717e-02 6.830000e-01
         vertex 5.400000e-01 1.008845e-01 6.514039e-01
      endloop
   endfacet
   facet normal 1.000000e+00 0.000000e+00 0.000000e+00
      outer loop
         vertex 5.400000e-01 1.008845e-01 6.514039e-01
         vertex 5.400000e-01 9.143717e-02 6.830000e-01
         vertex 5.400000e-01 1.019124e-01 6.438270e-01
      endloop
   endfacet
   facet normal 1.000000e+00 0.000000e+00 0.000000e+00
      outer loop
         vertex 5.400000e-01 9.143717e-02 6.830000e-01
         vertex 5.400000e-01 9.946253e-02 6.461930e-01
         vertex 5.400000e-01 1.059124e-01 6.273996e-01
      endloop
   endfacet
   facet normal 1.000000e+00 0.000000e+00 0.000000e+00
      outer loop
         vertex 5.400000e-01 9.143717e-02 6.830000e-01
         vertex 5.400000e-01 1.059124e-01 6.273996e-01
         vertex 5.400000e-01 1.019124e-01 6.438270e-01
      endloop
   endfacet
   facet normal 1.000000e+00 0.000000e+00 0.000000e+00
      outer loop
         vertex 5.400000e-01 3.132860e-01 4.464847e-01
         vertex 5.400000e-01 1.781317e-01 5.563079e-01
         vertex 5.400000e-01 1.787334e-01 5.557314e-01
      endloop
   endfacet
   facet normal 1.000000e+00 0.000000e+00 0.000000e+00
      outer loop
         vertex 5.400000e-01 3.182685e-01 4.331208e-01
         vertex 5.400000e-01 3.132860e-01 4.464847e-01
         vertex 5.400000e-01 2.439154e-01 4.311638e-01
      endloop
   endfacet
   facet normal 1.000000e+00 0.000000e+00 -0.000000e+00
      outer loop
         vertex 5.400000e-01 2.439154e-01 4.311638e-01
         vertex 5.400000e-01 3.132860e-01 4.464847e-01
         vertex 5.400000e-01 2.338101e-01 4.540388e-01
      endloop
   endfacet
   facet normal 1.000000e+00 0.000000e+00 0.000000e+00
      outer loop
         vertex 5.400000e-01 2.439154e-01 4.311638e-01
         vertex 5.400000e-01 2.338101e-01 4.540388e-01
         vertex 5.400000e-01 2.150206e-01 4.553350e-01
      endloop
   endfacet
   facet normal 1.000000e+00 -0.000000e+00 0.000000e+00
      outer loop
         vertex 5.400000e-01 2.150206e-01 4.553350e-01
         vertex 5.400000e-01 2.338101e-01 4.540388e-01
         vertex 5.400000e-01 2.313871e-01 4.555304e-01
      endloop
   endfacet
   facet normal 1.000000e+00 -0.000000e+00 0.000000e+00
      outer loop
         vertex 5.400000e-01 3.110949e-01 3.905177e-01
         vertex 5.400000e-01 3.127849e-01 3.904538e-01
         vertex 5.400000e-01 3.223162e-01 4.004429e-01
      endloop
   endfacet
   facet normal 1.000000e+00 0.000000e+00 0.000000e+00
      outer loop
         vertex 5.400000e-01 3.223162e-01 4.004429e-01
         vertex 5.400000e-01 3.127849e-01 3.904538e-01
         vertex 5.400000e-01 3.144615e-01 3.906757e-01
      endloop
   endfacet
   facet normal 1.000000e+00 0.000000e+00 0.000000e+00
      outer loop
         vertex 5.400000e-01 3.223162e-01 4.004429e-01
         vertex 5.400000e-01 3.144615e-01 3.906757e-01
         vertex 5.400000e-01 3.160768e-01 3.911769e-01
      endloop
   endfacet
   facet normal 1.000000e+00 0.000000e+00 0.000000e+00
      outer loop
         vertex 5.400000e-01 3.160768e-01 3.911769e-01
         vertex 5.400000e-01 3.175845e-01 3.919431e-01
         vertex 5.400000e-01 3.223162e-01 4.004429e-01
      endloop
   endfacet
   facet normal 1.000000e+00 0.000000e+00 0.000000e+00
      outer loop
         vertex 5.400000e-01 3.223162e-01 4.004429e-01
         vertex 5.400000e-01 3.175845e-01 3.919431e-01
         vertex 5.400000e-01 3.189414e-01 3.929524e-01
      endloop
   endfacet
   facet normal 1.000000e+00 0.000000e+00 0.000000e+00
      outer loop
         vertex 5.400000e-01 3.223162e-01 4.004429e-01
         vertex 5.400000e-01 3.189414e-01 3.929524e-01
         vertex 5.400000e-01 3.201090e-01 3.941760e-01
      endloop
   endfacet
   facet normal 1.000000e+00 0.000000e+00 0.000000e+00
      outer loop
         vertex 5.400000e-01 3.201090e-01 3.941760e-01
         vertex 5.400000e-01 3.210536e-01 3.955788e-01
         vertex 5.400000e-01 3.223162e-01 4.004429e-01
      endloop
   endfacet
   facet normal 1.000000e+00 0.000000e+00 0.000000e+00
      outer loop
         vertex 5.400000e-01 3.223162e-01 4.004429e-01
         vertex 5.400000e-01 3.210536e-01 3.955788e-01
         vertex 5.400000e-01 3.217483e-01 3.971207e-01
      endloop
   endfacet
   facet normal 1.000000e+00 0.000000e+00 0.000000e+00
      outer loop
         vertex 5.400000e-01 3.223162e-01 4.004429e-01
         vertex 5.400000e-01 3.217483e-01 3.971207e-01
         vertex 5.400000e-01 3.221732e-01 3.987577e-01
      endloop
   endfacet
   facet normal 1.000000e+00 0.000000e+00 0.000000e+00
      outer loop
         vertex 5.400000e-01 1.112515e-01 6.930628e-01
         vertex 5.400000e-01 8.281558e-02 7.954550e-01
         vertex 5.400000e-01 1.105713e-01 6.928191e-01
      endloop
   endfacet
   facet normal 1.000000e+00 0.000000e+00 0.000000e+00
      outer loop
         vertex 5.400000e-01 1.105713e-01 6.928191e-01
         vertex 5.400000e-01 8.281558e-02 7.954550e-01
         vertex 5.400000e-01 8.217081e-02 7.625010e-01
      endloop
   endfacet
   facet normal 1.000000e+00 0.000000e+00 0.000000e+00
      outer loop
         vertex 5.400000e-01 1.105713e-01 6.928191e-01
         vertex 5.400000e-01 8.217081e-02 7.625010e-01
         vertex 5.400000e-01 1.096492e-01 6.923100e-01
      endloop
   endfacet
   facet normal 1.000000e+00 0.000000e+00 0.000000e+00
      outer loop
         vertex 5.400000e-01 1.096492e-01 6.923100e-01
         vertex 5.400000e-01 8.217081e-02 7.625010e-01
         vertex 5.400000e-01 8.396825e-02 7.303763e-01
      endloop
   endfacet
   facet normal 1.000000e+00 0.000000e+00 0.000000e+00
      outer loop
         vertex 5.400000e-01 1.096492e-01 6.923100e-01
         vertex 5.400000e-01 8.396825e-02 7.303763e-01
         vertex 5.400000e-01 1.085029e-01 6.914172e-01
      endloop
   endfacet
   facet normal 1.000000e+00 0.000000e+00 0.000000e+00
      outer loop
         vertex 5.400000e-01 9.143717e-02 8.524331e-01
         vertex 5.400000e-01 9.042114e-02 8.477299e-01
         vertex 5.400000e-01 9.273986e-02 8.296432e-01
      endloop
   endfacet
   facet normal 1.000000e+00 0.000000e+00 0.000000e+00
      outer loop
         vertex 5.400000e-01 9.273986e-02 8.296432e-01
         vertex 5.400000e-01 9.042114e-02 8.477299e-01
         vertex 5.400000e-01 8.548357e-02 8.211225e-01
      endloop
   endfacet
   facet normal 1.000000e+00 0.000000e+00 0.000000e+00
      outer loop
         vertex 5.400000e-01 9.273986e-02 8.296432e-01
         vertex 5.400000e-01 8.548357e-02 8.211225e-01
         vertex 5.400000e-01 9.663095e-02 8.071502e-01
      endloop
   endfacet
   facet normal 1.000000e+00 0.000000e+00 0.000000e+00
      outer loop
         vertex 5.400000e-01 9.663095e-02 8.071502e-01
         vertex 5.400000e-01 8.548357e-02 8.211225e-01
         vertex 5.400000e-01 8.281558e-02 7.954550e-01
      endloop
   endfacet
   facet normal 1.000000e+00 0.000000e+00 0.000000e+00
      outer loop
         vertex 5.400000e-01 9.663095e-02 8.071502e-01
         vertex 5.400000e-01 8.281558e-02 7.954550e-01
         vertex 5.400000e-01 1.030598e-01 7.852471e-01
      endloop
   endfacet
   facet normal 1.000000e+00 0.000000e+00 0.000000e+00
      outer loop
         vertex 5.400000e-01 1.030598e-01 7.852471e-01
         vertex 5.400000e-01 8.281558e-02 7.954550e-01
         vertex 5.400000e-01 1.118111e-01 6.931664e-01
      endloop
   endfacet
   facet normal 1.000000e+00 0.000000e+00 0.000000e+00
      outer loop
         vertex 5.400000e-01 1.030598e-01 7.852471e-01
         vertex 5.400000e-01 1.118111e-01 6.931664e-01
         vertex 5.400000e-01 1.122060e-01 6.931727e-01
      endloop
   endfacet
   facet normal 1.000000e+00 0.000000e+00 0.000000e+00
      outer loop
         vertex 5.400000e-01 1.017375e-01 6.769207e-01
         vertex 5.400000e-01 9.143717e-02 6.830000e-01
         vertex 5.400000e-01 1.004413e-01 6.664479e-01
      endloop
   endfacet
   facet normal 1.000000e+00 0.000000e+00 0.000000e+00
      outer loop
         vertex 5.400000e-01 1.256927e-01 5.756521e-01
         vertex 5.400000e-01 1.158496e-01 6.040567e-01
         vertex 5.400000e-01 1.109149e-01 6.103043e-01
      endloop
   endfacet
   facet normal 1.000000e+00 -0.000000e+00 0.000000e+00
      outer loop
         vertex 5.400000e-01 1.109149e-01 6.103043e-01
         vertex 5.400000e-01 1.158496e-01 6.040567e-01
         vertex 5.400000e-01 1.121922e-01 6.113867e-01
      endloop
   endfacet
   facet normal 1.000000e+00 0.000000e+00 -0.000000e+00
      outer loop
         vertex 5.400000e-01 1.109149e-01 6.103043e-01
         vertex 5.400000e-01 1.121922e-01 6.113867e-01
         vertex 5.400000e-01 1.059124e-01 6.273996e-01
      endloop
   endfacet
   facet normal 1.000000e+00 0.000000e+00 0.000000e+00
      outer loop
         vertex 5.400000e-01 1.030598e-01 7.852471e-01
         vertex 5.400000e-01 1.148928e-01 6.898461e-01
         vertex 5.400000e-01 1.165024e-01 6.844975e-01
      endloop
   endfacet
   facet normal 1.000000e+00 0.000000e+00 0.000000e+00
      outer loop
         vertex 5.400000e-01 1.119426e-01 7.642193e-01
         vertex 5.400000e-01 1.767323e-01 5.566926e-01
         vertex 5.400000e-01 1.231636e-01 7.443405e-01
      endloop
   endfacet
   facet normal 1.000000e+00 0.000000e+00 0.000000e+00
      outer loop
         vertex 5.400000e-01 1.231636e-01 7.443405e-01
         vertex 5.400000e-01 1.767323e-01 5.566926e-01
         vertex 5.400000e-01 1.770210e-01 5.567588e-01
      endloop
   endfacet
   facet normal 1.000000e+00 0.000000e+00 0.000000e+00
      outer loop
         vertex 5.400000e-01 1.231636e-01 7.443405e-01
         vertex 5.400000e-01 1.770210e-01 5.567588e-01
         vertex 5.400000e-01 1.771897e-01 5.567724e-01
      endloop
   endfacet
   facet normal 1.000000e+00 -0.000000e+00 -0.000000e+00
      outer loop
         vertex 5.400000e-01 1.771897e-01 5.567724e-01
         vertex 5.400000e-01 1.773017e-01 5.567649e-01
         vertex 5.400000e-01 1.231636e-01 7.443405e-01
      endloop
   endfacet
   facet normal 1.000000e+00 0.000000e+00 0.000000e+00
      outer loop
         vertex 5.400000e-01 1.231636e-01 7.443405e-01
         vertex 5.400000e-01 1.773017e-01 5.567649e-01
         vertex 5.400000e-01 1.774033e-01 5.567409e-01
      endloop
   endfacet
   facet normal 1.000000e+00 0.000000e+00 0.000000e+00
      outer loop
         vertex 5.400000e-01 1.231636e-01 7.443405e-01
         vertex 5.400000e-01 1.774033e-01 5.567409e-01
         vertex 5.400000e-01 1.776087e-01 5.566588e-01
      endloop
   endfacet
   facet normal 1.000000e+00 0.000000e+00 0.000000e+00
      outer loop
         vertex 5.400000e-01 1.787334e-01 5.557314e-01
         vertex 5.400000e-01 1.794827e-01 5.547780e-01
         vertex 5.400000e-01 3.132860e-01 4.464847e-01
      endloop
   endfacet
   facet normal 1.000000e+00 0.000000e+00 0.000000e+00
      outer loop
         vertex 5.400000e-01 3.132860e-01 4.464847e-01
         vertex 5.400000e-01 1.794827e-01 5.547780e-01
         vertex 5.400000e-01 1.807845e-01 5.525877e-01
      endloop
   endfacet
   facet normal 1.000000e+00 0.000000e+00 0.000000e+00
      outer loop
         vertex 5.400000e-01 3.132860e-01 4.464847e-01
         vertex 5.400000e-01 1.807845e-01 5.525877e-01
         vertex 5.400000e-01 1.828216e-01 5.479505e-01
      endloop
   endfacet
   facet normal 1.000000e+00 0.000000e+00 0.000000e+00
      outer loop
         vertex 5.400000e-01 2.313871e-01 4.555304e-01
         vertex 5.400000e-01 2.289929e-01 4.572057e-01
         vertex 5.400000e-01 2.150206e-01 4.553350e-01
      endloop
   endfacet
   facet normal 1.000000e+00 0.000000e+00 0.000000e+00
      outer loop
         vertex 5.400000e-01 2.150206e-01 4.553350e-01
         vertex 5.400000e-01 2.289929e-01 4.572057e-01
         vertex 5.400000e-01 2.217208e-01 4.633205e-01
      endloop
   endfacet
   facet normal 1.000000e+00 0.000000e+00 -0.000000e+00
      outer loop
         vertex 5.400000e-01 2.150206e-01 4.553350e-01
         vertex 5.400000e-01 2.217208e-01 4.633205e-01
         vertex 5.400000e-01 1.885278e-01 4.821173e-01
      endloop
   endfacet
   facet normal 1.000000e+00 0.000000e+00 0.000000e+00
      outer loop
         vertex 5.400000e-01 1.885278e-01 4.821173e-01
         vertex 5.400000e-01 2.217208e-01 4.633205e-01
         vertex 5.400000e-01 2.036072e-01 4.808288e-01
      endloop
   endfacet
   facet normal 1.000000e+00 -0.000000e+00 0.000000e+00
      outer loop
         vertex 5.400000e-01 1.885278e-01 4.821173e-01
         vertex 5.400000e-01 2.036072e-01 4.808288e-01
         vertex 5.400000e-01 1.906980e-01 4.955379e-01
      endloop
   endfacet
   facet normal 1.000000e+00 0.000000e+00 0.000000e+00
      outer loop
         vertex 5.400000e-01 1.646721e-01 5.112731e-01
         vertex 5.400000e-01 1.584939e-01 5.428138e-01
         vertex 5.400000e-01 1.436649e-01 5.425438e-01
      endloop
   endfacet
   facet normal 1.000000e+00 0.000000e+00 0.000000e+00
      outer loop
         vertex 5.400000e-01 1.436649e-01 5.425438e-01
         vertex 5.400000e-01 1.584939e-01 5.428138e-01
         vertex 5.400000e-01 1.546809e-01 5.464482e-01
      endloop
   endfacet
   facet normal 1.000000e+00 0.000000e+00 0.000000e+00
      outer loop
         vertex 5.400000e-01 1.030598e-01 7.852471e-01
         vertex 5.400000e-01 1.165024e-01 6.844975e-01
         vertex 5.400000e-01 1.767323e-01 5.566926e-01
      endloop
   endfacet
   facet normal 1.000000e+00 0.000000e+00 0.000000e+00
      outer loop
         vertex 5.400000e-01 1.767323e-01 5.566926e-01
         vertex 5.400000e-01 1.165024e-01 6.844975e-01
         vertex 5.400000e-01 1.178478e-01 6.764227e-01
      endloop
   endfacet
   facet normal 1.000000e+00 0.000000e+00 0.000000e+00
      outer loop
         vertex 5.400000e-01 1.767323e-01 5.566926e-01
         vertex 5.400000e-01 1.178478e-01 6.764227e-01
         vertex 5.400000e-01 1.763379e-01 5.565294e-01
      endloop
   endfacet
   facet normal 1.000000e+00 0.000000e+00 0.000000e+00
      outer loop
         vertex 5.400000e-01 1.763379e-01 5.565294e-01
         vertex 5.400000e-01 1.178478e-01 6.764227e-01
         vertex 5.400000e-01 1.212642e-01 6.477966e-01
      endloop
   endfacet
   facet normal 1.000000e+00 0.000000e+00 0.000000e+00
      outer loop
         vertex 5.400000e-01 1.763379e-01 5.565294e-01
         vertex 5.400000e-01 1.212642e-01 6.477966e-01
         vertex 5.400000e-01 1.758770e-01 5.562446e-01
      endloop
   endfacet
   facet normal 1.000000e+00 0.000000e+00 0.000000e+00
      outer loop
         vertex 5.400000e-01 1.758770e-01 5.562446e-01
         vertex 5.400000e-01 1.212642e-01 6.477966e-01
         vertex 5.400000e-01 1.258872e-01 6.251696e-01
      endloop
   endfacet
   facet normal 1.000000e+00 0.000000e+00 0.000000e+00
      outer loop
         vertex 5.400000e-01 1.758770e-01 5.562446e-01
         vertex 5.400000e-01 1.258872e-01 6.251696e-01
         vertex 5.400000e-01 1.752798e-01 5.557272e-01
      endloop
   endfacet
   facet normal 1.000000e+00 0.000000e+00 0.000000e+00
      outer loop
         vertex 5.400000e-01 1.752798e-01 5.557272e-01
         vertex 5.400000e-01 1.258872e-01 6.251696e-01
         vertex 5.400000e-01 1.341961e-01 5.978187e-01
      endloop
   endfacet
   facet normal 1.000000e+00 0.000000e+00 0.000000e+00
      outer loop
         vertex 5.400000e-01 1.752798e-01 5.557272e-01
         vertex 5.400000e-01 1.341961e-01 5.978187e-01
         vertex 5.400000e-01 1.745782e-01 5.548935e-01
      endloop
   endfacet
   facet normal 1.000000e+00 0.000000e+00 0.000000e+00
      outer loop
         vertex 5.400000e-01 1.745782e-01 5.548935e-01
         vertex 5.400000e-01 1.341961e-01 5.978187e-01
         vertex 5.400000e-01 1.442271e-01 5.724336e-01
      endloop
   endfacet
   facet normal 1.000000e+00 0.000000e+00 0.000000e+00
      outer loop
         vertex 5.400000e-01 1.745782e-01 5.548935e-01
         vertex 5.400000e-01 1.442271e-01 5.724336e-01
         vertex 5.400000e-01 1.737950e-01 5.535886e-01
      endloop
   endfacet
   facet normal 1.000000e+00 -0.000000e+00 -0.000000e+00
      outer loop
         vertex 5.400000e-01 1.125738e-01 6.931028e-01
         vertex 5.400000e-01 1.126996e-01 6.930434e-01
         vertex 5.400000e-01 1.030598e-01 7.852471e-01
      endloop
   endfacet
   facet normal 1.000000e+00 0.000000e+00 0.000000e+00
      outer loop
         vertex 5.400000e-01 1.030598e-01 7.852471e-01
         vertex 5.400000e-01 1.126996e-01 6.930434e-01
         vertex 5.400000e-01 1.129549e-01 6.928713e-01
      endloop
   endfacet
   facet normal 1.000000e+00 0.000000e+00 0.000000e+00
      outer loop
         vertex 5.400000e-01 1.030598e-01 7.852471e-01
         vertex 5.400000e-01 1.129549e-01 6.928713e-01
         vertex 5.400000e-01 1.132298e-01 6.926177e-01
      endloop
   endfacet
   facet normal 1.000000e+00 -0.000000e+00 -0.000000e+00
      outer loop
         vertex 5.400000e-01 1.132298e-01 6.926177e-01
         vertex 5.400000e-01 1.135430e-01 6.922597e-01
         vertex 5.400000e-01 1.030598e-01 7.852471e-01
      endloop
   endfacet
   facet normal 1.000000e+00 0.000000e+00 0.000000e+00
      outer loop
         vertex 5.400000e-01 1.030598e-01 7.852471e-01
         vertex 5.400000e-01 1.135430e-01 6.922597e-01
         vertex 5.400000e-01 1.141787e-01 6.913164e-01
      endloop
   endfacet
   facet normal 1.000000e+00 0.000000e+00 0.000000e+00
      outer loop
         vertex 5.400000e-01 1.030598e-01 7.852471e-01
         vertex 5.400000e-01 1.141787e-01 6.913164e-01
         vertex 5.400000e-01 1.148928e-01 6.898461e-01
      endloop
   endfacet
   facet normal 1.000000e+00 -0.000000e+00 -0.000000e+00
      outer loop
         vertex 5.400000e-01 1.776087e-01 5.566588e-01
         vertex 5.400000e-01 1.778478e-01 5.565184e-01
         vertex 5.400000e-01 1.231636e-01 7.443405e-01
      endloop
   endfacet
   facet normal 1.000000e+00 0.000000e+00 0.000000e+00
      outer loop
         vertex 5.400000e-01 1.231636e-01 7.443405e-01
         vertex 5.400000e-01 1.778478e-01 5.565184e-01
         vertex 5.400000e-01 1.781317e-01 5.563079e-01
      endloop
   endfacet
   facet normal 1.000000e+00 0.000000e+00 0.000000e+00
      outer loop
         vertex 5.400000e-01 1.231636e-01 7.443405e-01
         vertex 5.400000e-01 1.781317e-01 5.563079e-01
         vertex 5.400000e-01 3.064530e-01 4.590040e-01
      endloop
   endfacet
   facet normal 1.000000e+00 0.000000e+00 0.000000e+00
      outer loop
         vertex 5.400000e-01 3.064530e-01 4.590040e-01
         vertex 5.400000e-01 1.781317e-01 5.563079e-01
         vertex 5.400000e-01 3.132860e-01 4.464847e-01
      endloop
   endfacet
   facet normal 1.000000e+00 0.000000e+00 0.000000e+00
      outer loop
         vertex 5.400000e-01 1.546809e-01 5.464482e-01
         vertex 5.400000e-01 1.525058e-01 5.487958e-01
         vertex 5.400000e-01 1.436649e-01 5.425438e-01
      endloop
   endfacet
   facet normal 1.000000e+00 0.000000e+00 0.000000e+00
      outer loop
         vertex 5.400000e-01 1.436649e-01 5.425438e-01
         vertex 5.400000e-01 1.525058e-01 5.487958e-01
         vertex 5.400000e-01 1.445662e-01 5.589664e-01
      endloop
   endfacet
   facet normal 1.000000e+00 0.000000e+00 -0.000000e+00
      outer loop
         vertex 5.400000e-01 1.436649e-01 5.425438e-01
         vertex 5.400000e-01 1.445662e-01 5.589664e-01
         vertex 5.400000e-01 1.256927e-01 5.756521e-01
      endloop
   endfacet
   facet normal 1.000000e+00 -0.000000e+00 0.000000e+00
      outer loop
         vertex 5.400000e-01 1.256927e-01 5.756521e-01
         vertex 5.400000e-01 1.445662e-01 5.589664e-01
         vertex 5.400000e-01 1.287629e-01 5.821194e-01
      endloop
   endfacet
   facet normal 1.000000e+00 0.000000e+00 -0.000000e+00
      outer loop
         vertex 5.400000e-01 1.256927e-01 5.756521e-01
         vertex 5.400000e-01 1.287629e-01 5.821194e-01
         vertex 5.400000e-01 1.158496e-01 6.040567e-01
      endloop
   endfacet
   facet normal 1.000000e+00 0.000000e+00 0.000000e+00
      outer loop
         vertex 5.400000e-01 1.826890e-01 5.074751e-01
         vertex 5.400000e-01 1.766002e-01 5.204147e-01
         vertex 5.400000e-01 1.646721e-01 5.112731e-01
      endloop
   endfacet
   facet normal 1.000000e+00 0.000000e+00 0.000000e+00
      outer loop
         vertex 5.400000e-01 1.646721e-01 5.112731e-01
         vertex 5.400000e-01 1.766002e-01 5.204147e-01
         vertex 5.400000e-01 1.753900e-01 5.238547e-01
      endloop
   endfacet
   facet normal 1.000000e+00 0.000000e+00 -0.000000e+00
      outer loop
         vertex 5.400000e-01 1.646721e-01 5.112731e-01
         vertex 5.400000e-01 1.753900e-01 5.238547e-01
         vertex 5.400000e-01 1.584939e-01 5.428138e-01
      endloop
   endfacet
   facet normal 1.000000e+00 0.000000e+00 0.000000e+00
      outer loop
         vertex 5.400000e-01 1.584939e-01 5.428138e-01
         vertex 5.400000e-01 1.753900e-01 5.238547e-01
         vertex 5.400000e-01 1.725576e-01 5.353187e-01
      endloop
   endfacet
   facet normal 1.000000e+00 -0.000000e+00 0.000000e+00
      outer loop
         vertex 5.400000e-01 1.584939e-01 5.428138e-01
         vertex 5.400000e-01 1.725576e-01 5.353187e-01
         vertex 5.400000e-01 1.590938e-01 5.430087e-01
      endloop
   endfacet
   facet normal 1.000000e+00 -0.000000e+00 0.000000e+00
      outer loop
         vertex 5.400000e-01 1.590938e-01 5.430087e-01
         vertex 5.400000e-01 1.725576e-01 5.353187e-01
         vertex 5.400000e-01 1.718755e-01 5.432038e-01
      endloop
   endfacet
   facet normal 1.000000e+00 0.000000e+00 -0.000000e+00
      outer loop
         vertex 5.400000e-01 1.590938e-01 5.430087e-01
         vertex 5.400000e-01 1.718755e-01 5.432038e-01
         vertex 5.400000e-01 1.564285e-01 5.476544e-01
      endloop
   endfacet
   facet normal 1.000000e+00 -0.000000e+00 0.000000e+00
      outer loop
         vertex 5.400000e-01 1.564285e-01 5.476544e-01
         vertex 5.400000e-01 1.718755e-01 5.432038e-01
         vertex 5.400000e-01 1.722272e-01 5.482887e-01
      endloop
   endfacet
   facet normal 1.000000e+00 0.000000e+00 -0.000000e+00
      outer loop
         vertex 5.400000e-01 1.564285e-01 5.476544e-01
         vertex 5.400000e-01 1.722272e-01 5.482887e-01
         vertex 5.400000e-01 1.442271e-01 5.724336e-01
      endloop
   endfacet
   facet normal 1.000000e+00 0.000000e+00 0.000000e+00
      outer loop
         vertex 5.400000e-01 1.442271e-01 5.724336e-01
         vertex 5.400000e-01 1.722272e-01 5.482887e-01
         vertex 5.400000e-01 1.729708e-01 5.515367e-01
      endloop
   endfacet
   facet normal 1.000000e+00 0.000000e+00 0.000000e+00
      outer loop
         vertex 5.400000e-01 1.442271e-01 5.724336e-01
         vertex 5.400000e-01 1.729708e-01 5.515367e-01
         vertex 5.400000e-01 1.737950e-01 5.535886e-01
      endloop
   endfacet
   facet normal 1.000000e+00 -0.000000e+00 0.000000e+00
      outer loop
         vertex 5.400000e-01 9.095973e-02 6.846870e-01
         vertex 5.400000e-01 9.138660e-02 6.832138e-01
         vertex 5.400000e-01 1.054761e-01 6.874849e-01
      endloop
   endfacet
   facet normal 1.000000e+00 0.000000e+00 0.000000e+00
      outer loop
         vertex 5.400000e-01 1.054761e-01 6.874849e-01
         vertex 5.400000e-01 9.138660e-02 6.832138e-01
         vertex 5.400000e-01 9.143659e-02 6.830252e-01
      endloop
   endfacet
   facet normal 1.000000e+00 0.000000e+00 0.000000e+00
      outer loop
         vertex 5.400000e-01 1.054761e-01 6.874849e-01
         vertex 5.400000e-01 9.143659e-02 6.830252e-01
         vertex 5.400000e-01 1.036059e-01 6.834549e-01
      endloop
   endfacet
   facet normal 1.000000e+00 0.000000e+00 0.000000e+00
      outer loop
         vertex 5.400000e-01 1.036059e-01 6.834549e-01
         vertex 5.400000e-01 9.143659e-02 6.830252e-01
         vertex 5.400000e-01 9.143895e-02 6.830071e-01
      endloop
   endfacet
   facet normal 1.000000e+00 0.000000e+00 0.000000e+00
      outer loop
         vertex 5.400000e-01 1.036059e-01 6.834549e-01
         vertex 5.400000e-01 9.143895e-02 6.830071e-01
         vertex 5.400000e-01 1.017375e-01 6.769207e-01
      endloop
   endfacet
   facet normal 1.000000e+00 0.000000e+00 0.000000e+00
      outer loop
         vertex 5.400000e-01 1.017375e-01 6.769207e-01
         vertex 5.400000e-01 9.143895e-02 6.830071e-01
         vertex 5.400000e-01 9.143858e-02 6.830019e-01
      endloop
   endfacet
   facet normal 1.000000e+00 0.000000e+00 0.000000e+00
      outer loop
         vertex 5.400000e-01 1.828216e-01 5.479505e-01
         vertex 5.400000e-01 1.857246e-01 5.394378e-01
         vertex 5.400000e-01 3.132860e-01 4.464847e-01
      endloop
   endfacet
   facet normal 1.000000e+00 0.000000e+00 0.000000e+00
      outer loop
         vertex 5.400000e-01 3.132860e-01 4.464847e-01
         vertex 5.400000e-01 1.857246e-01 5.394378e-01
         vertex 5.400000e-01 1.932352e-01 5.186548e-01
      endloop
   endfacet
   facet normal 1.000000e+00 0.000000e+00 0.000000e+00
      outer loop
         vertex 5.400000e-01 3.132860e-01 4.464847e-01
         vertex 5.400000e-01 1.932352e-01 5.186548e-01
         vertex 5.400000e-01 2.021044e-01 5.005029e-01
      endloop
   endfacet
   facet normal 1.000000e+00 0.000000e+00 0.000000e+00
      outer loop
         vertex 5.400000e-01 2.021044e-01 5.005029e-01
         vertex 5.400000e-01 2.143965e-01 4.802448e-01
         vertex 5.400000e-01 3.132860e-01 4.464847e-01
      endloop
   endfacet
   facet normal 1.000000e+00 0.000000e+00 0.000000e+00
      outer loop
         vertex 5.400000e-01 3.132860e-01 4.464847e-01
         vertex 5.400000e-01 2.143965e-01 4.802448e-01
         vertex 5.400000e-01 2.283695e-01 4.614262e-01
      endloop
   endfacet
   facet normal 1.000000e+00 0.000000e+00 0.000000e+00
      outer loop
         vertex 5.400000e-01 3.132860e-01 4.464847e-01
         vertex 5.400000e-01 2.283695e-01 4.614262e-01
         vertex 5.400000e-01 2.335106e-01 4.553589e-01
      endloop
   endfacet
   facet normal 1.000000e+00 0.000000e+00 0.000000e+00
      outer loop
         vertex 5.400000e-01 1.085029e-01 6.914172e-01
         vertex 5.400000e-01 8.396825e-02 7.303763e-01
         vertex 5.400000e-01 1.071198e-01 6.899324e-01
      endloop
   endfacet
   facet normal 1.000000e+00 0.000000e+00 0.000000e+00
      outer loop
         vertex 5.400000e-01 1.071198e-01 6.899324e-01
         vertex 5.400000e-01 8.396825e-02 7.303763e-01
         vertex 5.400000e-01 8.818913e-02 6.986178e-01
      endloop
   endfacet
   facet normal 1.000000e+00 0.000000e+00 0.000000e+00
      outer loop
         vertex 5.400000e-01 1.071198e-01 6.899324e-01
         vertex 5.400000e-01 8.818913e-02 6.986178e-01
         vertex 5.400000e-01 1.054761e-01 6.874849e-01
      endloop
   endfacet
   facet normal 1.000000e+00 0.000000e+00 0.000000e+00
      outer loop
         vertex 5.400000e-01 1.054761e-01 6.874849e-01
         vertex 5.400000e-01 8.818913e-02 6.986178e-01
         vertex 5.400000e-01 9.076482e-02 6.855000e-01
      endloop
   endfacet
   facet normal 1.000000e+00 0.000000e+00 0.000000e+00
      outer loop
         vertex 5.400000e-01 1.054761e-01 6.874849e-01
         vertex 5.400000e-01 9.076482e-02 6.855000e-01
         vertex 5.400000e-01 9.095973e-02 6.846870e-01
      endloop
   endfacet
endsolid FrontWing